{"alt_epoch_loss":[4.605422324623654,4.605396951065367,4.605146886480069,4.506118199212701,4.174182375720808,3.933729156368409,3.697937906964904,3.4153046788729373,3.15948747309743,2.9199797792967632,2.7217378515547908,2.5614391959163036,2.362822624123388,2.193437373173041,2.007650990827537,1.8929817516723115,1.7807135498683586,1.6726598849377106,1.5298370022185808,1.4895397008017786],"async_period_mstimes":[],"async_period_values":[],"end_accuracy":-1,"epoch_accuracy":[0.0043,0.0465,0.04364,0.0413,0.0413,0.0413,0.0413,0.0413,0.0413,0.0413,0.0413,0.0413,0.0413,0.0413,0.0413,0.0413,0.0413,0.0413,0.0413],"epoch_loss":[4.605409072064327,4.6053746048009625,4.605037786467502,4.438175841486361,4.106657120830954,3.887383268233069,3.6402121471846276,3.354923216421523,3.1058108099593915,2.8711980067616794,2.6896884315371765,2.5169398485279713,2.339223382465343,2.1425476073136873,1.991566366424566,1.8468626018875054,1.7690896798281157,1.6485463056594922,1.5159562144174195],"epoch_mstimes":[16446,31231,46107,60771,75675,90537,105530,120462,135649,150788,165891,180798,196182,211589,227286,242934,258883,274779,291223],"epoch_tau_dist":[],"meta":{"batch_size":8,"dataset":"CIFAR100","dispatcher":"async","epoch_steps":16384,"exec_steps":16384,"learning_rate":0.0025,"momentum":0.5,"monitor":"window","num_epochs":19,"num_threads":128,"para_ctrl":"window","probe_steps":4096,"search_degree":2,"semisync_period":8000,"semisync_period_min":4,"semisync_reduce_period":4096,"semisync_reduce_step":1,"semisync_strat":"decay","semisync_win_loss_scalar":0.8999999761581421,"semisync_win_offset":16,"semisync_win_step":4,"window_size":4,"windowsearch_m0":64},"para_isprobing":[true,false,true,true,true,true,false,true,true,true,true,false,true,true,true,true,false,true,true,true,true,false,true,true,true,true,false,true,true,true,true,false,true,true,true,true,false,true,true,true,true,false,true,true,true,true,false,true,true],"para_mstimes":[1448,5345,20149,23788,27474,31230,35048,49794,53414,57076,60775,64550,79396,83058,86773,90549,94382,109262,112945,116682,120472,124311,139445,143180,146966,150815,154728,169645,173304,177041,180827,184671,200064,203858,207716,211629,215605,231246,235089,239012,242983,247026,262906,266810,270793,274833,278942,295392,299419],"para_stepinds":[0,4103,20488,24586,28675,32780,36875,53261,57360,61457,65548,69648,86038,90133,94224,98321,102418,118799,122900,126997,131094,135193,151576,155673,159776,163873,167970,184356,188447,192556,196647,200739,217126,221225,225329,229425,233527,249907,254005,258107,262202,266300,282680,286776,290880,294972,299070,315454,319545],"para_values":[62,62,63,62,61,60,62,63,62,61,60,61,62,61,60,59,61,62,61,60,59,60,61,60,59,58,61,62,61,60,59,59,60,59,58,57,58,59,58,57,56,57,58,57,56,55,55,56,55],"step_acceptance_rate":1.0,"steptimes":[],"tau_dist":[1,1,1,1,1,1,1,1,1,1,1,1,1,2,2,2,2,2,2,2,2,2,2,2,2,2,2,2,2,4,5,4,5,8,10,11,22,43,74,161,349,661,1116,1893,3127,4670,6906,9895,13465,17398,21450,25408,28653,30991,31711,30346,27743,23269,17916,12445,7349,2702,317,0,0,0,0,0,0,0,0,0,0,0,0,0,0,0,0,0,0,0,0,0,0,0,0,0,0,0,0,0,0,0,0,0,0,0,0,0,0,0,0,0,0,0,0,0,0,0,0,0,0,0,0,0,0,0,0,0,0,0,0,0,0,0,0,0,0,0,0,0,0,0,0,0,0,0,0,0,0,0,0,0,0,0,0,0,0,0,0,0,0,0,0,0,0,0,0,0,0,0,0,0,0,0,0,0,0,0,0,0,0,0,0,0,0,0,0,0,0,0,0,0,0,0,0,0,0,0,0,0,0,0,0,0,0,0,0,0,0,0,0,0,0,0,0,0,0,0,0,0,0,0,0,0,0,0,0,0,0,0,0,0,0,0,0,0,0,0,0,0,0,0,0,0,0,0,0,0,0,0,0,0,0,0,0,0,0,0,0,0,0,0,0,0,0,0,0,0,0,0,0,0,0,0,0,0,0,0,0,0,0,0,0,0,0,0,0,0,0,0,0,0,0,0,0,0,0,0,0,0,0,0,0,0,0,0,0,0,0,0,0,0,0,0,0,0,0,0,0,0,0,0,0,0,0,0,0,0,0,0,0,0,0,0,0,0,0,0,0,0,0,0,0,0,0,0,0,0,0,0,0,0,0,0,0,0,0,0,0,0,0,0,0,0,0,0,0,0,0,0,0,0,0,0,0,0,0,0,0,0,0,0,0,0,0,0,0,0,0,0,0,0,0,0,0,0,0,0,0,0,0,0,0,0,0,0,0,0,0,0,0,0,0,0,0,0,0,0,0,0,0,0,0,0,0,0,0,0,0,0,0,0,0,0,0,0,0,0,0,0,0,0,0,0,0,0,0,0,0,0,0,0,0,0,0,0,0,0,0,0,0,0,0,0,0,0,0,0,0,0,0,0,0,0,0,0,0,0,0,0,0,0,0,0,0,0,0,0,0,0,0,0,0,0,0,0,0,0,0,0,0,0,0,0,0,0,0,0,0,0,0,0,0,0,0,0,0,0,0,0]}