{"alt_epoch_loss":[4.60541962991695,4.605396539765336,4.605104000044459,4.4931743518545035,4.157875148105902,3.9149251438054575,3.6612811283896955,3.3955069018738566,3.1215620083895805,2.907459903776672,2.730273484039559,2.5058388072635656,2.342921620914919,2.2074998906908205,2.034443205812169,1.9220473364731456,1.8395307576828257,1.6426968719288935,1.5490806564832902,1.5064826018619657],"async_period_mstimes":[],"async_period_values":[],"end_accuracy":-1,"epoch_accuracy":[0.00402,0.04516,0.04414,0.04234,0.04234,0.04234,0.04234,0.04234,0.04234,0.04234,0.04234,0.04234,0.04234,0.04234,0.04234,0.04234,0.04234,0.04234,0.04234],"epoch_loss":[4.605410044640604,4.605383989453293,4.6049708254337345,4.419376453848598,4.095370453952723,3.865742194323927,3.60429434975862,3.335790780586888,3.0670216506350942,2.8625654293987624,2.6927808893772984,2.4641481848347233,2.31638941395243,2.1842901416025757,1.9971168427377497,1.9137335497116188,1.8050468571230607,1.6104822884699244,1.5455015168522968],"epoch_mstimes":[16913,31820,47412,63576,79288,95857,111697,126722,142517,158001,172798,188350,203939,218979,234748,250414,265435,281228,296895],"epoch_tau_dist":[],"meta":{"batch_size":8,"dataset":"CIFAR100","dispatcher":"async","epoch_steps":16384,"exec_steps":16384,"learning_rate":0.0025,"momentum":0.5,"monitor":"window","num_epochs":19,"num_threads":128,"para_ctrl":"window","probe_steps":4096,"search_degree":2,"semisync_period":8000,"semisync_period_min":4,"semisync_reduce_period":4096,"semisync_reduce_step":1,"semisync_strat":"decay","semisync_win_loss_scalar":0.8999999761581421,"semisync_win_offset":16,"semisync_win_step":4,"window_size":8,"windowsearch_m0":64},"para_isprobing":[true,false,true,true,true,true,true,true,true,true,false,true,true,true,true,true,true,true,true,false,true,true,true,true,true,true,true,true,false,true,true,true,true,true,true,true,true,false,true,true,true,true,true,true,true,true,false,true,true,true,true,true,true,true,true,false],"para_mstimes":[1450,5454,20724,24359,28062,31819,35627,39498,43433,47424,51476,67612,71447,75339,79298,83331,87436,91623,95869,100196,115563,119231,122961,126738,130595,134504,138487,142535,146646,161804,165424,169099,172818,176610,180453,184377,188370,192419,207816,211499,215220,219002,222838,226756,230737,234776,238901,254283,257960,261687,265472,269315,273243,277225,281276,285386],"para_stepinds":[0,4101,20485,24581,28674,32780,36869,40973,45064,49162,53265,69649,73741,77843,81933,86030,90127,94229,98325,102417,118808,122900,126999,131095,135198,139289,143380,147480,151576,167968,172066,176156,180257,184355,188443,192540,196642,200736,217117,221220,225314,229408,233503,237605,241702,245795,249896,266278,270380,274480,278574,282666,286764,290863,294963,299056],"para_values":[60,60,63,62,61,60,59,58,57,56,56,59,58,57,56,55,54,53,52,59,62,61,60,59,58,57,56,55,60,63,62,61,60,59,58,57,56,59,62,61,60,59,58,57,56,55,59,62,61,60,59,58,57,56,55,59],"step_acceptance_rate":1.0,"steptimes":[],"tau_dist":[1,1,1,1,1,1,1,1,1,1,1,1,1,1,1,1,1,1,1,1,1,1,2,3,2,2,4,6,4,5,8,13,15,11,23,45,57,105,183,376,603,1019,1743,2807,4289,6365,9071,12688,16741,21042,25323,28582,30704,31232,30109,27139,22507,17851,12747,6497,2920,1464,341,0,0,0,0,0,0,0,0,0,0,0,0,0,0,0,0,0,0,0,0,0,0,0,0,0,0,0,0,0,0,0,0,0,0,0,0,0,0,0,0,0,0,0,0,0,0,0,0,0,0,0,0,0,0,0,0,0,0,0,0,0,0,0,0,0,0,0,0,0,0,0,0,0,0,0,0,0,0,0,0,0,0,0,0,0,0,0,0,0,0,0,0,0,0,0,0,0,0,0,0,0,0,0,0,0,0,0,0,0,0,0,0,0,0,0,0,0,0,0,0,0,0,0,0,0,0,0,0,0,0,0,0,0,0,0,0,0,0,0,0,0,0,0,0,0,0,0,0,0,0,0,0,0,0,0,0,0,0,0,0,0,0,0,0,0,0,0,0,0,0,0,0,0,0,0,0,0,0,0,0,0,0,0,0,0,0,0,0,0,0,0,0,0,0,0,0,0,0,0,0,0,0,0,0,0,0,0,0,0,0,0,0,0,0,0,0,0,0,0,0,0,0,0,0,0,0,0,0,0,0,0,0,0,0,0,0,0,0,0,0,0,0,0,0,0,0,0,0,0,0,0,0,0,0,0,0,0,0,0,0,0,0,0,0,0,0,0,0,0,0,0,0,0,0,0,0,0,0,0,0,0,0,0,0,0,0,0,0,0,0,0,0,0,0,0,0,0,0,0,0,0,0,0,0,0,0,0,0,0,0,0,0,0,0,0,0,0,0,0,0,0,0,0,0,0,0,0,0,0,0,0,0,0,0,0,0,0,0,0,0,0,0,0,0,0,0,0,0,0,0,0,0,0,0,0,0,0,0,0,0,0,0,0,0,0,0,0,0,0,0,0,0,0,0,0,0,0,0,0,0,0,0,0,0,0,0,0,0,0,0,0,0,0,0,0,0,0,0,0,0,0,0,0,0,0,0,0,0,0,0,0,0,0,0,0,0,0,0,0,0,0,0,0,0,0,0,0,0,0,0,0,0,0,0,0,0,0,0,0,0,0,0,0,0,0,0,0,0,0]}