{"alt_epoch_loss":[4.60539511391227,4.605356313227855,4.605100102326017,4.501751269927098,4.206893022469207,3.983396544648986,3.821755134996719,3.607379982768649,3.3769143376085107,3.145135278369373,2.9207069721651995,2.734628438049231,2.5589471461327498,2.4245603893364223,2.245986679117659,2.1310868753335233,1.9597459774472568,1.8028364154091203,1.681167041864852,1.5440532177479163,1.5410600916775266,1.4054744857011823,1.3582034405209351,1.2604787763023457,1.2541327328922836,1.160314230792358,1.0353446276660905,0.9867012506870354,0.8503661290930574,0.784534408865975,0.6742231423076158,0.6304707042438145],"async_period_mstimes":[11334,20904,30654,40234,49957,59568,69303,78920,88723,107948,117394,127098,136702,146259,155998,165648,175205,184696,194411,213416,222956,232445,241911,251657,261347,271007,280608,290241,299796],"async_period_values":[536.0,528.0,520.0,512.0,504.0,496.0,488.0,480.0,512.0,532.0,527.0,522.0,517.0,512.0,507.0,502.0,497.0,492.0,507.0,518.0,516.0,514.0,512.0,510.0,508.0,506.0,504.0,502.0,508.0],"end_accuracy":-1,"epoch_accuracy":[0.00818,0.04268,0.03796,0.03646,0.03646,0.03646,0.03646,0.03646,0.03646,0.03646,0.03646,0.03646,0.03646,0.03646,0.03646,0.03646,0.03646,0.03646,0.03646,0.03646,0.03646,0.03646,0.03646,0.03646,0.03646,0.03646,0.03646,0.03646,0.03646,0.03646,0.03646],"epoch_loss":[4.605415218179923,4.605393355115949,4.604937605816677,4.432974322720956,4.145371156099402,3.9421914087451224,3.783203370145706,3.5605995004305777,3.319673456266614,3.090926456036495,2.886166347393859,2.694059953316445,2.5141189674220494,2.40001019579632,2.2162149442821386,2.1041428473838395,1.9040965630033309,1.8028842978285207,1.6412521310251502,1.5332845330849023,1.5461490426210998,1.3832650405928952,1.3161476127773128,1.2769831163034544,1.2519770274211794,1.1332290813043453,0.9661148438785945,0.9198462521594346,0.8303384551859105,0.7370664898830971,0.6602458872460831],"epoch_mstimes":[11111,20513,29968,39431,48863,58301,67762,77291,86843,96297,105757,115155,124565,133976,143452,152895,162323,171811,181252,190793,200232,209719,219161,228546,237963,247407,256845,266269,275729,285193,294675],"epoch_tau_dist":[],"meta":{"batch_size":8,"dataset":"CIFAR100","dispatcher":"semisync","epoch_steps":16384,"exec_steps":512,"learning_rate":0.0025,"momentum":0.5,"monitor":"window","num_epochs":31,"num_threads":128,"para_ctrl":"static","probe_steps":128,"search_degree":2,"semisync_period":512,"semisync_period_min":4,"semisync_reduce_period":4096,"semisync_reduce_step":1,"semisync_strat":"probe","semisync_win_loss_scalar":0.8999999761581421,"semisync_win_offset":32,"semisync_win_step":8,"window_size":8,"windowsearch_m0":64},"para_isprobing":[],"para_mstimes":[],"para_stepinds":[],"para_values":[],"step_acceptance_rate":0.8144819106007862,"steptimes":[],"tau_dist":[1013,1013,1013,1015,1013,1014,1015,1013,1014,1014,1014,1013,1013,1014,1014,1013,1014,1013,1013,1014,1013,1013,1014,1013,1013,1013,1014,1013,1014,1014,1014,1013,1013,1013,1014,1013,1014,1013,1013,1014,1013,1013,1015,1013,1013,1013,1013,1013,1013,1014,1014,1013,1014,1014,1015,1014,1015,1014,1015,1014,1015,1015,1015,1015,1013,1015,1014,1014,1015,1014,1014,1014,1017,1015,1017,1018,1019,1020,1020,1021,1022,1028,1031,1036,1049,1064,1080,1105,1167,1208,1270,1381,1469,1659,1879,2121,2440,2886,3372,4055,4776,5722,6831,8185,9406,10954,12639,14486,16238,18048,19702,21272,22300,23104,23672,23742,23508,22672,21095,19280,17415,14954,12505,10179,7881,5672,3847,2229,231,122,67,39,34,20,17,10,4,1,2,1,0,0,0,0,0,0,0,0,0,0,0,0,0,0,0,0,0,0,0,0,0,0,0,0,0,0,0,0,0,0,0,0,0,0,0,0,0,0,0,0,0,0,0,0,0,0,0,0,0,0,0,0,0,0,0,0,0,0,0,0,0,0,0,0,0,0,0,0,0,0,0,0,0,0,0,0,0,0,0,0,0,0,0,0,0,0,0,0,0,0,0,0,0,0,0,0,0,0,0,0,0,0,0,0,0,0,0,0,0,0,0,0,0,0,0,0,0,0,0,0,0,0,0,0,0,0,0,0,0,0,0,0,0,0,0,0,0,0,0,0,0,0,0,0,0,0,0,0,0,0,0,0,0,0,0,0,0,0,0,0,0,0,0,0,0,0,0,0,0,0,0,0,0,0,0,0,0,0,0,0,0,0,0,0,0,0,0,0,0,0,0,0,0,0,0,0,0,0,0,0,0,0,0,0,0,0,0,0,0,0,0,0,0,0,0,0,0,0,0,0,0,0,0,0,0,0,0,0,0,0,0,0,0,0,0,0,0,0,0,0,0,0,0,0,0,0,0,0,0,0,0,0,0,0,0,0,0,0,0,0,0,0,0,0,0,0,0,0,0,0,0,0,0,0,0,0,0,0,0,0,0,0,0,0,0,0,0,0,0,0,0,0,0,0,0,0,0,0,0,0,0,0,0,0,0,0,0,0,0,0,0,0,0,0,0,0,0,0,0,0,0,0,0,0,0,0,0,0,0,0,0,0,0,0,0,0,0,0,0,0,0,0,0,0,0,0,0,0,0,0,0,0,0,0,0,0,0,0,0,0,0,0,0,0,0,0,0,0,0,0,0,0]}