{"alt_epoch_loss":[4.605421721071634,4.605398111546723,4.605143001899761,4.504418563152521,4.167759884937911,3.9249155657166814,3.6821717327554313,3.4088576874749106,3.1269331006965335,2.9122098445645714,2.729447102825867,2.5159505154180386,2.356969792627603,2.2165275130192765,2.0232532232581666,1.8612806546009106,1.7703120363657536,1.5654245228538624,1.512956901295045],"async_period_mstimes":[],"async_period_values":[],"end_accuracy":-1,"epoch_accuracy":[0.0045,0.04578,0.04542,0.04362,0.04362,0.04362,0.04362,0.04362,0.04362,0.04362,0.04362,0.04362,0.04362,0.04362,0.04362,0.04362,0.04362,0.04362],"epoch_loss":[4.605405488329138,4.605380180263987,4.60502544918045,4.435709647969655,4.102786531294416,3.88032930011368,3.6246717811133253,3.34172286905696,3.066757337736284,2.875526555332397,2.6881190389832983,2.4800712822596602,2.3308983986508363,2.180513029044231,1.9810962964789844,1.855692453585004,1.7423902504239035,1.5417796778161201],"epoch_mstimes":[16896,31820,47421,63584,79312,95855,111697,126705,142494,157973,172770,188306,203895,218933,234705,251181,267219,284137],"epoch_tau_dist":[],"meta":{"batch_size":8,"dataset":"CIFAR100","dispatcher":"async","epoch_steps":16384,"exec_steps":16384,"learning_rate":0.0025,"momentum":0.5,"monitor":"window","num_epochs":18,"num_threads":128,"para_ctrl":"window","probe_steps":4096,"search_degree":2,"semisync_period":8000,"semisync_period_min":4,"semisync_reduce_period":4096,"semisync_reduce_step":1,"semisync_strat":"decay","semisync_win_loss_scalar":0.8999999761581421,"semisync_win_offset":16,"semisync_win_step":4,"window_size":8,"windowsearch_m0":64},"para_isprobing":[true,false,true,true,true,true,true,true,true,true,false,true,true,true,true,true,true,true,true,false,true,true,true,true,true,true,true,true,false,true,true,true,true,true,true,true,true,false,true,true,true,true,true,true,true,true,false,true,true,true,true,true,true,true,true,false],"para_mstimes":[1457,5447,20716,24356,28060,31819,35627,39490,43424,47421,51477,67625,71467,75362,79317,83338,87443,91612,95862,100202,115550,119217,122930,126725,130559,134485,138468,142529,146635,161796,165414,169077,172801,176599,180443,184355,188340,192386,207781,211456,215182,218970,222823,226728,230706,234748,238873,255331,259245,263225,267267,271388,275578,279848,284193,288615],"para_stepinds":[0,4100,20488,24577,28678,32777,36875,40969,45066,49157,53258,69650,73740,77834,81930,86029,90126,94221,98320,102416,118813,122895,126994,131090,135184,139294,143395,147495,151582,167973,172071,176160,180261,184356,188450,192550,196650,200743,217127,221222,225321,229418,233520,237614,241712,245807,249907,266288,270385,274484,278584,282680,286778,290873,294971,299065],"para_values":[60,60,63,62,61,60,59,58,57,56,56,59,58,57,56,55,54,53,52,59,62,61,60,59,58,57,56,55,60,63,62,61,60,59,58,57,56,59,62,61,60,59,58,57,56,55,55,58,57,56,55,54,53,52,51,55],"step_acceptance_rate":1.0,"steptimes":[],"tau_dist":[1,1,1,1,1,1,1,1,1,1,1,1,1,1,1,1,1,1,1,1,1,1,1,2,2,2,2,2,2,2,3,6,9,19,41,71,128,235,404,643,1021,1707,2782,4276,6267,8824,12107,15651,19504,22898,26009,28349,29361,28837,26659,22515,18164,14334,10087,5691,2430,1130,257,0,0,0,0,0,0,0,0,0,0,0,0,0,0,0,0,0,0,0,0,0,0,0,0,0,0,0,0,0,0,0,0,0,0,0,0,0,0,0,0,0,0,0,0,0,0,0,0,0,0,0,0,0,0,0,0,0,0,0,0,0,0,0,0,0,0,0,0,0,0,0,0,0,0,0,0,0,0,0,0,0,0,0,0,0,0,0,0,0,0,0,0,0,0,0,0,0,0,0,0,0,0,0,0,0,0,0,0,0,0,0,0,0,0,0,0,0,0,0,0,0,0,0,0,0,0,0,0,0,0,0,0,0,0,0,0,0,0,0,0,0,0,0,0,0,0,0,0,0,0,0,0,0,0,0,0,0,0,0,0,0,0,0,0,0,0,0,0,0,0,0,0,0,0,0,0,0,0,0,0,0,0,0,0,0,0,0,0,0,0,0,0,0,0,0,0,0,0,0,0,0,0,0,0,0,0,0,0,0,0,0,0,0,0,0,0,0,0,0,0,0,0,0,0,0,0,0,0,0,0,0,0,0,0,0,0,0,0,0,0,0,0,0,0,0,0,0,0,0,0,0,0,0,0,0,0,0,0,0,0,0,0,0,0,0,0,0,0,0,0,0,0,0,0,0,0,0,0,0,0,0,0,0,0,0,0,0,0,0,0,0,0,0,0,0,0,0,0,0,0,0,0,0,0,0,0,0,0,0,0,0,0,0,0,0,0,0,0,0,0,0,0,0,0,0,0,0,0,0,0,0,0,0,0,0,0,0,0,0,0,0,0,0,0,0,0,0,0,0,0,0,0,0,0,0,0,0,0,0,0,0,0,0,0,0,0,0,0,0,0,0,0,0,0,0,0,0,0,0,0,0,0,0,0,0,0,0,0,0,0,0,0,0,0,0,0,0,0,0,0,0,0,0,0,0,0,0,0,0,0,0,0,0,0,0,0,0,0,0,0,0,0,0,0,0,0,0,0,0,0,0,0,0,0,0,0,0,0,0,0,0,0,0,0,0,0,0,0,0]}