{"alt_epoch_loss":[4.605416292340598,4.6053875137262805,4.605085683176301,4.497197939841414,4.191696685008062,3.9720515494884476,3.780547618081844,3.542939530428774,3.307448549824418,3.081707655498372,2.877456069621875,2.701354412059588,2.5314861676202,2.384307071462573,2.243883974602283,2.119074794912641,2.016415247203327,1.8909197930606116,1.7693998035796599,1.6820506531349195,1.5867360176701268,1.5095162187847333,1.4283035355227847,1.3129404636570294,1.2494944837154534,1.195985116202462,1.1270243428697848,1.1005478551432115,1.1090652926897837,1.0354717746703388,0.9268074448175998],"async_period_mstimes":[],"async_period_values":[],"end_accuracy":-1,"epoch_accuracy":[0.00596,0.04412,0.03878,0.03556,0.03556,0.03556,0.03556,0.03556,0.03556,0.03556,0.03556,0.03556,0.03556,0.03556,0.03556,0.03556,0.03556,0.03556,0.03556,0.03556,0.03556,0.03556,0.03556,0.03556,0.03556,0.03556,0.03556,0.03556,0.03556,0.03556],"epoch_loss":[4.605397749059743,4.6053723166685065,4.6049407840421415,4.426556487948759,4.137268094446159,3.9304076333619933,3.7367487829864885,3.4946420827575797,3.2501576526893308,3.034497403254535,2.8448405397145913,2.673076771743137,2.497032162246635,2.3603935804166647,2.225561060028689,2.1034847973755926,1.9780104068988782,1.876554892528832,1.759455316903476,1.6544834561035162,1.5670381195693879,1.4952132115124506,1.4067492321264374,1.3163464511432064,1.2239710943700646,1.1696244396905182,1.1069848643404716,1.1138147358549453,1.1003925933438325,1.0025214978436718],"epoch_mstimes":[11505,21364,31218,41015,50783,60563,70354,80143,89944,99747,109551,119365,129168,138991,148798,158619,168417,178219,188022,197807,207605,217381,227173,236959,246726,256503,266299,276089,285877,295641],"epoch_tau_dist":[],"meta":{"batch_size":8,"dataset":"CIFAR100","dispatcher":"async","epoch_steps":16384,"exec_steps":512,"learning_rate":0.0025,"momentum":0.5,"monitor":"window","num_epochs":30,"num_threads":96,"para_ctrl":"static","probe_steps":128,"search_degree":2,"semisync_period":8000,"semisync_period_min":4,"semisync_reduce_period":4096,"semisync_reduce_step":1,"semisync_strat":"decay","semisync_win_loss_scalar":0.8999999761581421,"semisync_win_offset":16,"semisync_win_step":4,"window_size":8,"windowsearch_m0":48},"para_isprobing":[],"para_mstimes":[],"para_stepinds":[],"para_values":[],"step_acceptance_rate":1.0,"steptimes":[],"tau_dist":[1,1,1,1,1,1,1,1,1,1,1,1,1,1,1,1,1,1,1,1,1,1,1,1,1,1,1,1,1,1,1,1,1,1,1,1,1,1,1,1,2,1,1,2,2,2,2,2,2,3,3,5,5,4,2,3,3,3,7,9,12,8,24,34,43,93,109,161,252,367,583,929,1436,2188,3188,4649,6679,9237,12006,15651,19523,24026,28357,32835,36267,38614,40257,40051,38185,35177,30935,25904,20471,15121,10087,5284,24,8,8,3,1,1,2,0,1,0,0,0,1,0,1,0,0,0,0,0,0,0,0,0,0,0,0,0,0,0,0,0,0,0,0,0,0,0,0,0,0,0,0,0,0,0,0,0,0,0,0,0,0,0,0,0,0,0,0,0,0,0,0,0,0,0,0,0,0,0,0,0,0,0,0,0,0,0,0,0,0,0,0,0,0,0,0,0,0,0,0,0,0,0,0,0,0,0,0,0,0,0,0,0,0,0,0,0,0,0,0,0,0,0,0,0,0,0,0,0,0,0,0,0,0,0,0,0,0,0,0,0,0,0,0,0,0,0,0,0,0,0,0,0,0,0,0,0,0,0,0,0,0,0,0,0,0,0,0,0,0,0,0,0,0,0,0,0,0,0,0,0,0,0,0,0,0,0,0,0,0,0,0,0,0,0,0,0,0,0,0,0,0,0,0,0,0,0,0,0,0,0,0,0,0,0,0,0,0,0,0,0,0,0,0,0,0,0,0,0,0,0,0,0,0,0,0,0,0,0,0,0,0,0,0,0,0,0,0,0,0,0,0,0,0,0,0,0,0,0,0,0,0,0,0,0,0,0,0,0,0,0,0,0,0,0,0,0,0,0,0,0,0,0,0,0,0,0,0,0,0,0,0,0,0,0,0,0,0,0,0,0,0,0,0,0,0,0,0,0,0,0,0,0,0,0,0,0,0,0,0,0,0,0,0,0,0,0,0,0,0,0,0,0,0,0,0,0,0,0,0,0,0,0,0,0,0,0,0,0,0,0,0,0,0,0,0,0,0,0,0,0,0,0,0,0,0,0,0,0,0,0,0,0,0,0,0,0,0,0,0,0,0,0,0,0,0,0,0,0,0,0,0,0,0,0,0,0,0,0,0,0,0,0,0,0,0,0,0,0,0,0,0,0,0,0,0,0,0,0,0,0,0,0,0,0]}