{"alt_epoch_loss":[4.605415958380072,4.605381528254997,4.60507846301298,4.5004311837251425,4.229132137132669,4.017767277655708,3.846575881697933,3.646038315134425,3.4166470220182235,3.20286305960814,2.9908370542392437,2.8126039840083292,2.6472419279883823,2.496330280896518,2.3584138678328617,2.21807431866162,2.1248987309872724,2.015195171743997,1.8928865548292286,1.8064840524245631,1.7394935196013477,1.6347727529730163,1.5619666228413922,1.4716075023338937,1.419161904523321,1.3530762813622177,1.3060739645756063,1.2663491115369767,1.1694333510273989,1.1374673779446467,1.1016149762412735,1.0094593601190203,0.9343398162551689,0.9357161704748294,0.9249244393015691,0.8169892227689509,0.7841030941566326,0.8428111494416567],"async_period_mstimes":[],"async_period_values":[],"end_accuracy":-1,"epoch_accuracy":[0.0106,0.0394,0.03518,0.03254,0.03254,0.03254,0.03254,0.03254,0.03254,0.03254,0.03254,0.03254,0.03254,0.03254,0.03254,0.03254,0.03254,0.03254,0.03254,0.03254,0.03254,0.03254,0.03254,0.03254,0.03254,0.03254,0.03254,0.03254,0.03254,0.03254,0.03254,0.03254,0.03254,0.03254,0.03254,0.03254,0.03254],"epoch_loss":[4.605399624859956,4.605353307446305,4.604924229528226,4.43297232265366,4.173760700235854,3.9802390703874413,3.814900806851685,3.6031833185599,3.364338984937228,3.169517133791982,2.9625595033867294,2.787258518211753,2.6061359248437608,2.470144078548845,2.3352955155299404,2.1822222834059803,2.0936680424311027,2.017174660618075,1.8576062643798588,1.7916341472732347,1.7358682876699352,1.6117483707062998,1.5591415374779662,1.4492524270670164,1.4013466879311678,1.3326057324840608,1.2969655087606407,1.2684650347190023,1.1507355407111477,1.1058836641129688,1.1053916712168084,0.9781285050221467,0.9240794371776019,0.9428463939010154,0.9281912247929881,0.8096052532321671,0.7787209414698377],"epoch_mstimes":[9586,17501,25401,33292,41162,49023,56871,64756,72631,80494,88388,96276,104158,112018,119904,127757,135617,143461,151348,159223,167071,174950,182810,190675,198524,206368,214211,222064,229905,237765,245646,253484,261335,269196,277066,284921,292748],"epoch_tau_dist":[],"meta":{"batch_size":8,"dataset":"CIFAR100","dispatcher":"async","epoch_steps":16384,"exec_steps":512,"learning_rate":0.0025,"momentum":0.5,"monitor":"window","num_epochs":37,"num_threads":128,"para_ctrl":"static","probe_steps":128,"search_degree":2,"semisync_period":8000,"semisync_period_min":4,"semisync_reduce_period":4096,"semisync_reduce_step":1,"semisync_strat":"decay","semisync_win_loss_scalar":0.8999999761581421,"semisync_win_offset":16,"semisync_win_step":4,"window_size":8,"windowsearch_m0":64},"para_isprobing":[],"para_mstimes":[],"para_stepinds":[],"para_values":[],"step_acceptance_rate":1.0,"steptimes":[],"tau_dist":[1,1,1,1,1,1,1,1,1,1,1,1,1,1,1,1,1,1,1,1,1,1,1,1,1,1,1,1,1,1,1,1,1,1,1,1,1,1,1,1,1,1,1,1,1,1,1,1,1,1,1,1,1,1,2,2,2,2,2,2,3,2,2,2,2,2,3,2,2,2,2,2,2,2,2,3,3,3,4,4,4,7,7,17,21,29,40,65,71,128,198,294,443,571,835,1152,1569,2131,2807,3769,5010,6385,8102,10183,12507,15072,17886,21105,24132,27500,29993,32866,35120,36781,37866,37692,37062,35558,33440,30366,26922,23178,19039,15070,11321,7980,5199,2880,414,227,133,84,51,36,21,14,9,8,3,3,0,2,1,0,0,0,0,0,0,0,0,0,0,0,0,0,0,0,0,0,0,0,0,0,0,0,0,0,0,0,0,0,0,0,0,0,0,0,0,0,0,0,0,0,0,0,0,0,0,0,0,0,0,0,0,0,0,0,0,0,0,0,0,0,0,0,0,0,0,0,0,0,0,0,0,0,0,0,0,0,0,0,0,0,0,0,0,0,0,0,0,0,0,0,0,0,0,0,0,0,0,0,0,0,0,0,0,0,0,0,0,0,0,0,0,0,0,0,0,0,0,0,0,0,0,0,0,0,0,0,0,0,0,0,0,0,0,0,0,0,0,0,0,0,0,0,0,0,0,0,0,0,0,0,0,0,0,0,0,0,0,0,0,0,0,0,0,0,0,0,0,0,0,0,0,0,0,0,0,0,0,0,0,0,0,0,0,0,0,0,0,0,0,0,0,0,0,0,0,0,0,0,0,0,0,0,0,0,0,0,0,0,0,0,0,0,0,0,0,0,0,0,0,0,0,0,0,0,0,0,0,0,0,0,0,0,0,0,0,0,0,0,0,0,0,0,0,0,0,0,0,0,0,0,0,0,0,0,0,0,0,0,0,0,0,0,0,0,0,0,0,0,0,0,0,0,0,0,0,0,0,0,0,0,0,0,0,0,0,0,0,0,0,0,0,0,0,0,0,0,0,0,0,0,0,0,0,0,0,0,0,0,0,0,0,0,0,0,0,0,0,0,0,0,0,0,0,0,0,0,0,0,0,0,0,0,0,0,0,0,0,0,0,0,0,0,0,0,0,0,0,0,0,0,0,0,0,0,0,0,0,0,0,0,0,0,0,0,0,0,0,0]}