{"alt_epoch_loss":[4.60542363084757,4.605356789584507,4.604922799385699,4.4871409997536045,4.192508665098959,3.9763891416436867,3.785289405699377,3.5606699331846285,3.3036620945021493,3.078153495304724,2.8716949614043914,2.6675391294686723,2.4721724689472797,2.3561249728497473,2.212702979374702,2.0407917988659343,1.8811094094901326,1.8087816644455872,1.6810867520492243,1.5547507929718796,1.517788603538742,1.3905442747288599,1.2277823247391655,1.2528389489842837,1.1542578558046246,1.135427770577274,1.038270528083544,1.047058289761734],"async_period_mstimes":[12328,23308,34419,45574,56768,68023,79386,90808,102336,124530,135519,146565,157622,168693,179912,191090,202316,213531,224926,246778,257743,268635,279517,290503],"async_period_values":[280.0,272.0,264.0,256.0,248.0,240.0,232.0,224.0,256.0,276.0,271.0,266.0,261.0,256.0,251.0,246.0,241.0,236.0,271.0,282.0,280.0,278.0,276.0,274.0],"end_accuracy":-1,"epoch_accuracy":[0.00206,0.0454,0.04062,0.03996,0.03996,0.03996,0.03996,0.03996,0.03996,0.03996,0.03996,0.03996,0.03996,0.03996,0.03996,0.03996,0.03996,0.03996,0.03996,0.03996,0.03996,0.03996,0.03996,0.03996,0.03996,0.03996,0.03996],"epoch_loss":[4.6054567700910765,4.605371250416969,4.60468255714544,4.41253088418456,4.140467500265275,3.937539636469767,3.7484529560193507,3.529084157404264,3.253817706876491,3.0394173578469075,2.8258686374655535,2.6229130917940418,2.416588128485816,2.353625082782588,2.1747862021288595,2.0033647471920175,1.8165747285033351,1.7711532923111952,1.6477170321488996,1.5119994351469315,1.492891574321778,1.3654271765561827,1.2471942226213357,1.2344489711904671,1.1256585800397938,1.1792101627739322,0.995200381221641],"epoch_mstimes":[12324,23229,34202,45183,56214,67314,78521,89912,101315,112281,123308,134198,145177,156146,167199,178193,189299,200418,211635,222900,233907,244777,255613,266408,277254,288123,299032],"epoch_tau_dist":[],"meta":{"batch_size":8,"dataset":"CIFAR100","dispatcher":"semisync","epoch_steps":16384,"exec_steps":512,"learning_rate":0.0025,"momentum":0.5,"monitor":"window","num_epochs":27,"num_threads":128,"para_ctrl":"static","probe_steps":128,"search_degree":2,"semisync_period":256,"semisync_period_min":4,"semisync_reduce_period":4096,"semisync_reduce_step":1,"semisync_strat":"probe","semisync_win_loss_scalar":0.8999999761581421,"semisync_win_offset":32,"semisync_win_step":8,"window_size":8,"windowsearch_m0":64},"para_isprobing":[],"para_mstimes":[],"para_stepinds":[],"para_values":[],"step_acceptance_rate":0.6906217034531474,"steptimes":[],"tau_dist":[1709,1710,1709,1711,1709,1709,1708,1709,1708,1708,1713,1709,1711,1707,1709,1710,1710,1708,1710,1713,1708,1708,1710,1709,1711,1710,1709,1708,1713,1709,1711,1710,1710,1710,1710,1714,1709,1711,1709,1711,1709,1710,1710,1710,1709,1710,1708,1707,1708,1707,1710,1708,1709,1709,1708,1708,1708,1707,1708,1711,1706,1708,1708,1707,1709,1707,1709,1709,1709,1710,1708,1711,1711,1711,1714,1713,1716,1722,1722,1726,1739,1746,1777,1797,1831,1861,1896,1958,2036,2132,2210,2309,2453,2591,2795,3041,3390,3641,4076,4496,4990,5532,6171,6853,7504,8359,9214,10044,10714,11422,12170,12796,13249,13369,13410,13512,13329,12812,12088,11317,10312,9082,8054,6653,5427,4094,2852,1714,113,60,29,23,10,10,7,2,0,3,0,0,0,0,0,0,0,0,0,0,0,0,0,0,0,0,0,0,0,0,0,0,0,0,0,0,0,0,0,0,0,0,0,0,0,0,0,0,0,0,0,0,0,0,0,0,0,0,0,0,0,0,0,0,0,0,0,0,0,0,0,0,0,0,0,0,0,0,0,0,0,0,0,0,0,0,0,0,0,0,0,0,0,0,0,0,0,0,0,0,0,0,0,0,0,0,0,0,0,0,0,0,0,0,0,0,0,0,0,0,0,0,0,0,0,0,0,0,0,0,0,0,0,0,0,0,0,0,0,0,0,0,0,0,0,0,0,0,0,0,0,0,0,0,0,0,0,0,0,0,0,0,0,0,0,0,0,0,0,0,0,0,0,0,0,0,0,0,0,0,0,0,0,0,0,0,0,0,0,0,0,0,0,0,0,0,0,0,0,0,0,0,0,0,0,0,0,0,0,0,0,0,0,0,0,0,0,0,0,0,0,0,0,0,0,0,0,0,0,0,0,0,0,0,0,0,0,0,0,0,0,0,0,0,0,0,0,0,0,0,0,0,0,0,0,0,0,0,0,0,0,0,0,0,0,0,0,0,0,0,0,0,0,0,0,0,0,0,0,0,0,0,0,0,0,0,0,0,0,0,0,0,0,0,0,0,0,0,0,0,0,0,0,0,0,0,0,0,0,0,0,0,0,0,0,0,0,0,0,0,0,0,0,0,0,0,0,0,0,0,0,0,0,0,0,0,0,0,0,0,0,0,0,0,0,0,0,0,0,0,0,0,0,0,0,0,0,0,0,0,0,0,0,0,0,0,0,0,0,0,0,0,0,0,0,0,0,0,0,0,0,0,0,0]}