{"alt_epoch_loss":[4.605414077411982,4.605385240808647,4.605083967816642,4.500813186615418,4.229401864327643,4.014504568561336,3.85475331715203,3.642726343441343,3.442268461106204,3.2231335467972766,2.994029789572978,2.833789562057639,2.6690928303769126,2.5157358580906295,2.3846542021671597,2.2665696215973172,2.134891792866475,2.0498540508610588,1.9123167820027476,1.8179744278232235,1.7315119705361774,1.664137685980171,1.5236248128653265,1.4942674407889267,1.4504415177453633,1.364413104041355,1.2581649863014688,1.3020318721459117,1.2459608724326348,1.122154045739216,1.0355862500154631,1.0316298359640752,0.9139918637034924,0.8792088635682017,0.8878406751071204,0.8720051360548161,0.845844764199912,0.7213909378212187],"async_period_mstimes":[],"async_period_values":[],"end_accuracy":-1,"epoch_accuracy":[0.01052,0.04102,0.03538,0.0339,0.0339,0.0339,0.0339,0.0339,0.0339,0.0339,0.0339,0.0339,0.0339,0.0339,0.0339,0.0339,0.0339,0.0339,0.0339,0.0339,0.0339,0.0339,0.0339,0.0339,0.0339,0.0339,0.0339,0.0339,0.0339,0.0339,0.0339,0.0339,0.0339,0.0339,0.0339,0.0339,0.0339],"epoch_loss":[4.6053979360218795,4.6053658996979,4.604933766000699,4.433015597249424,4.175213741295251,3.9743575513518197,3.8109435658442976,3.5979298469984413,3.395672047749229,3.1733403944794025,2.958501261795566,2.802697076442902,2.6303458832905,2.4743721339978615,2.361394234193659,2.2376100442425377,2.107560341937163,2.0231660067130677,1.9132559435326164,1.781450313328932,1.7363436122725222,1.6185287285972112,1.5001681333107806,1.494477918676187,1.4334210608990738,1.336049101158191,1.2245678601089893,1.3184304952692814,1.2340603561410446,1.0821529943705697,1.0433189209398757,0.9953390199076902,0.898140610986924,0.8900722265108716,0.8827126941795594,0.8500355549563515,0.834967717711439],"epoch_mstimes":[9602,17514,25408,33285,41133,48991,56828,64692,72541,80424,88279,96148,104038,111904,119746,127593,135450,143313,151185,159046,166928,174785,182651,190526,198364,206231,214081,221948,229821,237676,245537,253400,261245,269109,276965,284824,292687],"epoch_tau_dist":[],"meta":{"batch_size":8,"dataset":"CIFAR100","dispatcher":"async","epoch_steps":16384,"exec_steps":512,"learning_rate":0.0025,"momentum":0.5,"monitor":"window","num_epochs":37,"num_threads":128,"para_ctrl":"static","probe_steps":128,"search_degree":2,"semisync_period":8000,"semisync_period_min":4,"semisync_reduce_period":4096,"semisync_reduce_step":1,"semisync_strat":"decay","semisync_win_loss_scalar":0.8999999761581421,"semisync_win_offset":16,"semisync_win_step":4,"window_size":8,"windowsearch_m0":64},"para_isprobing":[],"para_mstimes":[],"para_stepinds":[],"para_values":[],"step_acceptance_rate":1.0,"steptimes":[],"tau_dist":[1,1,1,1,1,1,1,1,1,1,1,1,1,1,1,1,1,1,1,1,1,1,1,1,1,1,1,1,1,1,1,1,1,1,1,1,1,1,1,1,1,1,1,1,1,1,1,1,1,1,1,2,2,3,3,3,2,3,2,2,2,3,2,3,3,2,3,3,3,2,6,3,4,2,4,3,3,2,4,6,9,14,22,24,29,42,58,72,117,154,214,329,433,587,880,1182,1643,2159,2788,3806,4958,6300,8140,9969,12424,14912,17487,20731,23632,27045,30225,32876,35110,36813,37890,38153,37191,35733,33335,30459,26963,23278,19220,15193,11464,8065,5291,2891,413,267,158,119,89,49,30,22,14,9,5,4,0,0,1,0,0,0,1,0,0,0,0,0,0,0,0,0,0,0,0,0,0,0,0,0,0,0,0,0,0,0,0,0,0,0,0,0,0,0,0,0,0,0,0,0,0,0,0,0,0,0,0,0,0,0,0,0,0,0,0,0,0,0,0,0,0,0,0,0,0,0,0,0,0,0,0,0,0,0,0,0,0,0,0,0,0,0,0,0,0,0,0,0,0,0,0,0,0,0,0,0,0,0,0,0,0,0,0,0,0,0,0,0,0,0,0,0,0,0,0,0,0,0,0,0,0,0,0,0,0,0,0,0,0,0,0,0,0,0,0,0,0,0,0,0,0,0,0,0,0,0,0,0,0,0,0,0,0,0,0,0,0,0,0,0,0,0,0,0,0,0,0,0,0,0,0,0,0,0,0,0,0,0,0,0,0,0,0,0,0,0,0,0,0,0,0,0,0,0,0,0,0,0,0,0,0,0,0,0,0,0,0,0,0,0,0,0,0,0,0,0,0,0,0,0,0,0,0,0,0,0,0,0,0,0,0,0,0,0,0,0,0,0,0,0,0,0,0,0,0,0,0,0,0,0,0,0,0,0,0,0,0,0,0,0,0,0,0,0,0,0,0,0,0,0,0,0,0,0,0,0,0,0,0,0,0,0,0,0,0,0,0,0,0,0,0,0,0,0,0,0,0,0,0,0,0,0,0,0,0,0,0,0,0,0,0,0,0,0,0,0,0,0,0,0,0,0,0,0,0,0,0,0,0,0,0,0,0,0,0,0,0,0,0,0,0,0,0,0,0,0,0,0,0,0,0,0,0,0,0,0,0,0,0,0,0,0,0,0,0,0,0,0]}