{"alt_epoch_loss":[4.6052092333990995,4.605320025049335,4.605027997601817,4.478007044765386,4.1404907880709985,3.8916255280987917,3.6182416301057754,3.32284805754182,3.068521945594012,2.8679156992639427,2.645254576528224,2.4897297857999474,2.2963277557936355,2.1116075687416282,1.923077745583097,1.6664399787048898,1.5698282286202419,1.425239313333497,1.3212316241341031,1.190202592322902,1.1067580525480623],"async_period_mstimes":[15572,29701,43872,58240,72393,86734,101299,116095,131243,159529,173592,187776,202103,216547,231002,245231,259611,274107,288617],"async_period_values":[140.0,136.0,132.0,128.0,124.0,120.0,116.0,112.0,128.0,137.0,135.0,133.0,131.0,129.0,127.0,125.0,123.0,121.0,129.0],"end_accuracy":-1,"epoch_accuracy":[0.00546,0.04634,0.04234,0.0381,0.0381,0.0381,0.0381,0.0381,0.0381,0.0381,0.0381,0.0381,0.0381,0.0381,0.0381,0.0381,0.0381,0.0381,0.0381,0.0381],"epoch_loss":[4.605170470123407,4.6055867864031566,4.604856527411365,4.39744747783763,4.08274842259651,3.8438907708277763,3.5544369669828764,3.252029511629122,3.0191013260193698,2.82790999327456,2.6113664333046045,2.455447994444924,2.2719360605389056,2.0807671856478605,1.8996327449692545,1.5945808442847893,1.511188194695062,1.32998781193583,1.3262314075577288,1.1808255570627748],"epoch_mstimes":[15540,29561,43710,57971,72016,86261,100742,115459,130512,144653,158749,172749,186858,201122,215397,229761,243903,258178,272568,287007],"epoch_tau_dist":[],"meta":{"batch_size":8,"dataset":"CIFAR100","dispatcher":"semisync","epoch_steps":16384,"exec_steps":512,"learning_rate":0.0025,"momentum":0.5,"monitor":"window","num_epochs":20,"num_threads":128,"para_ctrl":"static","probe_steps":128,"search_degree":2,"semisync_period":128,"semisync_period_min":4,"semisync_reduce_period":4096,"semisync_reduce_step":1,"semisync_strat":"probe","semisync_win_loss_scalar":0.8999999761581421,"semisync_win_offset":16,"semisync_win_step":4,"window_size":8,"windowsearch_m0":64},"para_isprobing":[],"para_mstimes":[],"para_stepinds":[],"para_values":[],"step_acceptance_rate":0.5216302229260568,"steptimes":[],"tau_dist":[2678,2676,2678,2677,2678,2679,2676,2681,2677,2678,2677,2678,2676,2676,2677,2678,2677,2680,2679,2679,2677,2676,2676,2681,2678,2677,2676,2677,2677,2676,2677,2677,2678,2680,2678,2678,2676,2677,2679,2677,2677,2678,2676,2678,2680,2680,2677,2677,2680,2680,2678,2676,2676,2678,2676,2679,2676,2679,2676,2677,2676,2679,2677,2678,2678,2679,2680,2681,2677,2679,2677,2681,2678,2677,2681,2684,2686,2685,2685,2685,2687,2686,2687,2698,2695,2693,2703,2703,2707,2706,2726,2735,2735,2738,2739,2752,2769,2775,2816,2835,2844,2853,2876,2934,2937,2955,3010,3036,3097,3072,3089,3144,3008,3050,3043,3041,2891,2881,2798,2689,2520,2347,2259,2056,1739,1467,1222,856,6,0,0,0,0,0,0,0,0,0,0,0,0,0,0,0,0,0,0,0,0,0,0,0,0,0,0,0,0,0,0,0,0,0,0,0,0,0,0,0,0,0,0,0,0,0,0,0,0,0,0,0,0,0,0,0,0,0,0,0,0,0,0,0,0,0,0,0,0,0,0,0,0,0,0,0,0,0,0,0,0,0,0,0,0,0,0,0,0,0,0,0,0,0,0,0,0,0,0,0,0,0,0,0,0,0,0,0,0,0,0,0,0,0,0,0,0,0,0,0,0,0,0,0,0,0,0,0,0,0,0,0,0,0,0,0,0,0,0,0,0,0,0,0,0,0,0,0,0,0,0,0,0,0,0,0,0,0,0,0,0,0,0,0,0,0,0,0,0,0,0,0,0,0,0,0,0,0,0,0,0,0,0,0,0,0,0,0,0,0,0,0,0,0,0,0,0,0,0,0,0,0,0,0,0,0,0,0,0,0,0,0,0,0,0,0,0,0,0,0,0,0,0,0,0,0,0,0,0,0,0,0,0,0,0,0,0,0,0,0,0,0,0,0,0,0,0,0,0,0,0,0,0,0,0,0,0,0,0,0,0,0,0,0,0,0,0,0,0,0,0,0,0,0,0,0,0,0,0,0,0,0,0,0,0,0,0,0,0,0,0,0,0,0,0,0,0,0,0,0,0,0,0,0,0,0,0,0,0,0,0,0,0,0,0,0,0,0,0,0,0,0,0,0,0,0,0,0,0,0,0,0,0,0,0,0,0,0,0,0,0,0,0,0,0,0,0,0,0,0,0,0,0,0,0,0,0,0,0,0,0,0,0,0,0,0,0,0,0,0,0,0,0,0,0,0,0,0,0,0,0,0,0,0]}