{"alt_epoch_loss":[4.605420551929313,4.605393992572843,4.605126256437225,4.503987615219547,4.167943163073986,3.9282401662963857,3.6824914369825628,3.4179302196109087,3.15242752135109,2.9330615379764575,2.696607696115994,2.526376252429718,2.361284954527972,2.1975122430734118,2.0687060734405573,1.9037698741057678,1.7641242281033631,1.682153285436276,1.5081184223052926,1.4660843942993345],"async_period_mstimes":[],"async_period_values":[],"end_accuracy":-1,"epoch_accuracy":[0.0045,0.04652,0.04508,0.04194,0.04194,0.04194,0.04194,0.04194,0.04194,0.04194,0.04194,0.04194,0.04194,0.04194,0.04194,0.04194,0.04194,0.04194,0.04194],"epoch_loss":[4.605400676700245,4.605377855320828,4.605004561026982,4.43530261126844,4.101192623076044,3.88023965327198,3.627012285274548,3.3554686406046597,3.100446562338419,2.8892610957028526,2.650295618505778,2.4762241315939897,2.3404870940881453,2.1577411469723025,2.0505065150385664,1.8678900931329334,1.751009812143749,1.6521356630868975,1.4838375214476753],"epoch_mstimes":[16439,31236,46113,60790,75710,90589,105590,120487,135678,150816,166481,182141,198121,214053,230292,246483,263010,279464,296508],"epoch_tau_dist":[],"meta":{"batch_size":8,"dataset":"CIFAR100","dispatcher":"async","epoch_steps":16384,"exec_steps":16384,"learning_rate":0.0025,"momentum":0.5,"monitor":"window","num_epochs":19,"num_threads":128,"para_ctrl":"window","probe_steps":4096,"search_degree":2,"semisync_period":8000,"semisync_period_min":4,"semisync_reduce_period":4096,"semisync_reduce_step":1,"semisync_strat":"decay","semisync_win_loss_scalar":0.8999999761581421,"semisync_win_offset":16,"semisync_win_step":4,"window_size":4,"windowsearch_m0":64},"para_isprobing":[true,false,true,true,true,true,false,true,true,true,true,false,true,true,true,true,false,true,true,true,true,false,true,true,true,true,false,true,true,true,true,false,true,true,true,true,false,true,true,true,true,false,true,true,true,true,false],"para_mstimes":[1447,5335,20138,23789,27491,31242,35056,49810,53425,57086,60801,64576,79436,83106,86818,90597,94428,109316,112985,116720,120498,124338,139477,143200,146981,150829,154741,170406,174261,178175,182151,186206,202117,206028,210012,214060,218173,234365,238337,242379,246498,250687,267149,271204,275314,279492,283751],"para_stepinds":[0,4101,20487,24586,28684,32780,36877,53261,57365,61453,65551,69647,86030,90123,94222,98322,102414,118798,122894,126996,131093,135189,151574,155669,159767,163863,167958,184343,188440,192535,196631,200727,217111,221204,225302,229395,233498,249883,253976,258073,262174,266270,282652,286751,290846,294943,299041],"para_values":[62,62,63,62,61,60,62,63,62,61,60,61,62,61,60,59,61,62,61,60,59,60,61,60,59,58,58,59,58,57,56,57,58,57,56,55,56,57,56,55,54,55,56,55,54,53,53],"step_acceptance_rate":1.0,"steptimes":[],"tau_dist":[1,1,1,1,1,1,1,1,1,1,1,1,1,1,2,2,2,2,2,2,2,2,2,2,4,3,3,4,4,5,5,6,6,10,11,25,42,99,202,390,694,1220,2101,3256,4977,7241,10076,13528,17201,20600,23978,26787,28371,28282,27522,25079,21556,17932,13959,10295,6183,2720,302,2,0,0,0,0,0,0,0,0,0,0,0,0,0,0,0,0,0,0,0,0,0,0,0,0,0,0,0,0,0,0,0,0,0,0,0,0,0,0,0,0,0,0,0,0,0,0,0,0,0,0,0,0,0,0,0,0,0,0,0,0,0,0,0,0,0,0,0,0,0,0,0,0,0,0,0,0,0,0,0,0,0,0,0,0,0,0,0,0,0,0,0,0,0,0,0,0,0,0,0,0,0,0,0,0,0,0,0,0,0,0,0,0,0,0,0,0,0,0,0,0,0,0,0,0,0,0,0,0,0,0,0,0,0,0,0,0,0,0,0,0,0,0,0,0,0,0,0,0,0,0,0,0,0,0,0,0,0,0,0,0,0,0,0,0,0,0,0,0,0,0,0,0,0,0,0,0,0,0,0,0,0,0,0,0,0,0,0,0,0,0,0,0,0,0,0,0,0,0,0,0,0,0,0,0,0,0,0,0,0,0,0,0,0,0,0,0,0,0,0,0,0,0,0,0,0,0,0,0,0,0,0,0,0,0,0,0,0,0,0,0,0,0,0,0,0,0,0,0,0,0,0,0,0,0,0,0,0,0,0,0,0,0,0,0,0,0,0,0,0,0,0,0,0,0,0,0,0,0,0,0,0,0,0,0,0,0,0,0,0,0,0,0,0,0,0,0,0,0,0,0,0,0,0,0,0,0,0,0,0,0,0,0,0,0,0,0,0,0,0,0,0,0,0,0,0,0,0,0,0,0,0,0,0,0,0,0,0,0,0,0,0,0,0,0,0,0,0,0,0,0,0,0,0,0,0,0,0,0,0,0,0,0,0,0,0,0,0,0,0,0,0,0,0,0,0,0,0,0,0,0,0,0,0,0,0,0,0,0,0,0,0,0,0,0,0,0,0,0,0,0,0,0,0,0,0,0,0,0,0,0,0,0,0,0,0,0,0,0,0,0,0,0,0,0,0,0,0,0,0,0,0,0,0,0,0,0,0,0,0,0,0,0,0,0,0,0,0,0]}