{"alt_epoch_loss":[4.605417395148757,4.605394940081877,4.6051298331728745,4.508324664132802,4.2072233422219245,3.985178873139322,3.8052685805821644,3.579463247412377,3.343314387882539,3.106393998088345,2.8921457901524636,2.7165038286475744,2.545876249159885,2.3868863733721257,2.275664401410233,2.12065295805913,1.9834120718576789,1.8767990298000867,1.7415649742897488,1.6503806782997117,1.5762857442792941,1.5078504611051178,1.404251682623839,1.3444061240620389,1.2637601848283813,1.2172038832770145,1.1580553072721778,1.127760114245754,1.0284394336958238,0.9203763474225509,0.8771942459157899],"async_period_mstimes":[],"async_period_values":[],"end_accuracy":-1,"epoch_accuracy":[0.00546,0.04222,0.0375,0.03598,0.03598,0.03598,0.03598,0.03598,0.03598,0.03598,0.03598,0.03598,0.03598,0.03598,0.03598,0.03598,0.03598,0.03598,0.03598,0.03598,0.03598,0.03598,0.03598,0.03598,0.03598,0.03598,0.03598,0.03598,0.03598,0.03598],"epoch_loss":[4.6054008270796905,4.6053772484505755,4.605007847245296,4.442329763230557,4.143388738535093,3.948151502559583,3.7640476363117443,3.5340640270334833,3.289184224799333,3.062288850801683,2.846404108522572,2.6948923290370823,2.519069010833321,2.3491378278176254,2.2358882006881116,2.092339135001233,1.9598236248330012,1.8658882311501797,1.7034552064735606,1.6456593494381118,1.5646124760789217,1.5101703368144328,1.385930386827491,1.2991233645374356,1.2567860642925683,1.1791742294976604,1.143791192531885,1.1251009381909638,1.0212296681444022,0.8916955869450583],"epoch_mstimes":[11512,21392,31249,41051,50828,60617,70398,80185,89964,99763,109575,119384,129178,138971,148766,158558,168362,178150,187945,197720,207525,217303,227081,236874,246662,256446,266232,276020,285798,295584],"epoch_tau_dist":[],"meta":{"batch_size":8,"dataset":"CIFAR100","dispatcher":"async","epoch_steps":16384,"exec_steps":512,"learning_rate":0.0025,"momentum":0.5,"monitor":"window","num_epochs":30,"num_threads":96,"para_ctrl":"static","probe_steps":128,"search_degree":2,"semisync_period":8000,"semisync_period_min":4,"semisync_reduce_period":4096,"semisync_reduce_step":1,"semisync_strat":"decay","semisync_win_loss_scalar":0.8999999761581421,"semisync_win_offset":16,"semisync_win_step":4,"window_size":8,"windowsearch_m0":48},"para_isprobing":[],"para_mstimes":[],"para_stepinds":[],"para_values":[],"step_acceptance_rate":1.0,"steptimes":[],"tau_dist":[1,1,1,1,1,1,1,1,1,1,1,1,1,1,1,1,1,1,1,1,1,1,1,1,1,1,1,1,1,1,1,1,1,2,2,2,2,3,2,3,3,3,3,3,3,4,5,4,5,4,5,8,6,6,9,5,5,8,7,10,10,9,20,20,27,46,86,125,219,318,538,854,1373,2126,3143,4505,6378,8822,11855,15326,19673,24090,28919,32953,36573,38965,40279,40228,38413,35347,31152,25968,20308,14923,10020,5188,29,8,7,4,5,4,2,3,1,1,1,0,1,0,0,0,0,0,0,0,0,0,0,0,0,0,0,0,0,0,0,0,0,0,0,0,0,0,0,0,0,0,0,0,0,0,0,0,0,0,0,0,0,0,0,0,0,0,0,0,0,0,0,0,0,0,0,0,0,0,0,0,0,0,0,0,0,0,0,0,0,0,0,0,0,0,0,0,0,0,0,0,0,0,0,0,0,0,0,0,0,0,0,0,0,0,0,0,0,0,0,0,0,0,0,0,0,0,0,0,0,0,0,0,0,0,0,0,0,0,0,0,0,0,0,0,0,0,0,0,0,0,0,0,0,0,0,0,0,0,0,0,0,0,0,0,0,0,0,0,0,0,0,0,0,0,0,0,0,0,0,0,0,0,0,0,0,0,0,0,0,0,0,0,0,0,0,0,0,0,0,0,0,0,0,0,0,0,0,0,0,0,0,0,0,0,0,0,0,0,0,0,0,0,0,0,0,0,0,0,0,0,0,0,0,0,0,0,0,0,0,0,0,0,0,0,0,0,0,0,0,0,0,0,0,0,0,0,0,0,0,0,0,0,0,0,0,0,0,0,0,0,0,0,0,0,0,0,0,0,0,0,0,0,0,0,0,0,0,0,0,0,0,0,0,0,0,0,0,0,0,0,0,0,0,0,0,0,0,0,0,0,0,0,0,0,0,0,0,0,0,0,0,0,0,0,0,0,0,0,0,0,0,0,0,0,0,0,0,0,0,0,0,0,0,0,0,0,0,0,0,0,0,0,0,0,0,0,0,0,0,0,0,0,0,0,0,0,0,0,0,0,0,0,0,0,0,0,0,0,0,0,0,0,0,0,0,0,0,0,0,0,0,0,0,0,0,0,0,0,0,0,0,0,0,0,0,0,0,0,0,0,0,0,0,0,0,0,0,0,0,0,0,0,0,0]}