{"alt_epoch_loss":[2.3026814252171115,2.3026915487308024,2.3027417411157804,2.3026663176596713,2.3027099079241866,2.302670754495013,2.3026762672287306,2.3025938725666113,2.3020972893021434,2.2775567213819867,2.1851730400351137,2.0859186610530247,2.044371113220349,2.2234763571456035,2.123463544504706,1.9246377013793865,1.7403717615072651,1.6784988197492314,1.622372570553272,4.148712612646846,2.2601641118075366,2.200999402364686,2.150442036160192,2.095947847590728,2.2313286283009632,2.1632451865122806,2.115169074915259,2.104820478000744,2.0866936016642343,2.200713324779663,2.295629889987697,2.255084734711483,2.1869091704169077,2.1287845654501916,2.1698689160662057,2.2963017994475146,2.258784260477369,2.2277363205920597,2.178792142140772,2.0801199855420736,2.0240114145128993,1.993498315843158,2.009661552919261,2.002601511172428,2.025300325783079,2.1060291836939227,1.9965998999871375,1.9756818118785902,1.9586371050258893,1.9544536198694225,1.9465550018720406,2.1175732839058807,1.9793884200331382,1.9489592360641086,1.9431643582432478,1.94248517402347,2.003055610015386,1.964560189399657,1.9358217208576793,1.9346888374753406,1.951663111843979,1.936586140377704,1.955492855736598,1.9200293585280233,1.900903117098602,1.8942126996114075,1.9294413274007725,1.9122019001644357,1.9326829346637189,1.9524951837796818,1.9020074052852294,1.878137805751469,1.8736125028086896,1.8716197573060842,1.8658607769173379,1.9337078224834052,1.8662180957333825,1.8525834633246274,1.8492362533331663,1.8398693483226842,1.8957168409015501,1.8718582206726193,1.8428841215307694,1.8323145344244054,1.8300015037429982,1.8236863198606432,1.901901442711542,1.82846413882987,1.8203768320127396,1.807105969045084,1.8129844579525114,1.891777930733741,1.8293478006963335,1.8005310126729999,1.7913607990627118,1.7899435245910162,1.8417229670679296,1.818534395969174,1.785634116320121,1.7884708728765937],"async_period_mstimes":[1639,1855,2094,2350,2596,2886,3177,3490,3875,4290,4953,6729,6945,7153,7396,7626,7839,8084,8346,8589,8878,9171,9490,11986,12221,12480,12757,13040,13329,13644,14012,14464,15074,16405,20541,31147,31454,31789,32167,32612,33197,34282,38376,70909,71218,71545,71932,72414,73164,76440,80530,86357,86631,86941,87273,87663,88148,88850,91607,95701,128264,128570,128900,129296,129779,130502,133253,137338,169824,170130,170462,170852,171335,172051,174795,178872,181166,181411,181638,181889,182159,182437,182721,183032,183388,183832,184420,185565,190094,190377,190667,190989,191350,191763,192303,193258,197314,200604,200845,201104,201395,201719,202063,202456,202965,203790,207853,210567,210831,211074,211333,211604,211902,212252,212659,213153,213901,216646,220712,222858,223073,223313,223537,223782,224044,224313,224617,224945,225334,225795,226475,230200,230466,230740,231047,231379,231747,232205,232855,234397,238489,242115,242382,242658,242941,243275,243652,244089,244708,246013,250099,260576,260857,261168,261551,261992,262593,263823,267887,272552,272831,273114,273426,273787,274232,274819,275971,280040,289154,289439,289754,290110,290536,291112,292197,296276],"async_period_values":[208.0,188.0,168.0,148.0,128.0,108.0,88.0,68.0,48.0,28.0,188.0,288.0,268.0,248.0,228.0,208.0,188.0,168.0,148.0,128.0,108.0,88.0,88.0,184.0,165.0,146.0,127.0,108.0,89.0,70.0,51.0,32.0,13.0,4.0,13.0,101.0,84.0,67.0,50.0,33.0,16.0,4.0,4.0,100.0,81.0,62.0,43.0,24.0,5.0,4.0,24.0,120.0,101.0,82.0,63.0,44.0,25.0,6.0,4.0,4.0,101.0,82.0,63.0,44.0,25.0,6.0,4.0,4.0,101.0,82.0,63.0,44.0,25.0,6.0,4.0,101.0,195.0,177.0,159.0,141.0,123.0,105.0,87.0,69.0,51.0,33.0,15.0,33.0,126.0,108.0,90.0,72.0,54.0,36.0,18.0,4.0,54.0,147.0,129.0,111.0,93.0,75.0,57.0,39.0,21.0,4.0,75.0,168.0,150.0,132.0,114.0,96.0,78.0,60.0,42.0,24.0,6.0,4.0,114.0,207.0,189.0,171.0,153.0,135.0,117.0,99.0,81.0,63.0,45.0,27.0,45.0,137.0,119.0,101.0,83.0,65.0,47.0,29.0,11.0,4.0,47.0,139.0,121.0,103.0,85.0,67.0,49.0,31.0,13.0,4.0,13.0,104.0,86.0,68.0,50.0,32.0,14.0,4.0,32.0,123.0,105.0,87.0,69.0,51.0,33.0,15.0,4.0,15.0,106.0,88.0,70.0,52.0,34.0,16.0,4.0,4.0],"end_accuracy":-1,"epoch_loss":[2.3026616616028255,2.3026692429120765,2.3026890987798154,2.3026999231755307,2.302705413189715,2.3026829796300397,2.3026851644969626,2.302647224576449,2.302455359137228,2.2940750967478833,2.254951610075845,2.182885585891933,2.105072414958416,2.118047792291051,2.130333240227353,2.0904401728901005,1.9292719049229392,1.7812266990657302,1.6802176156841602,2.4836168438936697,2.6771378166747364,2.8701920587599052,2.2037889406133484,2.1490914302950173,2.159251984455848,2.1635095132131936,2.1699411439173275,2.1277620309812675,2.1022121430670246,2.1307389545256608,2.194543002279112,2.2504640271619194,2.245834927036223,2.1901915553281146,2.1620008066996825,2.1983434744877455,2.2416960873914324,2.2608651329903924,2.221747579631843,2.162219901863445,2.094095502247668,2.0325377332514742,2.009054668898821,2.0020042152368522,2.0127266359373666,2.044575506502625,2.0426673988114015,2.0261159508478532,1.977063592343349,1.962908660850058,1.953201555628368,2.0062200388096536,2.0144962248613765,2.015305750151645,1.9572014637068136,1.9448779310831967,1.9629380987687375,1.969993966958085,1.9677789021547885,1.9450381201384113,1.9407446495019458,1.940837988827152,1.9480566177012,1.9373654766847856,1.9254553257116447,1.904969600747796,1.9082180169886969,1.9119482047707979,1.9248595134558169,1.9324278854536354,1.9290492291807992,1.9108802669536182,1.8845578778479093,1.874585183466673,1.8704109689350286,1.8904530076578756,1.8885529839401447,1.8841526310105265,1.8560103235251937,1.847265737491458,1.8616207528527817,1.8690345943181434,1.8700762871273393,1.8490383038088773,1.8350540941354117,1.8285821742579687,1.8517932334111968,1.8513480337484192,1.8503183611537342,1.818600239695533,1.8135365292737478,1.8372401152485889,1.8447434475159807,1.8405350317842897,1.8070926177172164,1.7940234027214466,1.8076158042705335,1.8167783920294769,1.8152829306157299],"epoch_mstimes":[2070,2787,3701,5064,5740,6401,7040,7661,8336,9113,10048,10996,11933,12647,13461,14688,21030,25062,29114,31600,32813,39759,52151,64559,71365,72729,80853,83069,85303,86792,87862,93325,105762,118167,128428,129518,135155,147556,159942,170011,171094,176872,179605,180469,181306,181984,182793,183946,186237,187965,189690,190720,191819,197370,198628,199884,200927,201767,203085,208244,209274,210314,211100,211944,213152,220731,221539,222368,223110,223805,224612,225771,227389,228814,230220,231019,232144,237982,239816,241201,242370,243224,244583,251195,255183,259180,261163,262538,268430,270207,271973,273106,274210,279722,283427,286910,289458,290554,296324],"epoch_tau_dist":[],"meta":{"batch_size":16,"dataset":"CIFAR10","dispatcher":"semisync","epoch_steps":3125,"exec_steps":512,"learning_rate":0.005,"momentum":0.3,"monitor":"window","num_epochs":99,"num_threads":128,"para_ctrl":"static","probe_steps":128,"search_degree":2,"semisync_period":128,"semisync_period_min":4,"semisync_reduce_period":4096,"semisync_reduce_step":1,"semisync_strat":"probe","semisync_win_loss_scalar":0.4000000059604645,"semisync_win_offset":100,"semisync_win_step":20,"window_size":8,"windowsearch_m0":64},"para_isprobing":[],"para_mstimes":[],"para_stepinds":[],"para_values":[],"step_acceptance_rate":0.13089170644630496,"steptimes":[],