{"alt_epoch_loss":[2.302704389799533,2.3027095359707364,2.30271988293692,2.3027136163946804,2.3027316260463704,2.3027172543707217,2.3026743300190944,2.302614733375778,2.302346336220364,2.290017442410055,2.1622320154873074,2.0834816026189604,2.0224145448712942,1.9800765487185608,1.9308773360036684,1.8706050532153757,1.8085368226351213,1.7985666234456839,1.7381626928766538,1.6946482417035391,1.649075219275375,1.6143607636309618,1.6079730272374457,1.5910635925179382,1.559803675248055,1.5311401490690324,1.5109031408292777,1.4410055740603362,1.4528836162008998,1.3964589697695642,1.4651518697788062,1.375492494338117,1.374719743539145,1.363612182775434,1.3338054033202387,1.3407530120044027,1.3343802598969903,1.286373912419604,1.2830524102569343,1.265321927077726,1.2666031613714102,1.2555356950095464,1.2736229460471267,1.2525119439926473,1.17706807495221,1.1395414409785642,1.1266557016450185,1.1523197529613363,1.2239767306999523,1.083537496023892,1.11665530829134,1.0822690779889248,1.066595215820297,1.0287189103223375,1.078224763206931,0.9624416022828142,0.9542154903462532,0.984474040539704,0.9774869537900377,1.1392974219242762,0.993997671251345,1.0649552072047792,0.9011696538097416,0.8716111615429916,0.8303208786785287,0.9801067038633395,0.9091939019911206,0.8049376365287563,0.8207552496970123,0.8142925176835788,0.8672007156761451,0.9289325213430469,0.7378967453309536,0.7260507293597325,0.6385983987190882,0.914861124831943,0.8349335947588212,0.7064827535843237,0.6798564823455759,0.6689067008387747,0.9967700671296551,0.6876165145988511,0.6120701725927472,0.620496845692497,0.7303489618730223,0.9324117083343892,0.618514468965233,0.55096108047405,0.5660261131287899,0.9150719272097668,0.7807736166597855,0.5865136382992162,0.5610166840249846,0.5523203103310687,1.0709613784772734,0.6008290313942187,0.5433623676073707,0.5375389310155828,0.8235688766046928,0.8411087626794934,0.5922218739473378,0.5419300295703514,0.5379871491861841,0.8592376241174742,0.6083162105244146,0.4972274245332916,0.46304134672156244,0.5030672007139626,0.9959745362184989,0.4940794223081042,0.4762293059634451],"async_period_mstimes":[1709,2020,2396,2737,3126,3473,3835,4213,4616,7054,7445,7808,8152,8471,8765,9122,9451,9820,10154,12615,12909,13266,13591,13960,14293,14654,15022,15382,15790,18114,18467,18795,19106,19396,19755,20085,20392,20735,21105,23497,23829,24137,24426,24784,25115,25422,25765,26076,26407,29022,29348,29651,29994,30366,30701,31048,31435,31827,32278,34806,35156,35484,35787,36135,36444,36781,37137,37529,37945,40324,40649,40952,41331,41686,42015,42320,42666,42980,43321,45928,46255,46560,46904,47220,47560,47918,48283,48669,49098,52281,52618,52974,53339,53727,54146,54623,55305,57197,60917,63551,63923,64271,64585,64931,65292,65662,66062,66475,66952,70567,70930,71297,71690,72100,72578,73163,74141,77860,82412,82778,83183,83591,84067,84621,85428,89147,95435,95816,96234,96711,97254,98052,101772,108048,108437,108845,109322,109864,110666,114387,120659,121042,121448,121923,122463,123188,126909,132733,133117,133530,134009,134525,135225,138941,168606,169009,169461,169975,170716,173692,177414,207072,207483,207935,208475,209251,212961,216677,246337,246736,247189,247727,248498,252210,255928,285563,285962,286412,286927,287645,289796,293514],"async_period_values":[352.0,320.0,288.0,256.0,224.0,192.0,160.0,128.0,352.0,480.0,448.0,416.0,384.0,352.0,320.0,288.0,256.0,224.0,224.0,348.0,317.0,286.0,255.0,224.0,193.0,162.0,131.0,100.0,317.0,434.0,405.0,376.0,347.0,318.0,289.0,260.0,231.0,202.0,289.0,401.0,373.0,345.0,317.0,289.0,261.0,233.0,205.0,177.0,177.0,285.0,258.0,231.0,204.0,177.0,150.0,123.0,96.0,69.0,204.0,310.0,284.0,258.0,232.0,206.0,180.0,154.0,128.0,102.0,284.0,389.0,363.0,337.0,311.0,285.0,259.0,233.0,207.0,181.0,181.0,283.0,258.0,233.0,208.0,183.0,158.0,133.0,108.0,83.0,83.0,183.0,158.0,133.0,108.0,83.0,58.0,33.0,8.0,4.0,158.0,256.0,232.0,208.0,184.0,160.0,136.0,112.0,88.0,64.0,64.0,160.0,136.0,112.0,88.0,64.0,40.0,16.0,4.0,40.0,135.0,112.0,89.0,66.0,43.0,20.0,4.0,20.0,112.0,89.0,66.0,43.0,20.0,4.0,20.0,112.0,89.0,66.0,43.0,20.0,4.0,20.0,110.0,88.0,66.0,44.0,22.0,4.0,22.0,111.0,89.0,67.0,45.0,23.0,4.0,4.0,93.0,71.0,49.0,27.0,5.0,4.0,4.0,92.0,70.0,48.0,26.0,4.0,4.0,4.0,92.0,70.0,48.0,26.0,4.0,4.0,4.0,91.0,70.0,49.0,28.0,7.0,4.0,4.0],"end_accuracy":-1,"epoch_loss":[2.302674217342012,2.3027010892524555,2.3027065252245587,2.3027147982533753,2.302721890265019,2.3027209230066594,2.3027077943503715,2.302668670863326,2.3025458719259833,2.298281003749903,2.2514127534332307,2.178507590820907,2.089439953939827,2.0285872600574386,1.9777709099878988,1.9271156971221766,1.8700386713105126,1.8257462792065615,1.781656468118608,1.7435072246789534,1.693956712096003,1.6526909018473497,1.6238139511751457,1.6044332957590046,1.586269510746714,1.560591709262784,1.5339806041812099,1.4942867697234343,1.4682081678839378,1.430088130826884,1.4382645867226644,1.4122818376705606,1.4051417051599244,1.3711578356742158,1.357439278390936,1.3462627980112052,1.3363509661220954,1.3204832108105404,1.3012015217116144,1.278303323474634,1.2717383366673936,1.2624897712818606,1.265190004588841,1.2604772875757135,1.2343808082006626,1.1897173257375306,1.1477053636518995,1.1395059878188847,1.1676073792446722,1.1532337530841006,1.1413748386729048,1.0941024850701762,1.0885696284933288,1.059121117303141,1.0578223653852474,1.0231311335460829,0.9982742233672286,0.9670913775403487,0.9719797107208361,1.0337684313321371,1.0368646688290417,1.0660743814523046,0.9865617992097823,0.9458438878458554,0.8677282923885667,0.894399260093749,0.9064618418380102,0.89792098871641,0.8448920929338307,0.8133476891210575,0.8341677752958437,0.8699899952455131,0.8446128807942033,0.7973431944292315,0.7007265386299915,0.760037701847853,0.7961334076819951,0.8187311679470435,0.7402776838258869,0.684955841789015,0.7817438374420962,0.7844117250057734,0.7655753702760617,0.6400527483716361,0.6545698977867506,0.7610563565625111,0.7603435532397166,0.7006894041768027,0.5784802366015953,0.6776097969693037,0.7538566646186499,0.7608307751838612,0.6426952316983976,0.5666719282527242,0.7281696009909184,0.7413164413449856,0.7384244001816175,0.5605018609187985,0.6350017671218364,0.734031973782931,0.7522826268096015,0.6582522645601955,0.5573867723351088,0.6463835635319798,0.6685413968653816,0.6549762961238879,0.5228954932893419,0.48769467646335085,0.6540145251407172,0.664333927469146],"epoch_mstimes":[2296,3240,4244,5217,6128,7016,7868,8729,9621,10538,11462,12393,13289,14193,15188,16200,17084,17971,18822,19694,20593,21511,22404,23301,24171,25058,25983,26952,27934,28910,29836,30796,31915,32977,33918,34859,35759,36706,37776,38719,39619,40510,41386,42291,43242,44218,45186,46157,47082,48081,49248,50468,51678,52755,53848,55732,61333,62331,63338,64289,65264,66371,67736,69104,70477,71553,72889,78149,79906,81645,83016,84368,89575,91980,94382,96057,97715,103030,105435,107818,109135,112925,116489,118874,120939,122276,127403,129658,131851,133416,135008,145327,156640,167941,169846,176620,187926,199234,207438,209132,219933,231253,242561,247159,251951,263246,274542,285595,286962,293746],"epoch_tau_dist":[],"meta":{"batch_size":16,"dataset":"CIFAR10","dispatcher":"semisync","epoch_steps":3125,"exec_steps":512,"learning_rate":0.005,"momentum":0.3,"monitor":"window","num_epochs":110,"num_threads":64,"para_ctrl":"static","probe_steps":128,"search_degree":2,"semisync_period":256,"semisync_period_min":4,"semisync_reduce_period":4096,"semisync_reduce_step":1,"semisync_strat":"probe","semisync_win_loss_scalar":0.4000000059604645,"semisync_win_offset":128,"semisync_win_step":32,"window_size":8,"windowsearch_m0":32},"para_isprobing":[],"para_mstimes":[],"para_stepinds":[],"para_values":[],"step_acceptance_rate":0.2661545169784401,"steptimes":[],