{"epoch_loss": [ 2.30272, 2.30269, 2.30272, 2.30273, 2.30272, 2.30272, 2.3027, 2.30269, 2.3027, 2.30265, 2.30259, 2.30234, 2.30009, 2.30412, 2.30322, 2.30021, 2.28856, 2.26288, 2.21652, 2.17101, 2.21923, 2.14206, 2.14983, 2.08838, 2.02204, 2.10287, 2.07963, 2.01357, 2.02178, 1.98708, 1.99406, 2.00417, 1.89564, 1.99081, 1.92365, 1.9407, 1.88293, 1.93168, 1.91971, 1.87192, 1.85434, 1.94381, 1.9127, 1.86673, 1.8257, 1.91481, 1.85032, 1.86679, 1.77487, 1.874, 1.83562, 1.82325, 1.80382, 1.88726, 1.81665, 1.81308, 1.77995, 1.80333, 1.82709, 1.79834, 1.8201, 1.75132, 1.80293, 1.78701, 1.8126, 1.69792, 1.8458, 1.75347, 1.80861, 1.69, 1.80185, 1.75701, 1.74049, 1.73497, 1.76444, 1.74273, 1.74814, 1.75541, 1.72228, 1.75158, 1.70758, 1.74245, 1.70562, 1.7318, 1.68339, 1.68789, 1.72342, 1.70604, 1.68389, 1.65114, 1.67174, 1.67912, 1.66363, 1.67051, 1.67434, 1.68356, 1.62875, 1.64485, 1.62138, 1.63656, 1.63044, 1.67479, 1.65244, 1.63785, 1.61974, 1.6396, 1.63857, 1.58997, 1.61199, 1.61841, 1.48444, 1.42637, 1.72014, 1.62896, 1.59149, 1.54886, 1.59483, 1.61004, 1.59359, 1.54474, 1.55088, 1.60054, 1.59704, 1.59991, 1.52395, 1.56514, 1.57414, 1.6039, 1.48435, 1.5608, 1.6365, 1.57456, 1.43903, 1.59657, 1.53472, 1.56425, 1.45346, 1.61513, 1.50926, 1.52081, 1.48416, 1.63123, 1.56403, 1.56553, 1.5014, 1.51401, 1.56617, 1.53995, 1.5772, 1.42519, 1.5671, 1.5728, 1.50943, 1.41322, 1.58512, 1.50567, 1.51432, 1.46761, 1.50743, 1.51754, 1.51198, 1.46688, 1.49422, 1.52893, 1.54234, 1.49573, 1.44883, 1.55936, 1.53117, 1.48264, 1.50315, 1.48129, 1.52543, 1.51465, 1.47026, 1.46522, 1.50218, 1.50797, 1.49419, 1.44337, 1.49861, 1.48942, 1.42347, 1.4479, 1.45884, 1.53038, 1.48019, 1.44101, 1.52095, 1.47897, 1.46268, 1.42302, 1.46141, 1.45649, 1.48842, 1.49293, 1.44713, 1.40056, 1.42742, 1.4958 ], "epoch_time": [ 2, 3, 5, 6, 8, 9, 11, 13, 14, 16, 17, 19, 20, 22, 23, 25, 27, 28, 30, 31, 33, 35, 36, 38, 39, 41, 42, 44, 46, 47, 49, 50, 52, 53, 55, 56, 58, 60, 61, 63, 64, 66, 67, 69, 70, 72, 74, 75, 77, 78, 80, 81, 83, 85, 86, 88, 89, 91, 92, 94, 95, 97, 99, 100, 102, 103, 105, 106, 108, 110, 111, 113, 114, 116, 117, 119, 120, 122, 124, 125, 126, 128, 130, 131, 133, 134, 136, 137, 139, 141, 142, 144, 145, 147, 148, 150, 151, 153, 154, 156, 157, 159, 160, 162, 163, 165, 167, 168, 170, 171, 173, 174, 176, 177, 179, 181, 182, 184, 185, 187, 188, 190, 191, 193, 195, 196, 198, 199, 201, 202, 204, 206, 207, 209, 210, 212, 213, 215, 216, 218, 220, 221, 223, 224, 226, 228, 229, 231, 232, 234, 235, 237, 238, 240, 242, 243, 245, 246, 248, 249, 251, 252, 254, 256, 257, 259, 260, 262, 264, 265, 267, 268, 270, 271, 273, 274, 276, 277, 279, 281, 282, 284, 285, 287, 288, 290, 291, 293, 294, 296, 298, 299, 301, 302, 304, 305, 307, 309, 310, 311 ], "staleness_dist": [ 93, 90, 91, 114, 88, 95, 88, 86, 114, 154, 94, 102, 141, 94, 125, 89, 94, 138, 120, 111, 183, 393, 290, 146, 112, 127, 135, 142, 134, 131, 114, 155, 142, 165, 203, 461, 1111, 833, 309, 230, 286, 769, 3467, 9327, 7276, 2185, 1692, 1911, 1082, 497, 275, 249, 230, 219, 236, 245, 261, 201, 208, 194, 167, 184, 195, 211, 200, 200, 183, 190, 182, 164, 192, 149, 171, 186, 166, 170, 146, 164, 171, 146, 158, 156, 152, 150, 135, 156, 143, 162, 145, 171, 138, 163, 149, 167, 150, 156, 160, 156, 145, 140, 146, 167, 144, 149, 141, 134, 149, 164, 158, 133, 157, 154, 155, 138, 156, 166, 192, 179, 182, 151, 174, 151, 158, 173, 193, 183, 172, 186, 161, 174, 179, 156, 186, 159, 178, 185, 183, 199, 212, 192, 228, 191, 214, 184, 188, 206, 177, 177, 179, 171, 180, 201, 175, 158, 214, 225, 235, 252, 214, 232, 211, 257, 200, 229, 253, 252, 194, 255, 231, 234, 227, 234, 263, 266, 279, 268, 287, 229, 247, 262, 259, 251, 264, 281, 260, 242, 286, 245]}
