{"epoch_loss": [ 2.30271, 2.3027, 2.30271, 2.30271, 2.3027, 2.3027, 2.3027, 2.30268, 2.30267, 2.30263, 2.30253, 2.30199, 2.27371, 2.12459, 2.02914, 1.93071, 1.8294, 1.76194, 1.70963, 1.66379, 1.61719, 1.57373, 1.53359, 1.49925, 1.46698, 1.43534, 1.41068, 1.38437, 1.36188, 1.33962, 1.31694, 1.29579, 1.2753, 1.25478, 1.2361, 1.21552, 1.19895, 1.18203, 1.1628, 1.14625, 1.13034, 1.11567, 1.09995, 1.08682, 1.06826, 1.05518, 1.04065, 1.02474, 1.01383, 0.997331, 0.98845, 0.969894, 0.959148, 0.951949, 0.936769, 0.927827, 0.910649, 0.903081, 0.888614, 0.885792, 0.874495, 0.864845, 0.852934, 0.850265, 0.832713, 0.824847, 0.813332, 0.801433, 0.794277, 0.787764, 0.774241, 0.775, 0.765977, 0.756121, 0.748859, 0.74132, 0.729387, 0.737991, 0.720712, 0.714945, 0.705249, 0.706646, 0.69814, 0.688468, 0.683371, 0.671587, 0.673888, 0.664718, 0.655617, 0.66078, 0.649341, 0.6277, 0.650362, 0.633853, 0.627227, 0.605639, 0.631968, 0.623574, 0.611027, 0.600521, 0.599705, 0.58813, 0.600994, 0.610263, 0.577889, 0.578035, 0.580823, 0.563766, 0.571938, 0.573167, 0.560166, 0.558681, 0.559019, 0.533681, 0.554291, 0.553367, 0.547877, 0.551307, 0.511407, 0.543722, 0.522659, 0.521973, 0.516732, 0.530569, 0.530533, 0.528546, 0.487991, 0.510286, 0.507965, 0.505842, 0.501446, 0.494248, 0.509976, 0.486668, 0.507854, 0.49562, 0.496038, 0.487917, 0.461871, 0.470522, 0.486943, 0.482616, 0.487842, 0.470256, 0.51891, 0.445996, 0.444963, 0.448435, 0.449319, 0.496813, 0.461307, 0.451694, 0.468332, 0.431246, 0.450853, 0.442717, 0.446745, 0.442785, 0.436161, 0.464418, 0.488037, 0.459523, 0.397912, 0.417476, 0.426537, 0.446762, 0.447501, 0.459474, 0.40839, 0.420776, 0.435725, 0.428885, 0.412838, 0.422732, 0.414833, 0.422008, 0.438164, 0.423818, 0.440492, 0.424554, 0.391544, 0.432697, 0.414294, 0.386197, 0.412412, 0.452228, 0.405989, 0.383527, 0.388815, 0.436155, 0.39146, 0.384693, 0.397645, 0.451708, 0.375314, 0.412605, 0.396384, 0.390454, 0.355025, 0.37027 ], "epoch_time": [ 7, 12, 17, 22, 27, 33, 39, 45, 51, 56, 62, 67, 73, 79, 85, 90, 96, 101, 107, 113, 118, 124, 130, 135, 141, 147, 153, 159, 164, 170, 175, 182, 187, 193, 198, 204, 209, 216, 222, 228, 234, 239, 245, 251, 258, 264, 269, 275, 280, 286, 292, 298, 304, 309, 315, 320, 327, 332, 338, 343, 349, 354, 360, 366, 371, 377, 382, 388, 394, 401, 406, 412, 417, 423, 429, 435, 440, 446, 451, 457, 463, 468, 474, 479, 485, 491, 496, 502, 508, 513, 519, 525, 530, 536, 541, 547, 552, 558, 564, 569, 575, 580, 586, 591, 597, 602, 608, 613, 619, 624, 629, 634, 639, 644, 649, 654, 659, 664, 669, 674, 679, 684, 689, 694, 699, 704, 709, 713, 718, 723, 729, 733, 738, 743, 748, 753, 758, 763, 768, 773, 778, 783, 788, 792, 797, 802, 807, 812, 817, 822, 827, 832, 837, 842, 847, 852, 857, 862, 867, 872, 876, 881, 886, 891, 896, 901, 906, 911, 916, 921, 926, 931, 936, 941, 946, 950, 955, 960, 965, 970, 975, 980, 985, 990, 995, 1000, 1005, 1010, 1015, 1019, 1024, 1029, 1034, 1039, 1044, 1049, 1054, 1058, 1063, 1068 ], "staleness_dist": [ 1, 1, 1, 4, 33, 343, 3277, 24918, 133769, 438604, 10020, 1605, 1688, 2649, 3124, 2767, 1596, 495, 93, 6, 4, 2, 0, 0, 0, 0, 0, 0, 0, 0, 0, 0, 0, 0, 0, 0, 0, 0, 0, 0, 0, 0, 0, 0, 0, 0, 0, 0, 0, 0, 0, 0, 0, 0, 0, 0, 0, 0, 0, 0, 0, 0, 0, 0, 0, 0, 0, 0, 0, 0, 0, 0, 0, 0, 0, 0, 0, 0, 0, 0, 0, 0, 0, 0, 0, 0, 0, 0, 0, 0, 0, 0, 0, 0, 0, 0, 0, 0, 0, 0, 0, 0, 0, 0, 0, 0, 0, 0, 0, 0, 0, 0, 0, 0, 0, 0, 0, 0, 0, 0, 0, 0, 0, 0, 0, 0, 0, 0, 0, 0, 0, 0, 0, 0, 0, 0, 0, 0, 0, 0, 0, 0, 0, 0, 0, 0, 0, 0, 0, 0, 0, 0, 0, 0, 0, 0, 0, 0, 0, 0, 0, 0, 0, 0, 0, 0, 0, 0, 0, 0, 0, 0, 0, 0, 0, 0, 0, 0, 0, 0, 0, 0, 0, 0, 0, 0, 0, 0, 0, 0, 0, 0, 0, 0, 0, 0, 0, 0, 0, 0 ], "numtriesdist": [  ], "numfailedcas": 0}