{"epoch_loss": [ 2.30272, 2.30272, 2.30271, 2.30272, 2.30271, 2.30272, 2.3027, 2.30269, 2.30268, 2.30266, 2.30255, 2.3021, 2.2868, 2.16928, 2.10213, 2.04625, 2.01446, 1.97405, 1.92161, 1.87541, 1.82937, 1.78688, 1.74897, 1.71678, 1.69826, 1.66729, 1.63827, 1.63316, 1.598, 1.58509, 1.55166, 1.55106, 1.51947, 1.50599, 1.48627, 1.46907, 1.45728, 1.43695, 1.41455, 1.3994, 1.39966, 1.38377, 1.35646, 1.3351, 1.33522, 1.3082, 1.29009, 1.29477, 1.27106, 1.25863, 1.26643, 1.25052, 1.22386, 1.21113, 1.20653, 1.20216, 1.18243, 1.19107, 1.13368, 1.15894, 1.15176, 1.15886, 1.13664, 1.11248, 1.10931, 1.10605, 1.08178, 1.09718, 1.07733, 1.09002, 1.06795, 1.03581, 1.04725, 1.05768, 1.03993, 1.00925, 1.04796, 1.01363, 1.01637, 1.01367, 0.976069, 0.997383, 0.978291, 0.962114, 0.960987, 0.964381, 0.956992, 0.963812, 0.935766, 0.95139, 0.935724, 0.93524, 0.911548, 0.932874, 0.908806, 0.925575, 0.917574, 0.906499, 0.873093, 0.903729, 0.881273, 0.858377, 0.872912, 0.876457, 0.862482, 0.869369, 0.836042, 0.866951, 0.857408, 0.854118, 0.841928, 0.859921, 0.843405, 0.827752, 0.823803, 0.829568, 0.79925, 0.823126, 0.819186, 0.812256, 0.804918, 0.798858, 0.802023, 0.802995, 0.811873, 0.774337, 0.76726, 0.756016, 0.775151, 0.748622, 0.795924, 0.773229, 0.759427, 0.763543, 0.731152, 0.766227, 0.801876, 0.726819, 0.734862, 0.764336, 0.736031, 0.725084, 0.733957, 0.721018, 0.737055, 0.745463, 0.744219, 0.733335, 0.728254, 0.717949, 0.732635, 0.712073, 0.745371, 0.707216, 0.721189, 0.705828, 0.701123, 0.714969, 0.671736, 0.721961, 0.702964, 0.689325, 0.691619, 0.72109, 0.685195, 0.689491, 0.682035, 0.706037, 0.706554, 0.651279, 0.706278, 0.659674, 0.672373, 0.684291, 0.661313, 0.693964, 0.676477, 0.669031, 0.667638, 0.626716, 0.626456, 0.620651, 0.65916, 0.67816, 0.683382, 0.613929, 0.648509, 0.613485, 0.621531, 0.670675, 0.703509, 0.614926, 0.654335, 0.670702, 0.64294, 0.586353, 0.612047, 0.667956, 0.604499, 0.640217 ], "epoch_time": [ 3, 5, 6, 8, 10, 11, 13, 14, 16, 17, 19, 21, 22, 24, 25, 27, 28, 30, 32, 33, 35, 36, 38, 39, 41, 43, 44, 46, 47, 49, 51, 52, 54, 55, 57, 59, 60, 62, 63, 65, 67, 68, 70, 71, 73, 75, 76, 78, 79, 81, 83, 84, 86, 88, 89, 91, 92, 94, 96, 97, 99, 100, 102, 104, 105, 107, 109, 110, 112, 113, 115, 117, 118, 120, 121, 123, 125, 126, 128, 129, 131, 133, 134, 136, 137, 139, 140, 142, 144, 145, 147, 148, 150, 152, 153, 155, 156, 158, 160, 161, 163, 164, 166, 168, 169, 171, 173, 174, 176, 177, 179, 181, 182, 184, 185, 187, 189, 190, 192, 193, 195, 197, 198, 200, 201, 203, 205, 206, 208, 209, 211, 213, 214, 216, 217, 219, 221, 222, 224, 225, 227, 229, 230, 232, 233, 235, 237, 238, 240, 241, 243, 245, 246, 248, 249, 251, 253, 254, 256, 257, 259, 261, 262, 264, 265, 267, 269, 270, 272, 273, 275, 277, 278, 280, 281, 283, 285, 286, 288, 289, 291, 293, 294, 296, 297, 299, 301, 302, 304, 305, 307, 309, 310, 312, 313, 315, 317, 318, 320, 321 ], "staleness_dist": [ 1, 1, 1, 1, 1, 1, 1, 1, 1, 1, 1, 1, 1, 1, 1, 1, 1, 1, 1, 1, 1, 1, 2, 6, 1, 12, 13, 33, 62, 166, 395, 936, 1845, 3514, 5924, 9552, 13409, 17656, 21066, 22378, 21697, 18896, 14762, 10594, 6964, 4276, 2362, 1217, 603, 359, 261, 211, 211, 244, 320, 380, 579, 853, 1814, 3669, 8262, 16483, 30806, 50408, 70677, 81266, 75961, 54858, 29727, 12041, 3843, 1229, 569, 292, 237, 163, 126, 103, 100, 72, 78, 72, 60, 45, 50, 40, 35, 25, 22, 15, 15, 18, 12, 6, 4, 2, 0, 1, 0, 2, 0, 1, 0, 1, 0, 2, 2, 0, 0, 0, 0, 0, 0, 0, 0, 0, 1, 0, 0, 0, 0, 0, 0, 1, 0, 0, 0, 0, 0, 0, 0, 0, 0, 0, 0, 0, 0, 0, 0, 0, 0, 0, 0, 0, 0, 0, 0, 0, 0, 0, 0, 0, 0, 0, 0, 0, 0, 0, 0, 1, 0, 0, 0, 0, 0, 0, 0, 0, 0, 0, 1, 1, 0, 0, 0, 0, 0, 0, 0, 0, 0, 0, 0, 0, 0, 0, 0, 0, 0, 0, 0, 0, 0, 0, 0, 0, 0, 0, 0, 0 ], "numtriesdist": [  ], "numfailedcas": 0}