{"epoch_loss":[2.2716034862389787,2.2712790163968384,2.2800110533809392,2.271206919895482,2.2712995824307045,2.271114389329103,2.267074442010068,2.3683282346532013,1.8445113267825008,1.0223234640110372,0.2936519086441397,0.016684288843071403,0.004179681027978467,0.0017165327709111483,0.0012602227718165851,0.0009053971029883657,0.0007529280208809471,0.0005554887202755142,0.0005398936646094828,0.00038382025109272983,0.0003878779977300009,0.00028955483639731813,0.0002556943138896716,0.0002507020988901752,0.00020698131287828677,0.0001881864036593371,0.0001722529691897835,0.00016253584334530342,0.00015021986152473287,0.00012793084595675195,0.00010506958766231515,0.00013872484971532963,0.00011293261163537689,0.00010570689048126707,8.516373424455746e-05,9.119523108852077e-05,8.369643662422509e-05,8.655863792669094e-05,8.263699431998987e-05,8.28674139777803e-05,7.563412530878611e-05,7.043170078774687e-05,5.258917942834815e-05,6.697455439501882e-05,6.265716696073227e-05,6.535341498079282e-05,5.4836952091891886e-05,6.840393262355547e-05,5.6498700488678564e-05,5.420791277655529e-05,5.424145967637768e-05,4.796085056614423e-05,4.761194023226424e-05,4.6648002572184285e-05,4.8149722178029626e-05,4.370361635827003e-05,4.3734674356271526e-05,4.135828399628725e-05,4.0430846599243316e-05,3.939565690511778e-05,3.830108814013586e-05,3.4972465863044955e-05,3.7559488480985266e-05,4.190989381033981e-05,3.6680717134934506e-05,3.596364298006812e-05,3.816570617240015e-05,3.816570251848745e-05,3.742870504315025e-05,3.668581132156689e-05,4.184138091090435e-05],"epoch_mstimes":[1746,3516,5394,7565,9575,11595,13324,15410,17315,19266,21376,23309,25305,27308,29141,31283,33363,35094,37048,38862,40973,42844,44619,46663,48421,50165,51912,53592,55601,57493,59481,61532,63386,65146,66863,68577,70320,72107,74052,76035,77978,79982,81784,83738,85806,87834,89875,92127,94071,96204,98105,99922,101944,103692,105556,107369,109264,111410,113401,115364,117203,119002,120810,122581,122586,122587,122587,122592,122593,122601,122605],"para_mstimes":[],"para_values":[]}