{"epoch_loss":[2.3031555062628954,2.3043547374584623,2.306216890532692,2.303958300674143,2.3065124653415783,2.3030946647969035,2.303340092148942,2.2944372903342787,2.177416819197134,2.0628380473622836,2.0161657371908928,1.9436575870084971,1.855358924178129,1.917968284497026,1.785070316475442,1.7498116954343095,1.7297902792060922,1.7826291490696413,1.6397107056705666,1.76244794496969,1.5628697930634097,1.6412516967451105,1.5900833868591275,1.4764695569844213,1.5583186645257676,1.6225642258324757,1.7497284693992752,1.3979856975868084,1.5005965215120909,1.4200776821179306,1.381496323683249,1.4124573889263738,1.5882848285990852,1.496800983857347,1.4404344094678616,1.4219031591238274,1.469065727375936,1.4736234899649714,1.3729646826646293,1.2703298488476353,1.4069474320274937,1.2521144049184234,1.2677996919600347,1.2368076076387367,1.197537060315258,1.3574935905835026,1.2840231192935023,1.3926454995708484,1.1339378183541364,1.1452010359752525,1.2454417689504933,1.2046304131213224,1.1204550156083124,1.1808784195451028,1.3126808943361254,1.255863992000477,1.1677094169101276,1.2200567105137645,1.075569542558843,1.2518196492295335,1.1901800137061986,1.0365840198952092,1.0773301788995435,1.0695076135351282,1.0755635809586799,1.0606971445265936,1.056680499697456,1.0581572969859692,1.0526261562588048,1.0133936129633698,1.0239583388833517],"epoch_mstimes":[1768,3501,6194,9766,13484,17163,20859,24478,28060,31169,33064,34816,37449,40540,43409,45851,47610,49354,51067,52736,54369,56024,57704,59419,61130,62848,64595,66329,68144,69932,71656,73404,75141,76855,78597,80302,81996,83730,85491,87213,88895,90600,92465,95185,98200,100365,102403,104129,106738,109169,110912,112653,114424,116122,117799,119585,121307,122978,124666,126371,128205,129963,131677,133423,133426,133428,133431,133438,133444,133449,133455],"para_mstimes":[],"para_values":[]}