{"epoch_loss":[2.271637522612935,2.271242089504779,2.2712839355525554,2.271294536108201,2.27126344238636,2.270520496265673,2.269489716260941,2.0185511031323027,1.7356190101299842,0.6908495940835063,0.016799043927538997,0.003260546632652273,0.0013402738657921557,0.0008565901280707572,0.0006189610504928392,0.00048079253163560334,0.00039457868058532153,0.0003146548707340047,0.00028153984069987097,0.0002447174882374036,0.0002155327918018268,0.0001805870845845481,0.00017303965439326705,0.0001594623527451375,0.0001462256932536911,0.0001360790239411949,0.00012085101214234296,0.00011652437707151213,0.00010866773781677187,0.00010111924290045262,9.563558356952968e-05,9.00237443445211e-05,8.511680034504993e-05,8.315456879915933e-05,7.15250897952406e-05,7.30773842656463e-05,6.845533089650974e-05,6.490931483392995e-05,6.192195913660726e-05,6.381010836932369e-05,5.831628102349293e-05,6.102106464558912e-05,5.488878074828485e-05,5.1174640308747926e-05,5.030119727811975e-05,4.9114002104751314e-05,4.803460032270078e-05,4.875317455574751e-05,4.461508965097231e-05,4.3284346750733976e-05,4.204206971623241e-05,4.0826206488945644e-05,3.601393917552336e-05,4.041002994116187e-05,4.0554937316564756e-05,3.643235074319999e-05,3.550881864404587e-05,3.3894457026113546e-05,3.45146249974658e-05,3.299123963875216e-05,3.422181016008893e-05,3.149921903888019e-05,3.028086886755396e-05,3.1155940241280154e-05,3.034499043350367e-05,3.0344117843746723e-05,2.8947957943488127e-05,2.8647248294689356e-05,3.0115595676965052e-05,2.9512098289413255e-05,3.1408433429169815e-05],"epoch_mstimes":[1749,3487,5389,7344,9264,11502,13517,15793,17765,19971,21642,23691,25698,27551,29365,31233,33207,35170,37203,39255,41325,43244,45147,47200,49165,51093,53039,54848,56663,58637,60484,62354,64065,65862,67858,69809,71565,73643,75633,77620,79587,81642,83593,85473,87261,89221,91427,93219,95547,97363,99205,100969,102996,104791,107020,109031,110954,112890,114756,116547,118557,120409,122125,123919,123926,123926,123933,123938,123940,123946,123946],"para_mstimes":[458,900,1322,1749,2186,2618,3050,3487,3941,5824,6364,6882,7344,7905,8401,8841,9264,9750,10335,12589,13074,13517,14017,14576,15255,15793,16289,16801,17289,19486,19971,20399,20813,21230,21642,22081,22723,23176,23691,25698,26156,26655,27138,27551,27954,28423,28862,29365,29865,31735,32205,32754,33207,33646,34197,34646,35170,35676,36221,38302,38824,39255,39691,40194,40787,41325,41878,42352,42795,44709,45147,45668,46213,46210,46722,47200,47643,48090,48660,50643,51093,51515,51971,52440,53039,53524,53965,54412,54848,56663,57107,57544,58113,58637,59154,59574,60032,60484,60923,60923,62790,63221,63644,64065,64519,65005,65441,65862,66291,66756,68890,69372,69809,70236,70687,71112,71565,72034,72503,73141,75171,75633,76145,76611,77139,77620,78049,78612,79075,79587,81642,82090,82636,83129,83593,84041,84546,85044,85473,85906,87789,88282,88767,89221,89715,90194,90791,91427,91895,92335,94469,95062,95547,96000,96472,96933,97363,97912,98368,98785,100519,100969,101524,102001,102481,102996,103446,103888,104325,104791,107016,107515,108035,108570,109031,109497,109987,110501,110954,111480,113320,113855,114315,114756,115198,115620,116074,116547,117048,117542,119544,119968,120409,120826,121247,121685,122125,122578,123004,123441],"para_values":[250,375,312,375,437,343,374,405,405,405,437,468,452,468,484,444,452,460,460,463,475,487,481,487,493,490,493,496,493,492,495,497,495,497,498,497,498,499,499,497,498,499,498,499,499,498,499,499,499,498,499,499,498,499,499,498,499,499,499,498,499,499,498,499,499,498,499,499,499,498,499,499,498,498,498,498,498,498,498,498,499,499,498,499,499,498,498,498,498,498,499,499,498,498,498,498,498,498,498,497,497,498,499,498,499,499,498,499,499,499,498,499,499,498,499,499,498,499,499,499,498,499,499,498,498,498,498,498,498,498,498,499,499,498,498,498,498,498,498,498,498,499,499,498,499,499,498,498,498,498,498,499,499,498,499,499,498,498,498,498,498,499,499,498,499,499,498,498,498,498,498,499,499,498,498,498,498,498,498,498,498,499,499,498,498,498,498,498,498,498,498,499,499,498,499,499,498,499,499,499]}