{"epoch_loss":[2.2714601455265244,2.2712498004915185,2.2629603596999974,2.2724502815763596,2.2708290137990907,2.271205801578124,2.271864433505517,2.082014197966032,1.8612880507252565,0.809345102217075,0.20968010126517772,0.005627784352426577,0.001886660370006077,0.0011384049463561783,0.0007118450775866641,0.0005287176252952695,0.0004151942851117248,0.0003425695530929522,0.000282110445252321,0.0002490361357842853,0.0002138061247146458,0.00019368192789842806,0.0001772699524129691,0.00015643564719801308,0.0001424049006646858,0.00013051591494252392,0.00012057243307104858,0.00010881985870415423,0.00010600578021421901,9.740926248358505e-05,8.596343998980371e-05,7.562274138295117e-05,8.468554372903268e-05,6.785722717856633e-05,7.391791635383045e-05,6.568541366834442e-05,6.566771000294636e-05,6.937201385050554e-05,6.0845024982954166e-05,6.218602984724505e-05,5.8227888302217424e-05,5.387008083933633e-05,5.0017090863869196e-05,5.007731983710884e-05,4.821481334524587e-05,4.4605342771711985e-05,4.440712326352085e-05,4.662969733934399e-05,4.084826024433564e-05,3.976927929485719e-05,3.924144175946542e-05,3.883409007334718e-05,3.824246608109549e-05,3.6724801777699676e-05,3.575624304352386e-05,3.503425461724559e-05,3.088392350474273e-05,3.456489471519656e-05,3.423959365000842e-05,3.123654461266326e-05,3.080806431253299e-05,2.9793374672400063e-05,2.682746414778742e-05,3.107162778948419e-05,3.086162064519833e-05,3.08564580655378e-05,3.153621473456028e-05,2.9683462132136785e-05,2.9420820712087266e-05,2.8765435103118465e-05,2.8763498204448784e-05],"epoch_mstimes":[1775,3494,5263,7448,9564,11481,13346,15086,17036,18780,20477,22152,24091,26041,27898,29712,31704,33590,35622,37436,39296,41044,42870,44640,46369,48413,50368,52411,54370,56608,58977,60883,63086,65024,67020,68973,70766,72660,74417,76204,77953,79763,81914,83915,85854,88017,90007,92098,94082,96023,98167,100196,102044,103876,105644,107513,109454,111317,113140,114899,116636,118511,120501,122582,122582,122582,122588,122590,122593,122594,122595],"para_mstimes":[469,903,1342,1775,2201,2626,3063,3494,3932,5768,6317,6885,7448,7960,8424,9047,9564,9996,10441,12461,12921,13346,13784,14207,14643,15086,15545,16084,16590,18359,18780,19214,19644,20060,20477,20894,21306,21717,22152,24091,24565,25047,25497,26041,26486,26942,27438,27898,28347,30221,30678,31234,31704,32154,32593,33107,33590,34153,34621,36514,36982,37436,37952,38416,38861,39296,39723,40177,40616,42403,42870,43311,43758,44198,44640,45077,45483,45927,46369,48413,48916,49419,49887,50368,50948,51419,51920,52411,52840,54987,55481,56030,56608,57197,57830,58389,58977,59468,59882,61943,62462,63086,63549,63990,64533,65024,65551,66047,66542,68438,68973,69446,69921,70347,70766,71183,71595,72100,72660,74417,74830,75288,75739,76204,76642,77066,77524,77953,78382,80307,80800,81352,81914,82439,82948,83463,83915,84431,84934,86949,87556,88017,88551,89049,89473,90007,90622,91154,91593,93617,94082,94540,95095,95573,96023,96523,97034,97604,98167,100196,100644,101136,101589,102044,102459,102894,103411,103876,104334,106072,106575,107050,107513,108031,108531,109018,109454,109861,110392,112237,112721,113140,113557,114008,114464,114899,115346,115770,116195,118054,118511,119037,119577,120030,120501,120976,121433,121981,122582],"para_values":[250,375,187,249,311,218,249,280,218,125,250,375,63,125,187,94,125,156,94,125,250,375,312,375,437,405,437,468,468,125,250,375,312,375,437,405,437,468,468,125,250,375,312,375,437,405,437,468,468,125,250,375,312,375,437,405,437,468,437,125,250,375,312,375,437,405,437,468,468,125,250,375,312,375,437,405,437,468,468,125,250,375,312,375,437,405,437,468,437,125,250,375,187,249,311,218,249,280,218,125,250,375,312,375,437,405,437,468,405,125,250,375,63,125,187,94,125,156,125,125,250,375,312,375,437,405,437,468,468,125,250,375,312,375,437,405,437,468,468,125,250,375,187,249,311,280,311,342,342,125,250,375,187,249,311,218,249,280,280,125,250,375,312,375,437,405,437,468,468,125,250,375,63,125,187,32,63,94,32,125,250,375,63,125,187,156,187,218,218,125,250,375,312,375,437,343,374,405,343]}