{"epoch_loss":[2.271457272306302,2.272406612948777,2.2713349908288123,2.2685092215054437,2.2771405984180495,2.276117591897835,2.2644093187039473,2.1231829536516345,1.7587908607645248,0.8248443699729286,0.016875825188447997,0.002733347825014715,0.0014025788579263908,0.0008601090948123166,0.0005979773563151308,0.0004891609106183142,0.0004045344444374169,0.0003324755639512439,0.00028068018700498035,0.0002470151204439473,0.0002268358804199043,0.00021004932655301382,0.00016593695972070153,0.00016322880114938003,0.00014693860091890136,0.00013085343021211054,0.0001290940265560879,0.00011703502349243748,0.00010621935268712638,0.00010281515507925862,9.795363534216506e-05,9.146767544626688e-05,8.663980820748715e-05,8.228779456426796e-05,7.55739411282367e-05,7.467493497683369e-05,7.183431501396712e-05,6.568154483545464e-05,6.506472274508104e-05,6.143744651199127e-05,6.03678323972561e-05,5.8101493428707586e-05,5.60120511506142e-05,5.40291928974802e-05,5.215512068059405e-05,4.833153311656409e-05,4.6227986918353975e-05,4.672824417907377e-05,4.780248952212656e-05,4.675782038715985e-05,4.202664319414159e-05,4.0878293183460796e-05,4.074667143382691e-05,3.859228379044094e-05,3.859085764092618e-05,3.75874284387741e-05,3.850027138867821e-05,3.573312746460439e-05,3.5434161872096774e-05,3.426896943192355e-05,3.211054716415489e-05,3.485169466349833e-05,3.216807608623677e-05,3.2595472814991487e-05,3.104682322490326e-05,3.104664388698613e-05,3.1044994015405654e-05,3.1044264208112734e-05,3.0939280174696645e-05],"epoch_mstimes":[1728,3388,5296,7308,9215,11224,13358,15501,17391,19226,21432,23572,25599,27396,29394,31393,33423,35365,37450,39388,41438,43420,45353,47383,49289,51337,53435,55307,57129,59051,60857,62705,64480,66282,68164,70164,72107,74046,76102,77975,79896,81777,83961,85916,87924,89878,91883,93658,95458,97448,99264,101164,102993,104891,106833,108783,110655,112492,114319,116115,117983,119907,122092,124041,124046,124049,124050,124053,124062],"para_mstimes":[],"para_values":[]}