{"epoch_loss": [ 2.30272, 2.30272, 2.30272, 2.30272, 2.30272, 2.30271, 2.3027, 2.3027, 2.30269, 2.30265, 2.30255, 2.30205, 2.28014, 2.14549, 2.0813, 2.02053, 1.96202, 1.89631, 1.84639, 1.7965, 1.73167, 1.71222, 1.67921, 1.65937, 1.62302, 1.61257, 1.58088, 1.57719, 1.55188, 1.53055, 1.51559, 1.48608, 1.45895, 1.45225, 1.42523, 1.40916, 1.39013, 1.32902, 1.32069, 1.33297, 1.31261, 1.31419, 1.30375, 1.29174, 1.28475, 1.26282, 1.23446, 1.27628, 1.24104, 1.23736, 1.24246, 1.19822, 1.20685, 1.17767, 1.18894, 1.16815, 1.13191, 1.14593, 1.06786, 1.08314, 1.08658, 1.07993, 1.08537, 1.07512, 1.08239, 1.09504, 1.1071, 1.05091, 1.09407, 1.08394, 1.08376, 0.984557, 0.977482, 0.962886, 0.966141, 0.951774, 0.965643, 0.954474, 0.932392, 0.848204, 0.872321, 0.879625, 0.905918, 0.91246, 0.90259, 0.913274, 0.924294, 0.917814, 0.917348, 0.913292, 0.952438, 0.962331, 0.872182, 0.90038, 0.891985, 0.893672, 0.893665, 0.869294, 0.906751, 0.857442, 0.848625, 0.717143, 0.768871, 0.803443, 0.819014, 0.817137, 0.861066, 0.844374, 0.856253, 0.849206, 0.884549, 0.850937, 0.818567, 0.860439, 0.662878, 0.689167, 0.73224, 0.706045, 0.718672, 0.744296, 0.746799, 0.622628, 0.600734, 0.641506, 0.684167, 0.730045, 0.692993, 0.726927, 0.761731, 0.768851, 0.753815, 0.736224, 0.791101, 0.810616, 0.558322, 0.525973, 0.563137, 0.589181, 0.613724, 0.586225, 0.577376, 0.477221, 0.504236, 0.573244, 0.622832, 0.640676, 0.685718, 0.639812, 0.682019, 0.697526, 0.678573, 0.59686, 0.424334, 0.403665, 0.40845, 0.449859, 0.438807, 0.381849, 0.395902, 0.479697, 0.550622, 0.562632, 0.584398, 0.64653, 0.64159, 0.420374, 0.351295, 0.334834, 0.335053, 0.334661, 0.315033, 0.313411, 0.42506, 0.541836, 0.552448, 0.592384, 0.606667, 0.346059, 0.302042, 0.28724, 0.278091, 0.271371, 0.270134, 0.367716, 0.550587, 0.583921, 0.604571, 0.428327, 0.281404, 0.255074, 0.242311, 0.234207, 0.230365, 0.313357, 0.525434, 0.577427, 0.41702, 0.26234, 0.231913, 0.215641 ], "epoch_time": [ 1, 2, 4, 5, 6, 7, 9, 10, 12, 13, 14, 15, 16, 17, 18, 19, 20, 21, 22, 23, 24, 25, 26, 27, 28, 29, 30, 31, 32, 33, 33, 34, 35, 36, 37, 37, 38, 39, 40, 41, 42, 43, 44, 45, 45, 46, 47, 48, 49, 50, 51, 52, 53, 54, 54, 55, 56, 57, 58, 59, 59, 60, 61, 62, 63, 64, 65, 65, 66, 67, 68, 69, 70, 70, 71, 72, 73, 74, 74, 75, 76, 77, 78, 79, 80, 80, 81, 82, 83, 84, 85, 86, 86, 87, 88, 89, 90, 90, 91, 92, 93, 94, 95, 96, 97, 97, 98, 99, 100, 101, 102, 102, 103, 104, 105, 106, 107, 108, 108, 109, 110, 111, 112, 113, 114, 114, 115, 116, 117, 118, 119, 120, 121, 121, 122, 123, 124, 125, 126, 127, 128, 129, 130, 131, 132, 133, 133, 134, 135, 136, 137, 138, 139, 140, 141, 142, 143, 145, 146, 147, 148, 149, 150, 151, 152, 154, 155, 156, 157, 159, 161, 162, 163, 165, 166, 167, 168, 169, 171, 172, 174, 176, 177, 179, 180, 182, 183, 184, 186, 188, 189, 192, 193, 195, 197, 198, 199, 201, 203, 205 ], "staleness_dist": [ 552, 428, 317, 282, 276, 284, 263, 259, 268, 272, 292, 923, 1467, 1125, 991, 1900, 2064, 1785, 3674, 13232, 14211, 4850, 5498, 16854, 6734, 7945, 18749, 9065, 22120, 9665, 10689, 23654, 8804, 8448, 9487, 9422, 24046, 8871, 13736, 26003, 13250, 16427, 18674, 25255, 25323, 23193, 22500, 20056, 18389, 14075, 16393, 22015, 28199, 20839, 10445, 8241, 6676, 5528, 4016, 2213, 1426, 1575, 1609, 1416, 1073, 797, 595, 582, 496, 477, 471, 426, 377, 361, 334, 264, 206, 123, 97, 73, 74, 60, 56, 55, 49, 53, 40, 36, 35, 41, 37, 24, 30, 36, 26, 29, 22, 22, 17, 22, 10, 11, 8, 13, 17, 9, 13, 6, 7, 0, 5, 8, 3, 4, 3, 3, 4, 3, 3, 1, 2, 3, 7, 1, 1, 2, 4, 1, 4, 1, 6, 4, 3, 7, 3, 3, 3, 4, 1, 4, 2, 0, 1, 1, 1, 0, 1, 2, 0, 0, 1, 1, 0, 1, 0, 1, 0, 2, 1, 1, 0, 1, 1, 1, 0, 0, 0, 1, 1, 2, 1, 0, 2, 0, 0, 0, 1, 0, 0, 1, 0, 0, 1, 1, 1, 0, 0, 0, 0, 0, 0, 0, 0, 0, 0, 0, 0, 1, 1, 0 ], "numtriesdist": [  ], "numfailedcas": 0}
