{"epoch_loss": [ 2.30272, 2.30272, 2.30272, 2.30272, 2.30271, 2.30271, 2.30271, 2.3027, 2.30268, 2.30265, 2.30255, 2.30204, 2.27933, 2.1393, 2.07541, 2.00292, 1.93732, 1.86806, 1.80831, 1.77297, 1.72961, 1.68631, 1.6495, 1.61488, 1.58603, 1.55867, 1.52994, 1.50464, 1.48699, 1.4548, 1.43703, 1.41646, 1.39946, 1.3817, 1.35632, 1.34419, 1.33168, 1.30722, 1.29317, 1.27787, 1.27173, 1.2488, 1.22765, 1.21763, 1.19507, 1.18652, 1.17577, 1.15244, 1.1445, 1.13746, 1.12153, 1.11458, 1.09644, 1.07728, 1.07514, 1.06485, 1.05334, 1.03203, 1.03197, 1.02443, 1.00796, 1.00985, 0.998735, 0.98113, 0.961825, 0.972373, 0.955031, 0.930749, 0.94578, 0.918618, 0.927405, 0.917111, 0.910005, 0.892041, 0.881284, 0.875512, 0.873945, 0.863697, 0.874105, 0.845, 0.853659, 0.840307, 0.833317, 0.835839, 0.826385, 0.821157, 0.803826, 0.806422, 0.799513, 0.801721, 0.781893, 0.783037, 0.78033, 0.766028, 0.778635, 0.775622, 0.749276, 0.748292, 0.756745, 0.746722 ], "epoch_time": [ 37, 73, 109, 144, 180, 216, 252, 287, 323, 359, 394, 430, 466, 501, 537, 573, 608, 644, 680, 715, 751, 787, 822, 858, 894, 930, 965, 1001, 1037, 1072, 1108, 1144, 1179, 1215, 1251, 1287, 1322, 1358, 1394, 1429, 1465, 1501, 1536, 1572, 1608, 1643, 1679, 1715, 1751, 1786, 1822, 1858, 1893, 1929, 1965, 2000, 2036, 2072, 2108, 2143, 2179, 2215, 2250, 2286, 2322, 2357, 2393, 2429, 2464, 2500, 2536, 2571, 2607, 2643, 2679, 2714, 2750, 2786, 2821, 2857, 2893, 2928, 2964, 3000, 3035, 3071, 3107, 3143, 3178, 3214, 3250, 3285, 3321, 3357, 3392, 3428, 3464, 3499, 3535, 3571 ], "staleness_dist": [ 1, 1, 1, 1, 1, 1, 1, 1, 1, 2, 3, 2, 2, 2, 8, 12, 19, 27, 46, 56, 84, 81, 106, 167, 716, 3984, 17144, 59964, 125725, 104325, 11, 3, 1, 1, 0, 0, 0, 0, 0, 0, 0, 0, 0, 0, 0, 0, 0, 0, 0, 0, 0, 0, 0, 0, 0, 0, 0, 0, 0, 0, 0, 0, 0, 0, 0, 0, 0, 0, 0, 0, 0, 0, 0, 0, 0, 0, 0, 0, 0, 0, 0, 0, 0, 0, 0, 0, 0, 0, 0, 0, 0, 0, 0, 0, 0, 0, 0, 0, 0, 0, 0, 0, 0, 0, 0, 0, 0, 0, 0, 0, 0, 0, 0, 0, 0, 0, 0, 0, 0, 0, 0, 0, 0, 0, 0, 0, 0, 0, 0, 0, 0, 0, 0, 0, 0, 0, 0, 0, 0, 0, 0, 0, 0, 0, 0, 0, 0, 0, 0, 0, 0, 0, 0, 0, 0, 0, 0, 0, 0, 0, 0, 0, 0, 0, 0, 0, 0, 0, 0, 0, 0, 0, 0, 0, 0, 0, 0, 0, 0, 0, 0, 0, 0, 0, 0, 0, 0, 0, 0, 0, 0, 0, 0, 0, 0, 0, 0, 0, 0, 0 ], "numtriesdist": [  ], "numfailedcas": 0}
