{"async_period_mstimes":[3255,4437,5625,6809,7983,9181,10358,11563,12769,13983,15197,16433,17660,18910,20152,21427,22700,23986,25272,26582,27918,29244,30596,31970,33327,34698,36099,37490,38852,40252,41664,43093,44541,46002,47480,48949,50435,51948,53452,54970,56513,58055,59609,61151,62723,64291,65843,67410,68992,70575,72180,73806,75479,77167,78805,80495,82233,83966,85735,87534,89389,91273,93216,95164,97151,99227,101338,103513,105754,108061,110432,112880,115417,118042,120753,123570,126488,129552,132737,136078,139562,143219,147080,151138,155474,160092,165016,170303,176026,182251,189081,196656,205153,214846,226101,239539],"async_period_values":[99.0,98.0,97.0,96.0,95.0,94.0,93.0,92.0,91.0,90.0,89.0,88.0,87.0,86.0,85.0,84.0,83.0,82.0,81.0,80.0,79.0,78.0,77.0,76.0,75.0,74.0,73.0,72.0,71.0,70.0,69.0,68.0,67.0,66.0,65.0,64.0,63.0,62.0,61.0,60.0,59.0,58.0,57.0,56.0,55.0,54.0,53.0,52.0,51.0,50.0,49.0,48.0,47.0,46.0,45.0,44.0,43.0,42.0,41.0,40.0,39.0,38.0,37.0,36.0,35.0,34.0,33.0,32.0,31.0,30.0,29.0,28.0,27.0,26.0,25.0,24.0,23.0,22.0,21.0,20.0,19.0,18.0,17.0,16.0,15.0,14.0,13.0,12.0,11.0,10.0,9.0,8.0,7.0,6.0,5.0,4.0],"end_accuracy":0.4347,"epoch_loss":[2.3026881147085643,2.3026573283232032,2.3027061003083533,2.302720111008988,2.3027254416510607,2.3026818162052303,2.3026559588850066,2.302559431184114,2.300928539982469,2.2430256802658897,2.134713159043394,2.056854447408345,2.0266184084774843,1.9579204739796299,1.9011982736644866,1.8533509871390885,1.7726041381034483,1.7339381885342406,1.6969789989124415,1.668278826765598,1.6376365655045046,1.6188762398481904,1.590740399396009,1.5365452438596223,1.5342242361446383,1.4745936921554972,1.4765538761464838,1.4570055650400675,1.4417959077848186,1.4084273556847957,1.396496654644858,1.3680774230983974,1.342732419933926,1.3204356948835405,1.2926353317357346,1.2678521759201324,1.269101907380012,1.2368522607142234,1.2150942604526145,1.2083939806942199,1.1772995743247496,1.1557538003168106,1.1456517515259979,1.1237311654916067,1.1207215050389396,1.0995541874390433,1.0828517621512006,1.0721450464954365,1.0207873513663974,1.032942137053987,1.0060793159854222,0.9551863229150451,0.9592410752732241,0.9695813885306459,0.9614422914152211,0.9271768897298489,0.9175409673000603,0.8828316452542386,0.8896794026681889,0.8821583330818441,0.8631269442324812,0.8445134321552356,0.8247037188197642,0.8129252713554856,0.8040962080944454,0.794648122702797,0.7827322467039639,0.7637600202703396,0.7465619579200385,0.731434025291481,0.7155845454889193,0.722712235283985,0.716333178406464,0.7128026740088316,0.6964150101057515,0.6744539727297417,0.6822795974490533,0.6573314976154767,0.6631023035756419,0.647381842974902,0.6158853896124274,0.6032392632223452,0.6162846666219229,0.6030717849494467,0.5983677465388029,0.5955117318776477,0.5850431214805334,0.560768920763242,0.5713956179199734,0.5492909952559446,0.5548652353251602,0.5262080946653027,0.5160992960100237,0.5243804857131185,0.49305381897933664,0.48242442691250076,0.5078405537657761,0.4724897238067951,0.3961872002735298,0.4601295213567661,0.436429342500027,0.3430031033651669,0.238356056788221,0.2348196956327647,0.4671143961183095,0.49634061944155106,0.4112535117925634,0.4454793501769628,0.43401334613040427,0.4099440023466597,0.43264803514316985,0.4035744179414415,0.3924101601518081,0.3812124800099177,0.3866536931688604,0.3951288457249475,0.39161238513650204,0.37069658776150843,0.35826123446690517,0.3666685366579742,0.34166923137965644,0.3261252611395145,0.3679420578681749,0.34982603370127147,0.3228754389074144,0.33807074547177685,0.3356519387694558,0.32130578701102197,0.32289420266860636,0.32307195295406027,0.30516774341452,0.30886674531468294,0.3209778650723783,0.308246861442643,0.30090361773715496,0.29416807238213066,0.2935656290843149,0.2996374417917903,0.29520520596746036,0.2778576567333784,0.29653684797464064,0.2871683138135932,0.27734198478992667,0.2813689597150007,0.27169009020102486,0.2760893786901793,0.2823452166099905,0.2792250980171763,0.2787902832477379,0.2625799836903552,0.26387663391773386,0.2757821163306287,0.26319470947085044,0.2519496255479321,0.26898937997133315],"epoch_mstimes":[2998,3867,4773,5673,6554,7440,8339,9231,10114,11020,11932,12838,13740,14660,15561,16503,17417,18352,19295,20231,21189,22159,23133,24085,25066,26061,27058,28062,29063,30084,31127,32145,33176,34217,35265,36314,37365,38398,39454,40518,41593,42663,43761,44846,45949,47047,48163,49259,50384,51514,52660,53792,54926,56088,57254,58438,59611,60779,61972,63138,64354,65523,66729,67909,69114,70296,71492,72742,73973,75234,76540,77784,79024,80283,81615,82921,84238,85576,86939,88345,89747,91183,92654,94134,95620,97136,98702,100293,101910,103568,105266,107005,108769,110573,112435,114345,116297,118303,120361,122506,124680,126917,129244,131649,134139,136706,139360,142130,145014,147992,151089,154381,157823,161420,165185,169203,173464,177976,182768,187982,193621,199727,206341,213722,222133,231604,242385,255099,267829,280553,293274,305982,318688,331413,344134,356827,369545,382255,394974,407694,420443,433150,445885,458597,471346,484058,496773,509496,522239,534977,547701,560425,573143,585867,598572],"meta":{"batch_size":16,"dataset":"CIFAR10","dispatcher":"semisync","epoch_steps":3125,"exec_steps":512,"learning_rate":0.005,"momentum":0.3,"monitor":"window","num_epochs":155,"num_threads":128,"para_ctrl":"static","probe_steps":128,"search_degree":2,"semisync_period":100,"window_size":8},"para_mstimes":[],"para_values":[],"step_acceptance_rate":0.10498930351442959,"steptimes":[],"tau_dist":[35034,34971,34943,34782,12781,11964,11281,10696,10173,9717,9308,8940,8595,8283,7981,7710,7459,7213,6988,6774,6564,6371,6178,6004,5830,5667,5503,5355,5206,5070,4921,4793,4666,4541,4416,4297,4198,4073,3974,3866,3761,3653,3563,3459,3372,3279,3184,3102,3014,2929,2840,2765,2688,2603,2523,2458,2380,2307,2237,2166,2105,2035,1960,1904,1831,1771,1706,1648,1580,1525,1469,1403,1340,1297,1233,1178,1129,1071,1023,965,910,866,814,761,722,665,620,568,520,475,422,383,335,298,251,201,162,115,72,27,0,0,0,0,0,0,0,0,0,0,0,0,0,0,0,0,0,0,0,0,0,0,0,0,0,0,0,0,0,0,0,0,0,0,0,0,0,0,0,0,0,0,0,0,0,0,0,0,0,0,0,0,0,0,0,0,0,0,0,0,0,0,0,0,0,0,0,0,0,0,0,0,0,0,0,0,0,0,0,0,0,0,0,0,0,0,0,0,0,0,0,0,0,0,0,0,0,0,0,0,0,0,0,0,0,0,0,0,0,0,0,0,0,0,0,0,0,0,0,0,0,0,0,0,0,0,0,0,0,0,0,0,0,0,0,0,0,0,0,0,0,0,0,0,0,0,0,0,0,0,0,0,0,0,0,0,0,0,0,0,0,0,0,0,0,0,0,0,0,0,0,0,0,0,0,0,0,0,0,0,0,0,0,0,0,0,0,0,0,0,0,0,0,0,0,0,0,0,0,0,0,0,0,0,0,0,0,0,0,0,0,0,0,0,0,0,0,0,0,0,0,0,0,0,0,0,0,0,0,0,0,0,0,0,0,0,0,0,0,0,0,0,0,0,0,0,0,0,0,0,0,0,0,0,0,0,0,0,0,0,0,0,0,0,0,0,0,0,0,0,0,0,0,0,0,0,0,0,0,0,0,0,0,0,0,0,0,0,0,0,0,0,0,0,0,0,0,0,0,0,0,0,0,0,0,0,0,0,0,0,0,0,0,0,0,0,0,0,0,0,0,0,0,0,0,0,0,0,0,0,0,0,0,0,0,0,0,0,0,0,0,0,0,0,0,0,0,0,0,0,0,0,0,0,0,0,0,0,0,0,0,0,0,0,0,0,0,0,0,0,0,0,0,0,0,0,0,0,0,0,0,0,0,0,0,0,0,0,0,0,0,0,0,0,0,0,0,0,0,0,0,0,0,0,0,0,0,0,0,0,0,0]}