{"async_period_mstimes":[3175,4231,5281,6316,7380,8445,9519,10570,11646,12702,13758,14838,15917,16985,18056,19150,20253,21340,22464,23561,24658,25781,26911,28059,29197,30333,31479,32626,33770,34912,36086,37248,38400,39577,40750,41938,43122,44335,45547,46782,48007,49259,50506,51768,53034,54329,55616,56929,58250,59578,60928,62276,63636,64997,66394,67784,69178,70576,71980,73384,74800,76244,77706,79176,80674,82169,83659,85173,86720,88268,89811,91371,92981,94560,96140,97755,99326,100920,102619,104217,105832,107443,109112,110803,112498,114214,115958,117748,119568,121448,123357,125291,127278,129329,131438,133615,135846,138151,140507,142956,145476,148082,150795,153594,156510,159556,162737,166059,169524,173177,177028,181089,185412,190002,194905,200175,205867,212059,218838,226388,234844,244478,255672,269042],"async_period_values":[127.0,126.0,125.0,124.0,123.0,122.0,121.0,120.0,119.0,118.0,117.0,116.0,115.0,114.0,113.0,112.0,111.0,110.0,109.0,108.0,107.0,106.0,105.0,104.0,103.0,102.0,101.0,100.0,99.0,98.0,97.0,96.0,95.0,94.0,93.0,92.0,91.0,90.0,89.0,88.0,87.0,86.0,85.0,84.0,83.0,82.0,81.0,80.0,79.0,78.0,77.0,76.0,75.0,74.0,73.0,72.0,71.0,70.0,69.0,68.0,67.0,66.0,65.0,64.0,63.0,62.0,61.0,60.0,59.0,58.0,57.0,56.0,55.0,54.0,53.0,52.0,51.0,50.0,49.0,48.0,47.0,46.0,45.0,44.0,43.0,42.0,41.0,40.0,39.0,38.0,37.0,36.0,35.0,34.0,33.0,32.0,31.0,30.0,29.0,28.0,27.0,26.0,25.0,24.0,23.0,22.0,21.0,20.0,19.0,18.0,17.0,16.0,15.0,14.0,13.0,12.0,11.0,10.0,9.0,8.0,7.0,6.0,5.0,4.0],"end_accuracy":0.4135,"epoch_loss":[2.302728033734181,2.3026964141721407,2.302726369569384,2.3027204135496,2.3027270165351195,2.3027049624817817,2.3026662244012006,2.3025588693102472,2.301398714717825,2.2937616738287483,2.3004668066249754,2.241478074525318,2.1609798705316403,2.134293778091906,2.107247099104079,2.0757916091429274,2.056853149266937,2.0507183779035767,2.030871264594869,1.9942863507761173,1.9955053501160536,1.9725661978314313,1.9684098138774893,1.9432487214132093,1.9069535520213272,1.8821907137152514,1.8669953663137335,1.8737189759395232,1.8608934709621676,1.8006318000950192,1.7788462369906741,1.7628440350635581,1.743739695717134,1.7123518829448396,1.6936644921469255,1.664758420498374,1.6298083156315029,1.638875550824084,1.5968077682128625,1.589518309716887,1.590826691407082,1.5756330912623122,1.5638225679384092,1.5503897475643436,1.547807297623596,1.5270295171769328,1.513372229982291,1.506683678763499,1.4948718068021947,1.479766933736405,1.4718443715830738,1.4593520138023082,1.4493922140523547,1.444120594909893,1.4316822782205991,1.4239399943257882,1.3989635854356375,1.4026600929424184,1.3786575188477146,1.3655120700340269,1.357000451359306,1.3887419158694716,1.3422016341208955,1.2909342214428359,1.3294449722311354,1.3199836181171127,1.3281347799544418,1.3508378942151502,1.3046622869552356,1.3077264147135228,1.3375781170256145,1.2698590798801308,1.2925988296540638,1.2690756158618537,1.2818008349504568,1.2867635239074169,1.246655771775954,1.2507872233149546,1.227280812663657,1.2110413402775801,1.2073490212850175,1.2055581754349,1.2067725776109683,1.2008163180279294,1.178512620867329,1.1893625535694843,1.1900198423844761,1.168804892096354,1.1514401612077934,1.1458599236798754,1.1469771914244957,1.139317884775244,1.1189297928843782,1.121927143245066,1.1234334669500026,1.115272885224271,1.1118677312412826,1.095084862171333,1.0986350883999076,1.0874221585706143,1.0666395695289936,1.053078997879378,1.0758858564114493,1.0626068097160029,1.0496892823030934,1.0432905903506586,1.0392237235517716,1.033652962946141,1.026325937295713,1.0324649559444967,1.0249517471641543,0.9984752240793041,1.0119163229578492,0.986244128521608,1.0006207162848892,0.9903554403226928,0.9820866006223504,0.9739980676894161,0.9666404590979202,0.9614354077885142,0.9415485621598516,0.951303741775378,0.9468963571511544,0.9419694637754298,0.9524193344964983,0.9302899257190196,0.9242757450563825,0.9178069099226174,0.9145799930582319,0.8996566263271556,0.8929625106381757,0.8889904022800399,0.8972016059548968,0.8869691872569117,0.8916281406164916,0.8594958202366314,0.8727014863971857,0.8687237928111485,0.8501168895459156,0.8649757136343813,0.8385220727702744,0.7853441616836777,0.8593061366794637,0.8607483960396913,0.811346952510009,0.8209885339163885,0.8505215342923543,0.8428896017138312,0.8432518064376197,0.8345103902055762,0.8342451971163852,0.8322905351229759,0.8162763935585687,0.8142566451424641,0.825603899745961,0.8156596651262303,0.8121398921226569,0.7943153030375582,0.8059205962498196,0.79048152832223,0.8002555390577961,0.7885567778504693,0.791516543024863,0.7934365851787911,0.7907673811862509,0.7787745023225972,0.7672313291080757,0.7711744152570391,0.7711796805307284,0.7747222497221679,0.7767737496876177,0.7723889822470796,0.7657795454775029,0.7582830415409273,0.7580957410958883,0.753773924990128,0.7513887282164332,0.7531694831309707,0.7544313977275201,0.7521216541277403,0.7472241651570682,0.7349190485659781,0.7509313802386588,0.743093304158692,0.7373629413710404,0.7443376303747111,0.7371503172978882,0.7360442446766932,0.7300747159083797,0.7376422316714449],"epoch_mstimes":[2915,3692,4483,5273,6055,6844,7631,8434,9235,10035,10842,11641,12429,13237,14026,14835,15644,16445,17250,18075,18880,19707,20546,21367,22219,23039,23871,24712,25550,26407,27256,28112,28968,29820,30691,31537,32412,33266,34138,34997,35892,36761,37647,38505,39393,40281,41171,42060,42958,43847,44759,45673,46599,47528,48446,49391,50341,51284,52239,53205,54171,55152,56152,57135,58124,59137,60154,61173,62179,63223,64264,65283,66343,67388,68443,69513,70574,71629,72682,73756,74819,75900,76985,78101,79198,80323,81436,82580,83700,84844,85989,87154,88330,89489,90682,91883,93106,94309,95469,96719,97929,99115,100321,101568,102863,104051,105309,106516,107751,109002,110268,111538,112843,114128,115468,116798,118179,119553,120977,122420,123879,125346,126859,128406,129976,131582,133232,134911,136630,138376,140165,142013,143901,145819,147810,149868,151957,154123,156340,158639,161021,163469,165990,168628,171353,174194,177132,180235,183461,186820,190337,194064,198020,202180,206566,211280,216377,221835,227738,234171,241414,249462,258451,268632,281178,293832,306490,319129,331764,344441,357093,369726,382382,395048,407695,420324,432992,445650,458311,470968,483606,496270,508918,521546,534190,546847,559494,572147,584801,597447],"meta":{"batch_size":16,"dataset":"CIFAR10","dispatcher":"semisync","epoch_steps":3125,"exec_steps":512,"learning_rate":0.005,"momentum":0.3,"monitor":"window","num_epochs":190,"num_threads":128,"para_ctrl":"static","probe_steps":128,"search_degree":2,"semisync_period":128,"window_size":8},"para_mstimes":[],"para_values":[],"step_acceptance_rate":0.12853687466818908,"steptimes":[],