{"async_period_mstimes":[3617,5135,6679,8198,9755,11304,12850,14402,15999,17574,19096,20730,22312,23919,25529,27182,28794,30429,32108,33798,35514,37280,39065,40877,42706,44594,46523,48498,50499,52578,54697,56877,59128,61447,63825,66285,68822,71441,74163,76993,79930,82999,86201,89556,93056,96730,100606,104695,109047,113676,118602,123921,129656,135911,142754,150343,158882,168598,179868,193376],"async_period_values":[63.0,62.0,61.0,60.0,59.0,58.0,57.0,56.0,55.0,54.0,53.0,52.0,51.0,50.0,49.0,48.0,47.0,46.0,45.0,44.0,43.0,42.0,41.0,40.0,39.0,38.0,37.0,36.0,35.0,34.0,33.0,32.0,31.0,30.0,29.0,28.0,27.0,26.0,25.0,24.0,23.0,22.0,21.0,20.0,19.0,18.0,17.0,16.0,15.0,14.0,13.0,12.0,11.0,10.0,9.0,8.0,7.0,6.0,5.0,4.0],"end_accuracy":0.4537,"epoch_loss":[2.302749965999333,2.3026862108621278,2.302613111950573,2.3026444469298655,2.3027722651912126,2.3027068809468862,2.3026770357288755,2.302588705554502,2.300635832101037,2.208139529723649,2.0907352314574563,2.04103764947331,1.9661670328727388,1.870977558624256,1.8367835996998232,1.7588783246507442,1.683477242069754,1.6463744364406956,1.6091943791844248,1.5746507829426701,1.529709434196992,1.4891916026927778,1.4582822206703736,1.4319536738634644,1.3958045981208496,1.3748252276689743,1.3381176075670813,1.3283905077686733,1.2991024376681906,1.2666019911411788,1.255089489530491,1.235119609196049,1.2030471278737416,1.1845813526537976,1.1524660698277551,1.1215344385730626,1.0971404289002775,1.09826769397219,1.0897052807600467,1.0578571652671986,1.0409874232096132,1.0155368446907374,1.0022738144627328,1.007106667473306,0.985883400220432,0.9445238418038514,0.9443824821393979,0.9184960395613618,0.9145587547211785,0.8312084232957482,0.823780963174917,0.8923219618846845,0.8672289633254006,0.795343143934052,0.7067193005262723,0.6935348247349261,0.8726842657874692,0.7910287952251303,0.7881109288013016,0.8016594577053131,0.75898346534207906,0.7585123188775534,0.743995394196788,0.722455706331853,0.7125125853216249,0.6995778173561022,0.6919549260757205,0.6850085494104959,0.6687330166814491,0.6656221852655192,0.6631873116982737,0.6554460013124359,0.6492282082135519,0.6352840178293222,0.6005361658296936,0.6049383999440167,0.610951971402708,0.5973839280644916,0.5892772811831067,0.5704181967988872,0.578056927722499,0.5722358073050146,0.5570983509078041,0.5564874115295944,0.5561195273431929,0.5512637631040447,0.542707648353064,0.5328047664556517,0.5352712198767127,0.532506165136624,0.5100531443014606,0.5156591571076006,0.5144435473159664,0.503396869858061,0.49472553428748045,0.48665777998287024,0.4819677129780873,0.5008415341135694,0.4914219377603075,0.48997987515780383,0.48298769504669475,0.4730867256745401,0.46467988508991714,0.4685771800309088,0.4619456071050919,0.458915496677748,0.45440580624607213,0.43900739436238684,0.4455532494008321,0.44689918241847404],"epoch_mstimes":[3244,4401,5543,6701,7838,9012,10181,11347,12514,13698,14892,16093,17293,18428,19662,20895,22088,23312,24530,25758,27015,28235,29463,30713,31981,33238,34531,35844,37189,38538,39901,41292,42672,44086,45567,47038,48535,50062,51626,53209,54821,56474,58166,59897,61655,63458,65315,67216,69150,71149,73198,75319,77493,79726,82041,84437,86903,89453,92119,94864,97716,100659,103781,107035,110416,113965,117715,121683,125878,130295,135059,140203,145695,151625,158117,165412,173494,182526,192816,205443,218237,231011,243777,256557,269337,282126,294892,307668,320453,333231,346028,358810,371579,384367,397164,409961,422740,435507,448306,461071,473837,486634,499415,512208,525007,537828,550598,563375,576148,588927],"meta":{"batch_size":16,"dataset":"CIFAR10","dispatcher":"semisync","epoch_steps":3125,"exec_steps":512,"learning_rate":0.005,"momentum":0.3,"monitor":"window","num_epochs":110,"num_threads":128,"para_ctrl":"static","probe_steps":128,"search_degree":2,"semisync_period":64,"window_size":8},"para_mstimes":[],"para_values":[],"step_acceptance_rate":0.0752311467222548,"steptimes":[],"tau_dist":[35939,35886,35827,35590,10938,10118,9432,8850,8346,7878,7478,7101,6758,6440,6145,5876,5612,5375,5155,4922,4724,4527,4336,4160,3985,3824,3675,3506,3377,3229,3091,2953,2816,2700,2586,2454,2344,2239,2126,2023,1920,1819,1716,1619,1525,1438,1342,1257,1170,1087,1002,928,849,768,694,614,540,475,396,329,263,188,125,57,0,0,0,0,0,0,0,0,0,0,0,0,0,0,0,0,0,0,0,0,0,0,0,0,0,0,0,0,0,0,0,0,0,0,0,0,0,0,0,0,0,0,0,0,0,0,0,0,0,0,0,0,0,0,0,0,0,0,0,0,0,0,0,0,0,0,0,0,0,0,0,0,0,0,0,0,0,0,0,0,0,0,0,0,0,0,0,0,0,0,0,0,0,0,0,0,0,0,0,0,0,0,0,0,0,0,0,0,0,0,0,0,0,0,0,0,0,0,0,0,0,0,0,0,0,0,0,0,0,0,0,0,0,0,0,0,0,0,0,0,0,0,0,0,0,0,0,0,0,0,0,0,0,0,0,0,0,0,0,0,0,0,0,0,0,0,0,0,0,0,0,0,0,0,0,0,0,0,0,0,0,0,0,0,0,0,0,0,0,0,0,0,0,0,0,0,0,0,0,0,0,0,0,0,0,0,0,0,0,0,0,0,0,0,0,0,0,0,0,0,0,0,0,0,0,0,0,0,0,0,0,0,0,0,0,0,0,0,0,0,0,0,0,0,0,0,0,0,0,0,0,0,0,0,0,0,0,0,0,0,0,0,0,0,0,0,0,0,0,0,0,0,0,0,0,0,0,0,0,0,0,0,0,0,0,0,0,0,0,0,0,0,0,0,0,0,0,0,0,0,0,0,0,0,0,0,0,0,0,0,0,0,0,0,0,0,0,0,0,0,0,0,0,0,0,0,0,0,0,0,0,0,0,0,0,0,0,0,0,0,0,0,0,0,0,0,0,0,0,0,0,0,0,0,0,0,0,0,0,0,0,0,0,0,0,0,0,0,0,0,0,0,0,0,0,0,0,0,0,0,0,0,0,0,0,0,0,0,0,0,0,0,0,0,0,0,0,0,0,0,0,0,0,0,0,0,0,0,0,0,0,0,0,0,0,0,0,0,0,0,0,0,0,0,0,0,0,0,0,0,0,0,0,0,0,0,0,0,0,0,0,0,0,0,0,0,0,0]}