{"epoch_loss": [ 2.30271, 2.30272, 2.30272, 2.30271, 2.30272, 2.30271, 2.30271, 2.3027, 2.30268, 2.30265, 2.30255, 2.30203, 2.27757, 2.13203, 2.06785, 1.9913, 1.93725, 1.8677, 1.82517, 1.77684, 1.73291, 1.69285, 1.65129, 1.629, 1.57121, 1.53608, 1.5254, 1.5041, 1.50637, 1.47859, 1.46338, 1.44815, 1.43704, 1.41513, 1.39824, 1.37287, 1.36543, 1.34196, 1.32127, 1.28103, 1.25302, 1.26372, 1.25638, 1.24232, 1.25087, 1.24189, 1.24268, 1.22716, 1.23325, 1.22354, 1.20887, 1.18589, 1.1851, 1.16102, 1.14952, 1.14721, 1.12805, 1.06889, 1.04332, 1.04912, 1.06832, 1.07002, 1.04755, 1.06689, 1.06777, 1.03641, 1.04144, 1.07065, 1.06622, 1.06154, 0.975763, 0.933312, 0.959622, 0.947371, 0.93327, 0.94331, 0.942976, 0.859793, 0.842233, 0.861845, 0.877352, 0.88258, 0.90047, 0.889744, 0.901429, 0.916803, 0.924802, 0.927278, 0.920629, 0.905034, 0.72146, 0.759703, 0.779835, 0.78385, 0.778336, 0.756006, 0.671239, 0.679704, 0.73146, 0.737311, 0.778391, 0.773824, 0.803, 0.784162, 0.825721, 0.794486, 0.771268, 0.581797, 0.578129, 0.618025, 0.616163, 0.597718, 0.530755, 0.563253, 0.62508, 0.64833, 0.70728, 0.70699, 0.719496, 0.706546, 0.524818, 0.484715, 0.515977, 0.543262, 0.481014, 0.456137, 0.501081, 0.582826, 0.649971, 0.648889, 0.677706, 0.653769, 0.435289, 0.408394, 0.401361, 0.396904, 0.389976, 0.433365, 0.540243, 0.591371, 0.658402, 0.455239, 0.36343, 0.34571, 0.336885, 0.338605, 0.416222, 0.506772, 0.340383, 0.311327, 0.312997, 0.327058, 0.298667, 0.287675, 0.299175, 0.445747, 0.432747, 0.300684, 0.278786, 0.337748, 0.283313, 0.265554, 0.285745, 0.255952, 0.238907, 0.235367, 0.255015, 0.264318, 0.323478, 0.289212, 0.252995, 0.370127, 0.498099, 0.300163, 0.263723, 0.443219, 0.445646, 0.255913, 0.264698, 0.321522, 0.226883, 0.258877, 0.240593, 0.209603, 0.350473, 0.686775, 0.292443, 0.227234, 0.21071, 0.186384, 0.168817, 0.154645, 0.148983, 0.162521, 0.175008, 0.519637, 0.547461, 0.25227, 0.190763, 0.18134 ], "epoch_time": [ 2, 4, 5, 6, 8, 9, 10, 11, 12, 13, 15, 16, 18, 20, 21, 23, 24, 25, 26, 27, 29, 30, 31, 32, 33, 35, 36, 37, 38, 39, 40, 41, 42, 43, 44, 45, 46, 47, 48, 49, 50, 51, 52, 53, 54, 55, 56, 57, 58, 59, 60, 60, 61, 62, 63, 64, 65, 66, 67, 67, 68, 69, 70, 71, 72, 73, 74, 75, 76, 77, 78, 79, 79, 80, 81, 82, 83, 85, 86, 87, 88, 89, 90, 91, 92, 93, 94, 95, 96, 96, 97, 98, 99, 100, 101, 102, 103, 104, 105, 106, 107, 108, 109, 110, 111, 112, 113, 114, 115, 116, 118, 119, 120, 122, 123, 124, 125, 126, 127, 128, 130, 131, 132, 134, 135, 137, 139, 140, 141, 142, 144, 145, 147, 148, 150, 152, 154, 156, 157, 159, 160, 162, 165, 168, 171, 173, 175, 177, 181, 188, 191, 194, 197, 202, 205, 207, 211, 218, 221, 225, 232, 236, 247, 258, 269, 279, 286, 293, 304, 309, 316, 319, 323, 328, 333, 335, 340, 347, 350, 356, 362, 366, 369, 375, 378, 381, 389, 393, 402, 406, 418, 428, 439, 444, 451, 454, 463, 469, 477, 483 ], "staleness_dist": [ 4817, 6923, 4355, 12659, 11395, 11251, 15890, 17758, 18358, 14141, 13002, 9366, 8493, 9226, 12238, 6553, 5509, 4872, 5203, 4837, 6978, 13080, 7325, 8326, 11223, 18752, 17465, 9234, 10073, 13136, 24288, 21870, 12451, 11705, 10479, 10638, 12991, 20655, 35522, 12373, 11294, 10198, 13866, 19543, 17342, 15079, 13413, 6006, 5227, 4919, 4695, 4918, 4077, 2305, 1287, 645, 585, 497, 422, 365, 344, 280, 254, 265, 251, 217, 170, 112, 105, 67, 56, 45, 54, 47, 44, 36, 30, 39, 26, 28, 23, 29, 25, 15, 16, 11, 16, 20, 15, 14, 16, 17, 12, 11, 11, 6, 9, 13, 3, 5, 6, 9, 5, 5, 9, 1, 1, 8, 1, 4, 6, 3, 3, 1, 5, 2, 3, 1, 2, 3, 1, 3, 1, 1, 0, 3, 3, 3, 3, 2, 0, 1, 0, 1, 3, 1, 1, 1, 3, 0, 1, 0, 0, 2, 0, 2, 1, 1, 0, 2, 0, 0, 0, 2, 0, 2, 1, 2, 1, 1, 0, 0, 1, 2, 0, 0, 0, 0, 0, 0, 0, 0, 2, 1, 0, 0, 0, 1, 2, 0, 0, 1, 0, 0, 0, 0, 0, 0, 0, 2, 1, 1, 0, 0, 0, 0, 1, 0, 1, 0 ], "numtriesdist": [  ], "numfailedcas": 0}
