{"epoch_loss": [ 2.30271, 2.30271, 2.30271, 2.30271, 2.30271, 2.3027, 2.3027, 2.30269, 2.30267, 2.30264, 2.30253, 2.30198, 2.27282, 2.12435, 2.03415, 1.93856, 1.84628, 1.77191, 1.71753, 1.67074, 1.62662, 1.58411, 1.54539, 1.5115, 1.4779, 1.45216, 1.42643, 1.39679, 1.37501, 1.35238, 1.33169, 1.31327, 1.29298, 1.27463, 1.25345, 1.23336, 1.21468, 1.20167, 1.18776, 1.16896, 1.15342, 1.13804, 1.12205, 1.11315, 1.09182, 1.07732, 1.06769, 1.052, 1.04277, 1.02265, 1.00464, 1.00396, 0.984783, 0.968131, 0.963382, 0.953084, 0.93406, 0.922792, 0.920037, 0.899737, 0.893674, 0.882172, 0.870067, 0.864997, 0.85314, 0.847842, 0.834123, 0.817403, 0.818997, 0.813326, 0.803207, 0.786554, 0.785523, 0.782253, 0.767489, 0.763179, 0.75651, 0.740287, 0.731771, 0.738009, 0.729699, 0.719057, 0.697549, 0.70796, 0.690573, 0.717496, 0.701776, 0.682714, 0.671642, 0.672823, 0.675715, 0.655511, 0.657435, 0.658256, 0.655215, 0.637135, 0.64944, 0.644347, 0.640394, 0.624104, 0.628688, 0.63244, 0.625737, 0.602721, 0.598856, 0.621895, 0.596144, 0.594864, 0.573261, 0.582196, 0.593548, 0.575776, 0.584757, 0.582395, 0.570065, 0.561403, 0.568186, 0.550349, 0.556101, 0.561106, 0.568297, 0.553815, 0.535928, 0.551974, 0.547541, 0.523646, 0.516376, 0.534484, 0.51677, 0.512443, 0.523043, 0.519926, 0.507249, 0.505967, 0.505439, 0.519359, 0.514868, 0.513475, 0.503433, 0.495344, 0.518974, 0.489345, 0.47291, 0.480969, 0.491739, 0.479395, 0.491906, 0.483076, 0.497558, 0.451634, 0.458594, 0.483764, 0.458498, 0.486122, 0.472109, 0.469643, 0.460748, 0.43029, 0.463621, 0.488284, 0.460472, 0.433724, 0.487058, 0.447355, 0.447149, 0.441465, 0.449773, 0.464225, 0.425229, 0.429304, 0.445337, 0.424114, 0.462869, 0.431671, 0.460407, 0.390551, 0.410763, 0.416624, 0.440174, 0.440458, 0.435517, 0.468482, 0.389869, 0.390501, 0.435124, 0.422545, 0.412119, 0.415161, 0.407369, 0.401908, 0.4347, 0.398063, 0.388921, 0.350071, 0.383099, 0.438402, 0.440687, 0.453617, 0.451643, 0.357115 ], "epoch_time": [ 5, 10, 14, 18, 23, 27, 31, 36, 40, 44, 49, 53, 57, 61, 66, 70, 74, 78, 83, 87, 91, 95, 100, 104, 108, 113, 117, 121, 126, 130, 134, 139, 143, 147, 152, 156, 161, 165, 169, 173, 178, 182, 187, 191, 195, 200, 204, 208, 213, 217, 221, 226, 230, 234, 239, 243, 247, 251, 256, 260, 264, 269, 273, 277, 281, 286, 290, 294, 299, 303, 307, 311, 316, 320, 325, 329, 333, 338, 342, 346, 351, 355, 359, 364, 368, 373, 377, 381, 386, 390, 394, 399, 403, 407, 412, 416, 420, 424, 429, 433, 437, 442, 446, 450, 455, 459, 463, 467, 472, 476, 480, 485, 489, 493, 497, 502, 506, 510, 515, 519, 523, 527, 531, 536, 540, 544, 549, 553, 557, 561, 566, 570, 574, 578, 583, 587, 591, 596, 600, 604, 608, 613, 617, 621, 625, 630, 634, 638, 642, 647, 651, 655, 660, 664, 668, 672, 677, 681, 685, 689, 694, 698, 702, 706, 711, 715, 719, 723, 728, 732, 736, 740, 745, 749, 753, 757, 762, 766, 770, 775, 779, 783, 787, 792, 796, 800, 804, 809, 813, 817, 821, 826, 830, 834, 839, 843, 847, 851, 856, 860 ], "staleness_dist": [ 1, 1, 1, 1, 1, 2, 58, 536, 4453, 29852, 141322, 412723, 24898, 2531, 953, 1264, 1701, 1830, 1477, 852, 344, 125, 58, 11, 4, 1, 0, 0, 0, 0, 0, 0, 0, 0, 0, 0, 0, 0, 0, 0, 0, 0, 0, 0, 0, 0, 0, 0, 0, 0, 0, 0, 0, 0, 0, 0, 0, 0, 0, 0, 0, 0, 0, 0, 0, 0, 0, 0, 0, 0, 0, 0, 0, 0, 0, 0, 0, 0, 0, 0, 0, 0, 0, 0, 0, 0, 0, 0, 0, 0, 0, 0, 0, 0, 0, 0, 0, 0, 0, 0, 0, 0, 0, 0, 0, 0, 0, 0, 0, 0, 0, 0, 0, 0, 0, 0, 0, 0, 0, 0, 0, 0, 0, 0, 0, 0, 0, 0, 0, 0, 0, 0, 0, 0, 0, 0, 0, 0, 0, 0, 0, 0, 0, 0, 0, 0, 0, 0, 0, 0, 0, 0, 0, 0, 0, 0, 0, 0, 0, 0, 0, 0, 0, 0, 0, 0, 0, 0, 0, 0, 0, 0, 0, 0, 0, 0, 0, 0, 0, 0, 0, 0, 0, 0, 0, 0, 0, 0, 0, 0, 0, 0, 0, 0, 0, 0, 0, 0, 0, 0 ], "numtriesdist": [  ], "numfailedcas": 0}
