{"epoch_loss": [ 2.30272, 2.30272, 2.30272, 2.30272, 2.30272, 2.30271, 2.30271, 2.3027, 2.30269, 2.30265, 2.30255, 2.30206, 2.28156, 2.14582, 2.083, 2.01544, 1.94881, 1.88144, 1.81566, 1.78934, 1.7439, 1.70084, 1.66341, 1.63194, 1.60445, 1.57226, 1.54386, 1.52541, 1.50264, 1.46993, 1.45408, 1.43205, 1.4124, 1.39016, 1.37111, 1.36046, 1.3409, 1.31993, 1.31022, 1.28411, 1.27036, 1.25942, 1.24866, 1.23052, 1.21438, 1.19518, 1.18778, 1.17598, 1.15985, 1.14948, 1.1354, 1.12627, 1.11091, 1.10403, 1.0811, 1.08456, 1.05668, 1.05858, 1.05289, 1.02875, 1.02148, 1.02171, 1.00118, 0.985225, 0.993583, 0.975389, 0.961029, 0.956897, 0.953692, 0.948592, 0.932524, 0.924658, 0.906352, 0.906375, 0.899877, 0.898035, 0.893508, 0.882567, 0.876121, 0.861532, 0.850993, 0.858669, 0.852763, 0.85172, 0.847449, 0.8465, 0.827471, 0.81517, 0.804229, 0.819377, 0.78415, 0.79409, 0.823323, 0.786608, 0.787621, 0.772221, 0.785217, 0.770455, 0.75841, 0.738025, 0.767681, 0.745671, 0.735503, 0.735979, 0.749827, 0.71241, 0.723891, 0.71919, 0.732031, 0.709852, 0.726591, 0.709376, 0.703416, 0.713374, 0.70529, 0.691345, 0.691294, 0.698264, 0.689607, 0.696529, 0.67643, 0.656184, 0.676465, 0.686653, 0.656847, 0.647425, 0.662265, 0.670911, 0.655228, 0.645443, 0.651146, 0.636798, 0.633366, 0.633247, 0.622198, 0.615066, 0.638699, 0.658459, 0.626412, 0.636596, 0.625103, 0.627851, 0.626579, 0.589942, 0.61416, 0.59054, 0.608701, 0.590547, 0.59882, 0.603887, 0.631484, 0.564922, 0.598553, 0.58484, 0.600619, 0.589408, 0.586191, 0.578848, 0.549176, 0.584516, 0.598444, 0.585243, 0.54191, 0.613618, 0.570174, 0.552601, 0.570498, 0.573541, 0.543121, 0.527832, 0.520228, 0.571215, 0.559478, 0.541774, 0.536, 0.572185, 0.548266, 0.529332, 0.53574, 0.581675, 0.542725, 0.513728, 0.573983, 0.546162, 0.564523, 0.515256, 0.523602, 0.543717, 0.497401, 0.507759, 0.534006, 0.514448, 0.511123, 0.530332, 0.570365, 0.479397, 0.498849, 0.501327, 0.552562, 0.51518 ], "epoch_time": [ 2, 4, 6, 8, 10, 11, 13, 15, 17, 18, 20, 22, 24, 25, 27, 29, 30, 32, 34, 36, 37, 39, 41, 42, 44, 46, 48, 49, 51, 53, 54, 56, 58, 60, 61, 63, 65, 67, 68, 70, 72, 74, 75, 77, 79, 80, 82, 84, 86, 87, 89, 91, 92, 94, 96, 98, 99, 101, 103, 104, 106, 108, 110, 111, 113, 115, 117, 118, 120, 122, 123, 125, 127, 129, 130, 132, 134, 136, 137, 139, 141, 142, 144, 146, 148, 149, 151, 153, 155, 156, 158, 160, 161, 163, 165, 167, 168, 170, 172, 174, 175, 177, 179, 180, 182, 184, 186, 187, 189, 191, 193, 194, 196, 198, 199, 201, 203, 205, 206, 208, 210, 212, 213, 215, 217, 218, 220, 222, 224, 225, 227, 229, 231, 232, 234, 236, 237, 239, 241, 243, 244, 246, 248, 250, 251, 253, 255, 256, 258, 260, 262, 263, 265, 267, 268, 270, 272, 274, 275, 277, 279, 281, 282, 284, 286, 288, 289, 291, 293, 294, 296, 298, 300, 301, 303, 305, 307, 308, 310, 312, 313, 315, 317, 319, 320, 322, 324, 325, 327, 329, 331, 332, 334, 336, 338, 339, 341, 343, 344, 346 ], "staleness_dist": [ 1, 1, 1, 1, 1, 1, 1, 1, 1, 1, 1, 1, 1, 2, 1, 1, 2, 3, 7, 4, 4, 5, 11, 21, 41, 83, 335, 1606, 7760, 30996, 95612, 211632, 266617, 5834, 1102, 500, 280, 146, 98, 84, 77, 67, 66, 83, 124, 147, 217, 251, 259, 263, 204, 160, 95, 59, 57, 23, 15, 4, 10, 11, 3, 3, 1, 1, 0, 0, 0, 0, 0, 0, 0, 0, 0, 0, 0, 0, 0, 0, 0, 0, 0, 0, 0, 0, 0, 0, 0, 0, 0, 0, 0, 0, 0, 0, 0, 0, 0, 0, 0, 0, 0, 0, 0, 0, 0, 0, 0, 0, 0, 0, 0, 0, 0, 0, 0, 0, 0, 0, 0, 0, 0, 0, 0, 0, 0, 0, 0, 0, 0, 0, 0, 0, 0, 0, 0, 0, 0, 0, 0, 0, 0, 0, 0, 0, 0, 0, 0, 0, 0, 0, 0, 0, 0, 0, 0, 0, 0, 0, 0, 0, 0, 0, 0, 0, 0, 0, 0, 0, 0, 0, 0, 0, 0, 0, 0, 0, 0, 0, 0, 0, 0, 0, 0, 0, 0, 0, 0, 0, 0, 0, 0, 0, 0, 0, 0, 0, 0, 0, 0, 0 ], "numtriesdist": [  ], "numfailedcas": 0}