{"epoch_loss": [ 2.30272, 2.30272, 2.30271, 2.30272, 2.30272, 2.30271, 2.30271, 2.3027, 2.30268, 2.30265, 2.30255, 2.30205, 2.27973, 2.14087, 2.07902, 2.00556, 1.93401, 1.86673, 1.81347, 1.76898, 1.72937, 1.68935, 1.65335, 1.61682, 1.58933, 1.55226, 1.52916, 1.50908, 1.48635, 1.45788, 1.43207, 1.3788, 1.37794, 1.38086, 1.36132, 1.36003, 1.33781, 1.31646, 1.30113, 1.29252, 1.27341, 1.2503, 1.23965, 1.22701, 1.20696, 1.19206, 1.19606, 1.17171, 1.16757, 1.14459, 1.12373, 1.12394, 1.10553, 1.10353, 1.08666, 1.06293, 1.0658, 1.04926, 1.0513, 1.04014, 1.01323, 1.00119, 0.984539, 0.985655, 0.962645, 0.969441, 0.96666, 0.926128, 0.834642, 0.897644, 0.908129, 0.918107, 0.938617, 0.895052, 0.900137, 0.881522, 0.878302, 0.873148, 0.857982, 0.86614, 0.857558, 0.848619, 0.840941, 0.838477, 0.808942, 0.83626, 0.818826, 0.785942, 0.811808, 0.787368, 0.791063, 0.79169, 0.771424, 0.775783, 0.782732, 0.787829, 0.763478, 0.733238, 0.745605, 0.745344, 0.73218, 0.756497, 0.727706, 0.722199, 0.654608, 0.563743, 0.669418, 0.709472, 0.730047, 0.73642, 0.734802, 0.715121, 0.696885, 0.713322, 0.724273, 0.693515, 0.69304, 0.709832, 0.682329, 0.684054, 0.711744, 0.688576, 0.689461, 0.664031, 0.687325, 0.643777, 0.654274, 0.648562, 0.651047, 0.654543, 0.663552, 0.66542, 0.631515, 0.648241, 0.643653, 0.639449, 0.634985, 0.642866, 0.616984, 0.627093, 0.609339, 0.639279, 0.57744, 0.420616, 0.566779, 0.638031, 0.650633, 0.602736, 0.647521, 0.616279, 0.563439, 0.598769, 0.634291, 0.579172, 0.619574, 0.597598, 0.581692, 0.579788, 0.579773, 0.58119, 0.602227, 0.590614, 0.558611, 0.559417, 0.570783, 0.575375, 0.563041, 0.547311, 0.573844, 0.569956, 0.604621, 0.57407, 0.569057, 0.54665, 0.558806, 0.524855, 0.545631, 0.564569, 0.565022, 0.541236, 0.540002, 0.392169, 0.417447, 0.570863, 0.553571, 0.602519, 0.512288, 0.606287, 0.56143, 0.590043, 0.511586, 0.545808, 0.577969, 0.552774, 0.561132, 0.488625, 0.522634, 0.56331, 0.579798, 0.57427 ], "epoch_time": [ 3, 6, 8, 10, 12, 15, 17, 19, 21, 23, 25, 27, 29, 32, 34, 36, 38, 40, 42, 44, 46, 49, 51, 53, 55, 57, 59, 61, 64, 66, 68, 71, 75, 78, 80, 82, 85, 87, 89, 91, 93, 95, 98, 100, 102, 104, 106, 108, 110, 112, 114, 116, 118, 121, 123, 125, 127, 129, 131, 133, 135, 137, 139, 141, 143, 145, 147, 150, 153, 156, 159, 161, 163, 166, 168, 170, 172, 174, 176, 178, 180, 182, 185, 187, 189, 191, 193, 195, 197, 199, 201, 203, 206, 208, 210, 212, 214, 216, 218, 220, 222, 224, 226, 228, 231, 234, 237, 240, 242, 244, 246, 249, 251, 253, 255, 257, 259, 261, 263, 265, 267, 270, 272, 274, 276, 278, 280, 282, 284, 286, 288, 290, 292, 294, 296, 298, 300, 303, 305, 307, 309, 311, 313, 316, 319, 322, 324, 326, 329, 331, 333, 335, 337, 339, 341, 343, 345, 347, 349, 352, 354, 356, 358, 360, 362, 364, 366, 368, 370, 372, 375, 377, 379, 381, 383, 385, 387, 389, 391, 393, 395, 397, 402, 404, 406, 408, 410, 413, 415, 417, 419, 421, 423, 425, 427, 429, 431, 433, 435, 437 ], "staleness_dist": [ 201, 258, 248, 252, 193, 178, 315, 356, 489, 777, 550, 424, 758, 1119, 2333, 3014, 3321, 2678, 1844, 1537, 1467, 2072, 3919, 7692, 15154, 26965, 43787, 61503, 73999, 72486, 58290, 39188, 24181, 15537, 12041, 10471, 9603, 8886, 8539, 8304, 8203, 8224, 8448, 8096, 8306, 8128, 7603, 6882, 6223, 5410, 4874, 4235, 3565, 2864, 2243, 1770, 1200, 901, 662, 442, 329, 261, 222, 172, 154, 111, 87, 86, 60, 52, 45, 41, 37, 20, 23, 20, 15, 12, 4, 5, 8, 6, 2, 9, 4, 2, 2, 1, 0, 0, 1, 0, 0, 0, 0, 0, 0, 0, 0, 0, 1, 0, 0, 0, 0, 0, 0, 0, 0, 0, 0, 0, 0, 0, 0, 0, 0, 0, 0, 0, 0, 0, 0, 0, 0, 0, 0, 0, 0, 0, 0, 0, 0, 0, 0, 0, 0, 0, 0, 0, 0, 0, 0, 0, 0, 0, 0, 0, 0, 0, 0, 0, 0, 0, 0, 0, 0, 0, 0, 0, 0, 0, 0, 0, 0, 0, 0, 0, 0, 0, 0, 0, 0, 0, 0, 0, 0, 0, 0, 0, 0, 0, 0, 0, 0, 0, 0, 0, 0, 0, 0, 0, 0, 0, 0, 0, 0, 0, 0, 0 ], "numtriesdist": [  ], "numfailedcas": 0}
