{"async_period_mstimes":[6474,10824,15223,19707,24164,28692,33230,37832,42379,47050,51674,56368,61102,65861,70591,75356,80132,84958,89832,94807,99792,104855,110010,115307,120671,126146,131736,137483,143353,149363,155530,161880,168418,175160,182108,189274,196681,204352,212305,220568,229144,238073,247406,257138,267351,278094,289395,301320,314004,327501,341917,357426,374182,392405,412389,434555,459408,487707,520612,559902],"async_period_values":[63.0,62.0,61.0,60.0,59.0,58.0,57.0,56.0,55.0,54.0,53.0,52.0,51.0,50.0,49.0,48.0,47.0,46.0,45.0,44.0,43.0,42.0,41.0,40.0,39.0,38.0,37.0,36.0,35.0,34.0,33.0,32.0,31.0,30.0,29.0,28.0,27.0,26.0,25.0,24.0,23.0,22.0,21.0,20.0,19.0,18.0,17.0,16.0,15.0,14.0,13.0,12.0,11.0,10.0,9.0,8.0,7.0,6.0,5.0,4.0],"end_accuracy":0.4185,"epoch_loss":[2.3027184690668596,2.302684752344315,2.3027409525557334,2.3027705995964487,2.3026594795158566,2.302654308775376,2.302651406474714,2.302538982436563,2.3009851317904215,2.2175418651550296,2.1001755015339683,2.0229383511502106,1.9540552209062192,1.876878286939424,1.808072413553751,1.7431564432660873,1.7080238963495848,1.6624979796678576,1.6519690304469732,1.6155378084915668,1.561785476108527,1.5253539890709018,1.4831579789068383,1.4827252025630944,1.457552566104987,1.429566455760758,1.391620555362983,1.3667120916901392,1.3473318103260061,1.3225561061656672,1.2952773476886692,1.2722853606584226,1.2406833426645165,1.2156666698201741,1.1938217521554044,1.1857405775765668,1.1916513859758309,1.1379727201939875,1.121777839318987,1.1127963429652497,1.0986996046733468,1.0805816913239237,1.0443178719373643,1.0706831680907185,1.0362660145925704,1.0294119604664302,0.9904716738278778,1.0037569830466966,0.9762818241453456,0.9617423101522511,0.9668134120902014,0.95611509927445,0.9183297255972321,0.8980828347778917,0.8860444267042971,0.8836708626191692,0.8893045590942795,0.8774219961901731,0.8432151749138329,0.8321120647476944,0.8240357913762278,0.8048909799634912,0.8033121167166162,0.8508980946916475,0.7998586582985486,0.8057318202813989,0.7595311741918696,0.7404642714820637,0.7433621742365697,0.7365352676825558,0.7022333288519202,0.7035113541910865,0.7312989746564387,0.7372495530595721,0.7506160124330126,0.7085263703427485,0.6937053684128563,0.6557478538366325,0.7006971689932768,0.660114481373335,0.6664987155067453,0.6404280829969106,0.6601790396739965,0.6874282014394035,0.6328093706032023,0.6162642309593696,0.6233247787413313,0.6531484536656738,0.6202308062412426,0.6169011548274742,0.6090554866817137,0.6013890285746518,0.5770659829037054,0.5771995880861872,0.542846478381644,0.5605164384526201,0.5388548625022391,0.5391031360471886,0.5716621060759691,0.5229761915925234,0.5437350900169885,0.5704997268605286,0.527793898164828,0.5470317574929312,0.5303682541528213,0.48796063785244104,0.475030118543275,0.5090710765870815,0.5182256143824951,0.5120218059085275,0.4726064543689815,0.49880471159413764,0.4958941628362563,0.4773496480346972,0.47054881904330115,0.4744600487703744,0.455537427199042,0.4406410576398182,0.4600238057374525,0.4727866034767156,0.4520373928085003,0.47379458723208256,0.4813242442299882,0.46026584363220435,0.42698861468879573,0.4256433506105634,0.42914902891064804,0.4096293544185381,0.4379814657183746,0.4224810077687114,0.39982783720896614,0.39698149585140663,0.4042753270872534,0.3979594332432553,0.4036920410351783,0.3843219608664427,0.37813969922381113,0.3535541873614524,0.38959174974132443,0.3678686694907837,0.36049652411479016,0.3430806671155038,0.36230233710521903,0.37201557171108146,0.37525071449084046,0.328229171398975,0.3589930978959227,0.36035058592982,0.34347348152892915,0.2863475090046073,0.27911935336401,0.32066479453544633,0.3035539081808713,0.33539152625558105,0.2368241405157432,0.1956185059562458,0.35636334502011474,0.34529650104014237,0.1823565668936053,0.15882566265766102,0.24263026736029025,0.38177963108586677,0.1954313188530543,0.12643143912299346,0.14470253911932068,0.41220590809801355,0.30403490454867294,0.19218967829597344,0.2042088486481636,0.3585607689656037,0.3050443496750871,0.20514474126476293,0.24554393700209257,0.29712260635706883,0.275663449657463,0.27378604113031496,0.24621313556746835,0.27498034415367406,0.2741094353757016,0.26785659358830277,0.26728633459380996,0.2700128455982655,0.2659228145856011,0.26012217052557945,0.2566910708987292,0.23985792691393457,0.25182839582284133,0.25783610190647827,0.23700449810178975,0.24600538266349686,0.245251349995927,0.2651193410734852,0.2476782823152695,0.24220341139229568,0.2426938484619399,0.22368000436864632,0.22742797549826393,0.24376818704765774,0.23137976375523261,0.2377195692445839,0.22264761188467122,0.23213752480498293,0.23513288939526675,0.21724638848492675,0.20924367270541147,0.22124713893314613,0.2343158674162323,0.2277456686743611,0.22335555508125302,0.2110549353319494,0.21742363531323836,0.21591011602396254,0.2062284977286104,0.2228457233720233,0.21446365272949577,0.20805645371332246,0.1955732538725469,0.19769608683375145,0.21653855006147396,0.2026401302721855,0.2000605554086645,0.2162748611736653,0.19565259805703786,0.21012539227991106,0.19880421907395168,0.19929209092457992,0.19738238282195417,0.19285235361554692,0.1838181217003314,0.1773616602367649,0.19209981156915612,0.18382946095199681,0.1906131129423686],"epoch_mstimes":[3235,4372,5516,6654,7793,8902,10045,11187,12319,13458,14609,15771,16931,18084,19248,20405,21575,22723,23886,25052,26233,27416,28581,29744,30917,32089,33300,34514,35699,36907,38085,39264,40463,41653,42814,44013,45226,46459,47672,48867,50079,51262,52434,53664,54924,56127,57363,58594,59817,61035,62309,63555,64810,65990,67155,68404,69643,70912,72149,73424,74636,75858,77129,78375,79583,80821,82053,83306,84578,85832,87113,88416,89653,90932,92241,93538,94827,96123,97421,98707,100012,101334,102652,103957,105289,106625,107947,109310,110670,112050,113439,114799,116193,117574,118969,120372,121781,123194,124600,126056,127514,128964,130419,131875,133357,134858,136349,137858,139390,140922,142429,143968,145522,147100,148665,150257,151864,153473,155060,156704,158365,160018,161658,163358,165045,166752,168453,170212,171952,173705,175457,177273,179081,180883,182697,184567,186439,188306,190192,192123,194046,195974,197939,199937,201937,203920,205987,208053,210124,212187,214331,216481,218632,220773,223012,225239,227465,229722,232036,234355,236689,239063,241491,243917,246346,248816,251351,253889,256427,259041,261685,264360,267012,269782,272583,275372,278180,281117,284063,287006,289973,293081,296184,299293,302449,305760,309057,312349,315764,319271,322793,326294,329949,333700,337461,341213,345193,349230,353269,357295,361647,365996,370362,374773,379523,384254,388997,393872,399065,404263,409484,414925,420703,426461,432228,438405,444882,451349,457821,464979,472328,479693,487063,495512,504081,512648,521328,531552,541795,552021,562812,575532,588252],"meta":{"batch_size":16,"dataset":"CIFAR10","dispatcher":"semisync","epoch_steps":3125,"exec_steps":512,"learning_rate":0.005,"momentum":0.3,"monitor":"window","num_epochs":233,"num_threads":128,"para_ctrl":"static","probe_steps":128,"search_degree":2,"semisync_period":64,"window_size":8},"para_mstimes":[],"para_values":[],"step_acceptance_rate":0.15949034580560706,"steptimes":[],