{"async_period_mstimes":[5531,8950,12334,15711,19141,22555,26008,29487,32949,36455,39988,43528,47089,50691,54330,58024,61738,65482,69265,73100,76972,80855,84774,88741,92701,96743,100791,104852,108922,112999,117127,121257,125402,129582,133796,138062,142369,146700,151113,155512,159996,164526,169117,173785,178386,182987,187708,192357,197108,201823,206420,211190,215848,220643,225453,230382,235381,240453,245628,250878,256241,261712,267293,273000,278825,284813,290959,297283,303805,310531,317460,324596,331984,339627,347549,355800,364355,373247,382542,392273,402480,413194,424453,436371,449025,462488,476875,492357,509073,527274,547231,569357,594186],"async_period_values":[99.0,98.0,97.0,96.0,95.0,94.0,93.0,92.0,91.0,90.0,89.0,88.0,87.0,86.0,85.0,84.0,83.0,82.0,81.0,80.0,79.0,78.0,77.0,76.0,75.0,74.0,73.0,72.0,71.0,70.0,69.0,68.0,67.0,66.0,65.0,64.0,63.0,62.0,61.0,60.0,59.0,58.0,57.0,56.0,55.0,54.0,53.0,52.0,51.0,50.0,49.0,48.0,47.0,46.0,45.0,44.0,43.0,42.0,41.0,40.0,39.0,38.0,37.0,36.0,35.0,34.0,33.0,32.0,31.0,30.0,29.0,28.0,27.0,26.0,25.0,24.0,23.0,22.0,21.0,20.0,19.0,18.0,17.0,16.0,15.0,14.0,13.0,12.0,11.0,10.0,9.0,8.0,7.0],"end_accuracy":0.3881,"epoch_loss":[2.302696387649029,2.3027182328208218,2.302705934012355,2.3027073477016486,2.3027272741427764,2.3026993468905075,2.3026280968047,2.302518562767996,2.3013139551434594,2.2840881927227104,2.2524230921771786,2.1836010886606396,2.173745572642958,2.1059910674523707,2.051212238486147,1.9905835483211334,1.9824704715170085,1.9736335607059772,1.9095196164379562,1.8445085074143488,1.8252238214097487,1.7776567643366457,1.7292367405985534,1.750691192513441,1.6668415410808328,1.6510937897296352,1.6217212182628247,1.5871223087195054,1.5806539896518115,1.5487288232462375,1.551632358305229,1.5215708171003848,1.5052514445944465,1.4686476887631894,1.4671999382679914,1.4514403998568872,1.4376592108770214,1.4258133223600635,1.4196071026874981,1.388501747704377,1.3686734177531028,1.3683014334593409,1.3683791427023264,1.340573751141614,1.3413074476569093,1.3172527192393348,1.3126461245899583,1.3094962143472944,1.286207760589598,1.2580256538094106,1.2724314741649534,1.2438828204616506,1.2393614724299074,1.2396325623316926,1.2322585924458669,1.2178868851944518,1.2164051909952518,1.2011928021471638,1.2042855619638066,1.1774223800602726,1.1436806943773934,1.1213245406259633,1.108085556979292,1.0776285675409303,1.122874451315747,1.1982770132444138,1.142114952715179,1.1071933837045238,1.0688501682817442,1.0582421809893983,1.0282381678505548,0.9955051889767382,1.028993378735011,1.082463021905514,0.9506674736988917,1.015366820557031,1.0454254624623793,1.1303253032594616,1.0407109951890443,0.9953569626851635,1.042232961266185,1.0086637205697127,1.0578198619281798,1.0204937464283532,1.0129923705185062,1.0094422855553533,1.0065166918109572,1.0078439186938595,1.0022479938316513,1.0094948245706314,0.9687988040751048,0.9738001393885357,0.982811407209301,0.9585813929085171,0.9719820327712974,0.9622418503037158,0.9399873939596577,0.9493408201998351,0.9411054435402461,0.9444927414520237,0.9503416322333271,0.9237837912535269,0.8890951322924396,0.9274840268338108,0.9253564805660456,0.85577316696422,0.8683609164311529,0.9205340337321011,0.8260939101354988,0.8891127723105555,0.8827521009928218,0.8343966227740287,0.8263786956648799,0.7846757407289251,0.7985787686455826,0.8808773791244067,0.8224895805679613,0.8051366478772903,0.8351233969255261,0.8690538142685198,0.8268520735823823,0.8040805960384448,0.7962557890503651,0.8100039469585282,0.7741110694341913,0.7483857701835211,0.760545387526775,0.7821623840643266,0.7890550821554712,0.7820564796821524,0.769938962025631,0.7689259278321289,0.7635933736546845,0.7711842424888806,0.749365732297024,0.7147890028489333,0.7479256306960201,0.7567987362933669,0.7445135817102365,0.6915281485824077,0.6770934096050286,0.7224041424459828,0.7463623990284076,0.7285094378992562,0.719736259782776,0.7007517456476218,0.6926465397367092,0.6614172306752825,0.6602764691308589,0.598912454868964,0.6578619931889468,0.651420117129742,0.6613738145079524,0.641296179286419,0.6357956134865895,0.7086636913076374,0.6995514837940983,0.676218531036764,0.6247595500679906,0.6814832506885595,0.6635206830151152,0.6412820141311314,0.6665389383824138,0.6563047490540582,0.6136622321394015,0.6410930054435563,0.6295416612596243,0.6656806871736756,0.6383982976577409,0.6007117909345487,0.5539221198015027,0.5690047923850994,0.6415093328639642,0.6686704896452164,0.5805116317954658,0.5525832067321571,0.5978292568300467,0.5823439734500907,0.5638766037224952,0.6157255835137819,0.597407304280623,0.5707418093826656,0.5420756874684616,0.5790332554756963,0.5991500199527575,0.5397219177703086,0.5351255884074253,0.5883952510316132,0.5680228410649933,0.545044923775162,0.5584089310635519,0.5521890879088559,0.5275483392534707,0.5120366892978736,0.5372566066088348,0.542742770648127,0.5775668853018404,0.5402641950419571,0.5357600402812822,0.5412156712781792,0.5547291236068748,0.517476651126159,0.4967617310101915,0.556795233193977,0.5236773196610213,0.5522927458940761,0.5299112132741175,0.49041949457352346,0.5290929943007596,0.5130232551139332,0.5099953140580431,0.5228516764981305,0.4965099869333019,0.4847324132314221,0.5113569818163693,0.4947675587692336,0.4638437689169441,0.48156718208396676,0.5138229871672132,0.5097966501362179,0.4867550456546609,0.5080217877728257,0.47426443954101993,0.4427079723567682,0.40974562881046794,0.488851772566076,0.5152769468298468,0.4685764847801163,0.45289274334740715,0.4626468143846491,0.4711579755368481,0.4604068829198217,0.4301693958391475,0.433436349383211,0.48058296014013824,0.4642262157294972,0.43232635034241634,0.4203900135678865,0.4820892945855784,0.4410171320236211,0.40389604099782417,0.44691784693009795,0.42669508115249855,0.42776619571845714,0.44130915950532057,0.4398866895749167,0.43085089826841666,0.43143441858030435,0.44270747849870734,0.47123392116361273,0.4424588330048523,0.41426712177465785,0.4100166072832865,0.42586992672670304,0.43055876823592937,0.406557102350079,0.41877526010883676,0.4159543813034373,0.4248662558364681,0.4113503546015018,0.40412960276788473,0.41625356672528463,0.39159013899998707,0.41180471186720374,0.39676600193515943,0.3910965736377753,0.41281768551398407,0.39607670368122155,0.4166501785864188,0.3853475511470791,0.3945772970590516,0.3923642757955728,0.39096941453480377,0.39168908538080843,0.3735420359629596,0.39116246346108746,0.39820996673983844,0.36497846117246063,0.3992205382811393,0.3745547110105944,0.386562604263689,0.3641638790390716,0.34015479136129906,0.370986257884681,0.32751105563766103,0.3799638084988761,0.3294601579982054,0.3994825619088846,0.3411658408796289,0.36567345533230056,0.35508689982313096,0.39719782177803215,0.35116519243413047,0.3253334662263071,0.35569818487982896,0.29668839205944453,0.2583458174942787,0.2284993716135455,0.2568533301890501,0.21398230612144928,0.3837351079858701,0.4253874598102298,0.2739554162400821,0.3399550353407372,0.2981194941339122,0.367677004451638,0.322207582025546,0.3206687928039038,0.2643388580228947,0.377839458157792,0.2862298194055116,0.3578617261423775,0.30761512530421975,0.2993019238999906,0.33246427004701695,0.30739368273629813,0.31893386087902986,0.316163889025658,0.33770149861649684,0.32460760858759935,0.3381469404169328,0.32544786015447286,0.29784710874165665,0.31861757600115187,0.31970696964611034,0.31406493484745324,0.31483485332431016,0.31017368717677246,0.2995638191200737,0.306555497181908,0.321860205721468,0.31675148580183676,0.31723413038105785,0.3105294216097605,0.30689047251072354,0.3016502567776115,0.29480698909526853,0.28878004488137504,0.2926106570298255,0.3115659438536217,0.27773606860948336,0.2738246395472014,0.29172843610037436,0.30897719647433186,0.3163072125395037,0.2755255618086259,0.27905706707812167,0.29744107030671935,0.3104118037865692,0.29116538728647273,0.29954362250654143,0.2693025451643282,0.260376069427354,0.28143281283126076,0.2792778994613043,0.3007999125493187,0.2929717161770301,0.2841449987654149],