{"async_period_mstimes":[5123,8139,11162,14203,17234,20300,23401,26493,29605,32687,35788,38904,42052,45221,48388,51580,54791,57986,61226,64481,67745,71043,74342,77636,80952,84258,87591,90916,94292,97683,101049,104454,107866,111308,114771,118270,121759,125261,128796,132316,135894,139478,143110,146791,150478,154221,158000,161824,165689,169551,173451,177373,181345,185355,189417,193499,197564,201646,205750,209843,213988,218191,222414,226671,230895,235262,239601,243972,248411,252928,257387,262030,266594,271231,275859,280455,285155,289758,294459,299132,303807,308582,313395,318258,323208,328239,333415,338661,344023,349489,355047,360741,366561,372533,378671,384980,391484,398190,405109,412227,419599,427236,435144,443366,451901,460785,470054,479751,489925,500590,511818,523696,536319,549763,564107,579519,596199],"async_period_values":[127.0,126.0,125.0,124.0,123.0,122.0,121.0,120.0,119.0,118.0,117.0,116.0,115.0,114.0,113.0,112.0,111.0,110.0,109.0,108.0,107.0,106.0,105.0,104.0,103.0,102.0,101.0,100.0,99.0,98.0,97.0,96.0,95.0,94.0,93.0,92.0,91.0,90.0,89.0,88.0,87.0,86.0,85.0,84.0,83.0,82.0,81.0,80.0,79.0,78.0,77.0,76.0,75.0,74.0,73.0,72.0,71.0,70.0,69.0,68.0,67.0,66.0,65.0,64.0,63.0,62.0,61.0,60.0,59.0,58.0,57.0,56.0,55.0,54.0,53.0,52.0,51.0,50.0,49.0,48.0,47.0,46.0,45.0,44.0,43.0,42.0,41.0,40.0,39.0,38.0,37.0,36.0,35.0,34.0,33.0,32.0,31.0,30.0,29.0,28.0,27.0,26.0,25.0,24.0,23.0,22.0,21.0,20.0,19.0,18.0,17.0,16.0,15.0,14.0,13.0,12.0,11.0],"end_accuracy":0.3843,"epoch_loss":[2.3026964039826563,2.30270102443451,2.3026977312466546,2.3026766815414947,2.302708935804062,2.3027114662605186,2.3026888263077483,2.3025250020746415,2.3013962492550077,2.2594741850525217,2.2054518826234117,2.137226483135534,2.081639602610407,2.059237556606854,1.98773168605929,1.9523348283212076,1.9277689786525072,1.8771867304953593,1.8051036793865618,1.7803164469983084,1.8435061746496537,1.7802815417836224,1.758609328608148,1.7042853100513438,1.690567490070242,1.9364880071124078,2.053449105319832,1.8827554412834058,1.7745798254171823,1.7096566111425235,1.6667494260387916,1.6373342837004927,1.6140677703236779,1.5702589962147302,1.579385160101305,1.5350358903272854,1.5472898201466452,1.506248911593143,1.5293458363201435,1.5047291017396507,1.479144610442049,1.4764137303140334,1.444351824292603,1.4966075688609455,1.4375055082990704,1.6493660593244819,1.5196246342799473,1.4730852980002882,1.436402874430936,1.4224225622964313,1.4101859535710506,1.3899613583428854,1.3954619081222124,1.3728128063242273,1.3356339838491307,1.3426600228333052,1.3391404988736897,1.3176305396997348,1.361876418732605,1.3178473829163555,1.2999349576939192,1.2797856398287275,1.253446892399819,1.254851216157235,1.2391816885003906,1.237914401262229,1.2570673434988076,1.2469743472593688,1.2318749049490771,1.2447736452859264,1.2504376255849783,1.2250266755250958,1.2052911144755063,1.1944355682362706,1.2127475276819475,1.1883222007589007,1.1954544183548943,1.1428152552541804,1.1714223576231029,1.1984111450600081,1.1766074520662306,1.1470146010290705,1.1273111580794033,1.1482766127089625,1.144947945416339,1.1179411179107948,1.1362471220159225,1.1606193830026408,1.1681087420443002,1.1161652036086,1.12513306168591,1.0947490158537512,1.0898141812759286,1.1074192918685486,1.0853683495234077,1.0895257343188454,1.0897348189869955,1.0619119504615042,1.076642430664284,1.061244836974357,1.0525807694761036,1.0550593095242315,1.0760836481716518,1.0430032802057478,1.0470300800858128,1.0086428157903755,1.042057679319216,1.0492015995302606,1.0221168861687773,1.0540095163899728,1.0456391687623614,1.0523962467952397,1.015513897950285,1.0095551549640127,1.0109742087561742,1.0024071748711192,0.9879515364935406,1.030427132403885,1.0180187458337913,0.9960821117575094,1.013536323487006,0.9795482144341927,0.9885043067509973,0.940748750886334,1.0030198431545483,0.9776438003762331,0.9412839859958293,0.9743404867791026,1.0009233043791426,0.9465169182319976,0.9850808122233912,0.9591824191096584,0.9487903273093748,0.9857863931660897,0.9594095583830374,0.957129815235798,0.9385432100864494,0.9746668299735166,0.9365253578542458,0.9521217632310794,0.9561468321184673,0.9379090784481445,0.9255090258403537,0.9281421491329784,0.9315920994230982,0.9359628149452748,0.9236516820669755,0.9516421982332371,0.9171259072308371,0.9046093524259112,0.9129709628076118,0.9267009770073986,0.9296238830837578,0.9269583775207829,0.89811471833363965,0.9209914627698014,0.8735340628792689,0.8945655249142549,0.9082900639848777,0.9104875504239209,0.9145477391270869,0.8704155464047373,0.8467148625526087,0.8440881696345698,0.8671957301490171,0.9085281420204988,0.8946023116938753,0.9072993565867468,0.879632395386963,0.8197976892232262,0.812304142929919,0.8022073341841354,0.758835975603217,0.7971213505670453,0.875544783524615,0.8103898685427198,0.7809434807877172,0.7639259442406455,0.9180880469248307,0.9454084793452717,0.8684541652611811,0.76740582328799,0.8587948391550148,0.9429110146755391,0.8713998666757512,0.8294584908087638,0.7904031012368314,0.8336624156787106,0.8981915308278343,0.8484308853346626,0.819541161485265,0.807275193544537,0.8302015070298175,0.8474795237817435,0.8407567580057542,0.851656180222968,0.8704668794596315,0.8241500032208562,0.7981444966800892,0.8278514545240226,0.8092982031133741,0.8480022788435259,0.8336370247837599,0.8450650951087465,0.8303389647309182,0.8185857475153607,0.8308648207035921,0.7676996432897307,0.7903732811729791,0.811570454826135,0.802432662718272,0.8233947713717719,0.7935137091449771,0.7763289930729088,0.7834788085056104,0.8219014286671952,0.7374914996634987,0.7771613205292112,0.7758616004884809,0.7304275421900812,0.7684649709852268,0.7560676446634785,0.7493208421725641,0.7640341044668584,0.7041048993472527,0.7685141141263734,0.7487081176663112,0.7158152334422763,0.7153605352777326,0.739097087040029,0.7222530091348155,0.7052647631370912,0.7026419952758942,0.686642513654362,0.695873891827848,0.68327428203796,0.7112114746100059,0.6931705485950259,0.7125709629534375,0.6850870755956928,0.6875916961263325,0.6943545332544375,0.6880434431183828,0.6877304033366142,0.6803698962839978,0.6773775688715126,0.66469450686832,0.6567033025103868,0.6384352902144591,0.6914415326500201,0.6556224358519085,0.7019511084311374,0.6023317248637021,0.6260899186368906,0.6737113990006769,0.6416667247844439,0.6401617653137042,0.63727450239051,0.6441758744917269,0.6284582830660207,0.5995849268267651,0.6329945243617755,0.6396687039675433,0.6280423929782493,0.6648995316355917,0.6527084047870814,0.6209598098724702,0.6198995117224726,0.5828694087475706,0.6170098703184841,0.6393570258517773,0.653627255849084,0.6073326659398754,0.593979092841166,0.5567863820870251,0.5869675521366623,0.579973782731399,0.5715675491450094,0.5644496439515074,0.6067050524078104,0.6205156641919749,0.5905564352525341,0.5805083726676635,0.6145611535490442,0.5862633305912112,0.5498801039846759,0.5527043729738347,0.5159462104269799,0.5602740561161016,0.6093589154531585,0.540891066110368,0.5668343034441087,0.5560078275203242,0.5637015409133357,0.5239335932279684,0.5355560770226536,0.5483833295897512,0.543629894986183,0.5401175778101162,0.5485271724927572,0.534237718064558,0.5282916682164265,0.5267850624030956,0.5561923985657671,0.560433030543292,0.5298215709241877,0.4764867240477615,0.5174741722157218,0.5023725491172514,0.5388347640379152,0.5303108206710634,0.5148222058939333,0.5328505508412287,0.5232560433885146,0.5157108988080257,0.4928149034153874,0.5291476599847454,0.51980131663706,0.5122645449231836,0.5308421194168673,0.49711280038912575,0.505639088488686,0.4923372909330577,0.5107932519879984,0.48502977466728653,0.45545531280097856,0.4928648118704946,0.5327627329249832,0.4828107905439128,0.460627457331097,0.5127749186759664,0.4830073489671824,0.4885145096189168,0.480195479929627,0.49775901288714985,0.4753297691168244,0.47313476991044817,0.4596337755713221,0.46932364194091747,0.4969394158411899,0.4610081539635123,0.45790292288583134,0.4792334550774039,0.4890234018926374,0.44926001458377246,