{"alt_epoch_loss":[2.302656691447976,2.3026526806314407,2.3026492633301276,2.3026454628417428,2.302637954847417,2.3026315144490277,2.3025703206742967,2.302396722969219,2.2896545707774365,2.117925937543639,1.9454533058436594,1.799126466806649,1.7098872966912628,1.6427623202467605,1.5672688717551524,1.5083513912893962,1.4515762698510475,1.4007335923644542,1.3579502244170911,1.3142960339168648,1.2826864573802792,1.2460551082761515,1.220925617784675,1.193727375212816,1.1703078784800804,1.1451960184597612,1.1082994038679415,1.0786413850101335,1.0601231417425527,1.0882079326305427,1.0393631648444936,1.0042122241663018,0.9684167145349282,0.9407428362083272,0.9226888098409376,0.9017995130742379,0.8898470213426583,0.8637114460409034,0.8600571261860931,0.836804299527394,0.8269074686241026,0.8037646365299146,0.8749896291355673,0.9149004392108044,0.867101205662925,0.8403942046215085,0.8286101674291081,0.780056730078653,0.7478869689158306,0.7355406809744448,0.7577871619845924,0.7352404121079785,0.6945200539712528,0.6312595196628102,0.6165610523311934,0.5978334500688095,0.586608084562038,0.5749877351033921,0.6861019838328528,0.6859032322917209,0.537121554276697,0.6790874786280747,0.5602793733461429,0.5085380148486167,0.5077244771836276,0.506669648891096,0.4962592685549649,0.49271149891592997,0.4832413966364011,0.5251676914243031,0.5199681651706364,0.6290734750950877,0.5938748141056925,0.713043600067142,0.647299598986212,0.6334486015878124,0.5321787512833493,0.5944461606953683,0.5441999122363395,0.5305237005544887,0.556936285955319,0.5264491906450496,0.6065866678844648],"async_period_mstimes":[4296,7391,10442,13348,16068,18875,21779,24803,27960,34004,36667,39406,42219,45125,48117,51192,54377,57659,61055,66418,69089,71753,74306,76936,79617,82369,85195,88106,91102,96579,99486,102373,105375,108352,111110,114246,117452,120349,123178,128547,131269,133964,136716,139423,142049,144719,147429,150182,152979,158292,161117,164040,166979,169900,172863,175842,178870],"async_period_values":[112.0,108.0,104.0,100.0,96.0,92.0,88.0,84.0,88.0,102.0,99.0,96.0,93.0,90.0,87.0,84.0,81.0,78.0,102.0,114.0,111.0,108.0,105.0,102.0,99.0,96.0,93.0,90.0,108.0,120.0,117.0,114.0,111.0,108.0,105.0,102.0,99.0,96.0,102.0,113.0,111.0,109.0,107.0,105.0,103.0,101.0,99.0,97.0,111.0,121.0,119.0,117.0,115.0,113.0,111.0,109.0,107.0],"end_accuracy":-1,"epoch_accuracy":[0.1,0.1,0.1,0.1,0.1946,0.2299,0.379,0.4263,0.467,0.4944,0.5232,0.5195,0.5301,0.5348,0.5325,0.5349,0.5333,0.5356,0.5341,0.5316,0.5308,0.5231,0.52,0.5013,0.511,0.5104,0.4974,0.5046,0.5028,0.4886,0.4955,0.4923,0.4848,0.4766,0.4725,0.4885,0.4802,0.471,0.4676,0.473,0.4656,0.4567,0.4629,0.4582,0.4587,0.4555],"epoch_loss":[2.302650074785257,2.3026442854985234,2.3026429611281354,2.302636527171445,2.3026259425672087,2.302624168098185,2.302565879145449,2.302345455102768,2.2855780292823518,2.1018917019940186,1.9216406683571339,1.7902237202698812,1.7008341033700247,1.6361354252288822,1.558652247551862,1.5015208094622006,1.446125937280846,1.3936913195250165,1.3539765325672184,1.3115351184663242,1.2764671558568863,1.241539160110967,1.2156304727305791,1.1921690862122742,1.1651647737595463,1.140579644392789,1.1014934472397282,1.077828935023955,1.0585919460950886,1.0920887875985896,1.0453259833264914,0.9835748934135862,0.9628061293403773,0.93830011364363,0.9148567236535171,0.897890904380433,0.8879809734284946,0.8624781382374468,0.8577147403486023,0.8324482091235675,0.8251097745198255,0.8059351653599522,0.9031431315128132,0.9204877855872527,0.8809172884311482,0.8541241567974822,0.8179506335319205,0.7781001776623265,0.7377167996221425,0.7527543771889054,0.7685538578928035,0.719220492052632,0.7068152075083267,0.622386076656428,0.6172116253882559,0.5895236456719044,0.5890307306723283,0.5721472122639598,0.7213524347597373,0.6686403938435397,0.537300937613805,0.7189321518068077,0.5149530664407032,0.5065396105133315,0.503707749323742,0.511938298352855,0.49291228476086313,0.491539848122107,0.4840335608394733,0.5398895663139419,0.5270226977662458,0.5725625647347408,0.6462981383505938,0.7239558011520738,0.6768763705029311,0.6301444730282457,0.543269598794756,0.6242410547191832,0.5416244660053705,0.5312785253924317,0.5561638740960475,0.5247285023242307],"epoch_mstimes":[3583,5893,8241,10571,12824,14882,16980,19128,21333,23604,25955,28337,30637,32935,35088,37131,39216,41356,43532,45755,48028,50363,52745,55196,57686,60267,62472,64515,66546,68634,70604,72610,74559,76552,78584,80655,82758,84907,87112,89359,91556,93497,95666,97939,100127,102305,104617,106865,109051,111178,113560,115979,118400,120527,122684,124757,126791,128811,130896,133048,134965,137176,139189,141180,143192,145219,147281,149371,151492,153597,155544,157670,159708,161922,164136,166406,168588,170848,173084,175352,177641,179961],"epoch_tau_dist":[],"meta":{"batch_size":8,"dataset":"CIFAR10","dispatcher":"semisync","epoch_steps":12500,"exec_steps":512,"learning_rate":0.001,"momentum":0.5,"monitor":"window","num_epochs":82,"num_threads":64,"para_ctrl":"static","probe_steps":128,"search_degree":2,"semisync_period":100,"semisync_period_min":4,"semisync_reduce_period":4096,"semisync_reduce_step":1,"semisync_strat":"probe","semisync_win_loss_scalar":0.4000000059604645,"semisync_win_offset":16,"semisync_win_step":4,"window_size":8,"windowsearch_m0":32},"para_isprobing":[],"para_mstimes":[],"para_stepinds":[],"para_values":[],"step_acceptance_rate":0.7330998030795104,"steptimes":[],"tau_dist":[14804,15658,16044,16338,16539,16711,16799,16895,16937,17005,17048,17086,17154,17113,16964,17000,17009,16854,16871,16884,16613,16658,16656,16493,16196,16237,16035,16078,16057,16020,16290,16387,16437,16620,16844,16770,16822,16841,16450,16582,16688,16707,16918,17001,16763,16760,16706,16324,16194,16045,15874,15695,15488,15215,15044,14804,14540,14395,14165,13961,13678,13245,12028,8227,0,0,0,0,0,0,0,0,0,0,0,0,0,0,0,0,0,0,0,0,0,1,0,0,0,0,0,0,0,0,0,0,0,0,0,0,0,0,0,0,0,0,0,0,0,0,0,0,0,0,0,0,0,0,0,0,0,0,0,0,0,0,0,0,0,0,0,0,0,0,0,0,0,0,0,0,0,0,0,0,0,0,0,0,0,0,0,0,0,0,0,0,0,0,0,0,0,0,0,0,0,0,0,0,0,0,0,0,0,0,0,0,0,0,0,0,0,0,0,0,0,0,0,0,0,0,0,0,0,0,0,0,0,0,0,0,0,0,0,0,0,0,0,0,0,0,0,0,0,0,0,0,0,0,0,0,0,0,0,0,0,0,0,0,0,0,0,0,0,0,0,0,0,0,0,0,0,0,0,0,0,0,0,0,0,0,0,0,0,0,0,0,0,0,0,0,0,0,0,0,0,0,0,0,0,0,0,0,0,0,0,0,0,0,0,0,0,0,0,0,0,0,0,0,0,0,0,0,0,0,0,0,0,0,0,0,0,0,0,0,0,0,0,0,0,0,0,0,0,0,0,0,0,0,0,0,0,0,0,0,0,0,0,0,0,0,0,0,0,0,0,0,0,0,0,0,0,0,0,0,0,0,0,0,0,0,0,0,0,0,0,0,0,0,0,0,0,0,0,0,0,0,0,0,0,0,0,0,0,0,0,0,0,0,0,0,0,0,0,0,0,0,0,0,0,0,0,0,0,0,0,0,0,0,0,0,0,0,0,0,0,0,0,0,0,0,0,0,0,0,0,0,0,0,0,0,0,0,0,0,0,0,0,0,0,0,0,0,0,0,0,0,0,0,0,0,0,0,0,0,0,0,0,0,0,0,0,0,0,0,0,0,0,0,0,0,0,0,0,0,0,0,0,0,0,0,0,0,0,0,0,0,0,0,0,0,0,0,0,0,0,0,0,0,0,0,0,0,0,0,0,0,0,0,0,0,0,0,0,0,0,0,0,0,0,0,0,0]}