{"alt_epoch_loss":[2.3026748743658048,2.302666515999428,2.3026426439127667,2.3026642905031025,2.302625995660588,2.3026382679769815,2.3025973530559525,2.302372415385337,2.2895290573406686,2.1181303242014393,1.9460035665565245,1.796859724176215,1.7094046533585356,1.6472445788127617,1.5736950385322206,1.5134971664490784,1.4545193429292425,1.4088280332423155,1.3613277132563704,1.324604036536609,1.2912432122911548,1.2598853485780461,1.2296069762870583,1.2071526976776314,1.1690367821476648,1.1545621762440985],"async_period_mstimes":[4369,7354,10054,13175,15891,18699,21600,24621,27776,33803,36467,39203,42012,44911,47897,50977,54151,57426],"async_period_values":[112.0,108.0,104.0,100.0,96.0,92.0,88.0,84.0,88.0,102.0,99.0,96.0,93.0,90.0,87.0,84.0,81.0,78.0],"end_accuracy":-1,"epoch_accuracy":[0.1,0.1,0.1164,0.1652,0.1933,0.244,0.3847,0.4318,0.472,0.4974,0.5128,0.5241,0.5229,0.5297,0.5289,0.5169,0.5169,0.5169,0.5169,0.5169,0.5169,0.5169,0.5169,0.5169,0.5169],"epoch_loss":[2.302683550131924,2.302672560802291,2.30263891757869,2.302656233546313,2.302626315035457,2.302630292638188,2.302582798486351,2.3023213399296902,2.285497010114284,2.101987482178609,1.92292333476419,1.7858313245743032,1.697481639893064,1.638984854622467,1.5649079152988206,1.5026419753380549,1.450944992679593,1.401319640568905,1.351597872438049,1.32184653903854,1.284153196108892,1.2543572272326329,1.222140127315166,1.2043808903045958,1.1592090974720095],"epoch_mstimes":[3630,5905,8195,10183,12580,14708,16805,18952,21157,23424,25770,28148,30443,32737,34889,36930,39014,41149,43325,45540,47808,50147,52524,54966,57451],"epoch_tau_dist":[],"meta":{"batch_size":8,"dataset":"CIFAR10","dispatcher":"semisync","epoch_steps":12500,"exec_steps":512,"learning_rate":0.001,"momentum":0.5,"monitor":"window","num_epochs":25,"num_threads":64,"para_ctrl":"static","probe_steps":128,"search_degree":2,"semisync_period":100,"semisync_period_min":4,"semisync_reduce_period":4096,"semisync_reduce_step":1,"semisync_strat":"probe","semisync_win_loss_scalar":0.4000000059604645,"semisync_win_offset":16,"semisync_win_step":4,"window_size":8,"windowsearch_m0":32},"para_isprobing":[],"para_mstimes":[],"para_stepinds":[],"para_values":[],"step_acceptance_rate":0.7044232553702595,"steptimes":[],"tau_dist":[5623,6032,6217,6310,6388,6432,6468,6489,6499,6504,6505,6534,6515,6515,6386,6378,6362,6181,6186,6162,5822,5827,5819,5600,5170,5120,5005,4991,4849,4733,4738,4724,4584,4619,4614,4512,4428,4417,4386,4437,4361,4390,4397,4403,4391,4395,4380,4390,4358,4355,4360,4357,4261,4207,4232,4198,4153,4170,4103,4089,4015,3920,3580,2363,0,1,0,0,0,0,0,0,0,0,0,0,0,1,0,0,0,0,0,0,0,0,0,0,0,0,0,0,0,0,0,0,0,0,0,0,0,0,0,0,0,0,0,0,0,0,0,0,0,0,0,0,0,0,0,0,0,0,0,0,0,0,0,0,0,0,0,0,0,0,0,0,0,0,0,0,0,0,0,0,0,0,0,0,0,0,0,0,0,0,0,0,0,0,0,0,0,0,0,0,0,0,0,0,0,0,0,0,0,0,0,0,0,0,0,0,0,0,0,0,0,0,0,0,0,0,0,0,0,0,0,0,0,0,0,0,0,0,0,0,0,0,0,0,0,0,0,0,0,0,0,0,0,0,0,0,0,0,0,0,0,0,0,0,0,0,0,0,0,0,0,0,0,0,0,0,0,0,0,0,0,0,0,0,0,0,0,0,0,0,0,0,0,0,0,0,0,0,0,0,0,0,0,0,0,0,0,0,0,0,0,0,0,0,0,0,0,0,0,0,0,0,0,0,0,0,0,0,0,0,0,0,0,0,0,0,0,0,0,0,0,0,0,0,0,0,0,0,0,0,0,0,0,0,0,0,0,0,0,0,0,0,0,0,0,0,0,0,0,0,0,0,0,0,0,0,0,0,0,0,0,0,0,0,0,0,0,0,0,0,0,0,0,0,0,0,0,0,0,0,0,0,0,0,0,0,0,0,0,0,0,0,0,0,0,0,0,0,0,0,0,0,0,0,0,0,0,0,0,0,0,0,0,0,0,0,0,0,0,0,0,0,0,0,0,0,0,0,0,0,0,0,0,0,0,0,0,0,0,0,0,0,0,0,0,0,0,0,0,0,0,0,0,0,0,0,0,0,0,0,0,0,0,0,0,0,0,0,0,0,0,0,0,0,0,0,0,0,0,0,0,0,0,0,0,0,0,0,0,0,0,0,0,0,0,0,0,0,0,0,0,0,0,0,0,0,0,0,0,0,0,0,0,0,0,0,0,0,0,0,0,0,0,0,0,0,0,0]}