{"async_period_mstimes":[5076,8095,11115,14133,17125,20182,23327,26422,29585,32826,36079,39312,42537,45761,49057,52392,55700,58995,62339,65703,69144,72621,76137,79729,83412,87181,91001,94903,98913,103018,107221,111570,116043,120643,125401,130299,135357,140599,146041,151679,157544,163657,170023,176691,183658,190982,198709,206861,215514,224734,234602,245195,256636,269079,282744,297916,314900,334260,356782,383645],"async_period_values":[63.0,62.0,61.0,60.0,59.0,58.0,57.0,56.0,55.0,54.0,53.0,52.0,51.0,50.0,49.0,48.0,47.0,46.0,45.0,44.0,43.0,42.0,41.0,40.0,39.0,38.0,37.0,36.0,35.0,34.0,33.0,32.0,31.0,30.0,29.0,28.0,27.0,26.0,25.0,24.0,23.0,22.0,21.0,20.0,19.0,18.0,17.0,16.0,15.0,14.0,13.0,12.0,11.0,10.0,9.0,8.0,7.0,6.0,5.0,4.0],"end_accuracy":0.4306,"epoch_loss":[2.3027001696437366,2.3027342659787653,2.302687134009135,2.3026767143887934,2.3027023632721297,2.3026834516970145,2.302608681260923,2.30251906309814,2.3010816245804655,2.21702228700589,2.09323250545358,2.0273424873505337,1.9650369996288748,1.8933089626714676,1.8470681684982317,1.7668634785092425,1.698269190423855,1.6611761302988293,1.6094861326687246,1.5666262590123559,1.5392487940002815,1.533518380358281,1.4991143707707217,1.4758241583027965,1.4417402723185826,1.4078550472919797,1.3818341147518,1.3564466213390252,1.3435882295174104,1.3290276540597599,1.2905646468933276,1.260292438669852,1.2438948081241106,1.2053795542039554,1.2328999150972293,1.2090333880142723,1.167670583970707,1.144951696226904,1.1143074577991718,1.096237837418248,1.0866316232097133,1.089265224211513,1.043201055049231,1.0346460142175231,1.0252467076718437,0.9946350924618172,0.9809344683398155,0.9606883906607186,0.938270658733816,0.9495109655979704,0.9386771220946489,0.9395348769543812,0.9302134960719215,0.9055374276926322,0.905458489795277,0.8750530707046607,0.8567619585719618,0.8618005235440864,0.841911716500873,0.8177885902791224,0.8185724836524836,0.8047221035765265,0.7387733788835837,0.7809796886359119,0.8202130159660938,0.7775631955409904,0.7625754138221563,0.7561781071350461,0.7359243531749646,0.7223877425046465,0.734630077156798,0.7091077886127616,0.703904103133845,0.7095880912202039,0.669914963532395,0.6770449027752701,0.6726817626574817,0.6622816165595853,0.6490064082225866,0.6499136689019237,0.6458084425940237,0.6252983146255547,0.6211194100786556,0.6138767358991862,0.607171080205793,0.5933497343043006,0.6030582340342248,0.5898538147693868,0.5759038694288525,0.5559952378857469,0.5664962340485457,0.5431689184612971,0.5281376975673029,0.5510544278457021,0.5289857614470974,0.5667543516106984,0.5340915191895559,0.5322997702333279,0.4919486002446178,0.5076917521853118,0.4925574572842344,0.4805957109466316,0.4898144596941714,0.48777254026458144,0.46973922842875343,0.4396866509204694,0.4639938101185755,0.44616540639441093,0.3475976388012086,0.37474324795799946,0.4239813319293606,0.41239844361217315,0.4202706454547158,0.30057060114982614,0.24192124997525516,0.22264335307261576,0.5074654390782626,0.44251966638392376,0.40970404741072425,0.4314797165590666,0.4215555088740236,0.392985170994605,0.374682800254329,0.38560010172609455,0.4019039929822324,0.3848632297118786,0.3898772907454777,0.3902279305665552,0.38272051224264586,0.37094592340228444,0.358445276268889,0.3544406966175255,0.38205033596544485,0.36429276429246615,0.3491054253255161,0.35278005831314246,0.36194529681296983,0.3440891002626734,0.3403591790504419,0.34068886029283096,0.3311195541110756,0.3056901904965322,0.32053730595145075,0.3387370246650633,0.34315355238176276,0.3101191813846894,0.3049426565360468,0.31333319910782553,0.32229903215006084,0.3104751431776639,0.3037114953993415,0.303857223531356,0.30217803376248054,0.3020889029001311,0.2959830994108892,0.28964844403970236,0.2862214399585179,0.2870645640415569,0.27906123467318683,0.278797960940978,0.27815341662292103,0.27974715081560275,0.27585337823072686,0.28223729072805787,0.2732294720684682,0.2763541816992872,0.27356958421498306,0.2700739467010708,0.27890516988469766,0.25981646440238865,0.2658058194280621,0.2689867502514051,0.25226539678881926,0.2570748156002823],"epoch_mstimes":[3237,4361,5485,6632,7774,8917,10069,11222,12353,13499,14663,15809,16924,18084,19254,20421,21611,22793,23986,25157,26337,27547,28730,29956,31194,32435,33667,34917,36139,37389,38615,39777,41053,42297,43513,44726,45960,47259,48491,49759,50984,52269,53499,54771,56045,57311,58561,59812,61102,62358,63641,64923,66199,67514,68812,70154,71459,72784,74123,75437,76800,78166,79532,80941,82338,83754,85189,86606,88047,89512,90967,92451,93942,95432,96960,98484,100033,101585,103159,104768,106367,107989,109654,111296,112984,114683,116392,118150,119903,121685,123493,125297,127171,129027,130903,132841,134770,136739,138734,140739,142801,144870,146969,149122,151269,153496,155729,157974,160300,162628,165007,167433,169853,172379,174917,177491,180160,182813,185559,188342,191136,194083,197021,200027,203138,206252,209511,212798,216139,219647,223153,226809,230567,234319,238331,242381,246501,250873,255229,259845,264583,269365,274580,279784,285218,291026,296800,303136,309613,316239,323622,331003,339060,347653,356238,366366,376599,387634,400350,413083,425802,438496,451203,463928,476644,489371,502094,514812,527491,540225,552923,565646,578353,591026],"meta":{"batch_size":16,"dataset":"CIFAR10","dispatcher":"semisync","epoch_steps":3125,"exec_steps":512,"learning_rate":0.005,"momentum":0.3,"monitor":"window","num_epochs":174,"num_threads":128,"para_ctrl":"static","probe_steps":128,"search_degree":2,"semisync_period":64,"window_size":8},"para_mstimes":[],"para_values":[],"step_acceptance_rate":0.11863065853748102,"steptimes":[],"tau_dist":[35218,35193,35160,35066,21845,20207,18842,17665,16646,15729,14914,14163,13489,12848,12260,11720,11204,10721,10260,9837,9419,9032,8647,8311,7959,7623,7306,7018,6714,6430,6149,5889,5630,5378,5138,4897,4680,4456,4236,4031,3814,3622,3426,3228,3036,2862,2676,2507,2335,2165,2005,1844,1684,1523,1376,1223,1071,933,788,649,513,384,248,118,0,0,0,0,0,0,0,0,0,0,0,0,0,0,0,0,0,0,0,0,0,0,0,0,0,0,0,0,0,0,0,0,0,0,0,0,0,0,0,0,0,0,0,0,0,0,0,0,0,0,0,0,0,0,0,0,0,0,0,0,0,0,0,0,0,0,0,0,0,0,0,0,0,0,0,0,0,0,0,0,0,0,0,0,0,0,0,0,0,0,0,0,0,0,0,0,0,0,0,0,0,0,0,0,0,0,0,0,0,0,0,0,0,0,0,0,0,0,0,0,0,0,0,0,0,0,0,0,0,0,0,0,0,0,0,0,0,0,0,0,0,0,0,0,0,0,0,0,0,0,0,0,0,0,0,0,0,0,0,0,0,0,0,0,0,0,0,0,0,0,0,0,0,0,0,0,0,0,0,0,0,0,0,0,0,0,0,0,0,0,0,0,0,0,0,0,0,0,0,0,0,0,0,0,0,0,0,0,0,0,0,0,0,0,0,0,0,0,0,0,0,0,0,0,0,0,0,0,0,0,0,0,0,0,0,0,0,0,0,0,0,0,0,0,0,0,0,0,0,0,0,0,0,0,0,0,0,0,0,0,0,0,0,0,0,0,0,0,0,0,0,0,0,0,0,0,0,0,0,0,0,0,0,0,0,0,0,0,0,0,0,0,0,0,0,0,0,0,0,0,0,0,0,0,0,0,0,0,0,0,0,0,0,0,0,0,0,0,0,0,0,0,0,0,0,0,0,0,0,0,0,0,0,0,0,0,0,0,0,0,0,0,0,0,0,0,0,0,0,0,0,0,0,0,0,0,0,0,0,0,0,0,0,0,0,0,0,0,0,0,0,0,0,0,0,0,0,0,0,0,0,0,0,0,0,0,0,0,0,0,0,0,0,0,0,0,0,0,0,0,0,0,0,0,0,0,0,0,0,0,0,0,0,0,0,0,0,0,0,0,0,0,0,0,0,0,0,0,0,0,0,0,0,0,0,0,0,0,0,0,0,0,0,0,0,0,0,0]}