{"async_period_mstimes":[4190,6259,8342,10407,12499,14613,16754,18868,20994,23096,25230,27381,29533,31696,33844,36012,38199,40372,42580,44808,47022,49246,51507,53795,56057,58333,60627,62924,65201,67500,69820,72156,74500,76839,79197,81576,83975,86374,88802,91237,93712,96186,98675,101191,103729,106283,108866,111483,114115,116757,119428,122135,124847,127599,130361,133127,135885,138713,141558,144368,147225,150100,153001,155932,158870,161817,164824,167884,170930,173989,177115,180274,183415,186566,189816,193013,196236,199551,202715,205835,209150,212491,215806,219191,222593,226034,229574,233171,236823,240566,244376,248285,252269,256357,260557,264883,269327,273912,278635,283518,288549,293760,299170,304783,310610,316695,323037,329669,336620,343927,351624,359750,368381,377571,387398,397962,409370,421761,435390,450504,467439,486737,509157,535890],"async_period_values":[127.0,126.0,125.0,124.0,123.0,122.0,121.0,120.0,119.0,118.0,117.0,116.0,115.0,114.0,113.0,112.0,111.0,110.0,109.0,108.0,107.0,106.0,105.0,104.0,103.0,102.0,101.0,100.0,99.0,98.0,97.0,96.0,95.0,94.0,93.0,92.0,91.0,90.0,89.0,88.0,87.0,86.0,85.0,84.0,83.0,82.0,81.0,80.0,79.0,78.0,77.0,76.0,75.0,74.0,73.0,72.0,71.0,70.0,69.0,68.0,67.0,66.0,65.0,64.0,63.0,62.0,61.0,60.0,59.0,58.0,57.0,56.0,55.0,54.0,53.0,52.0,51.0,50.0,49.0,48.0,47.0,46.0,45.0,44.0,43.0,42.0,41.0,40.0,39.0,38.0,37.0,36.0,35.0,34.0,33.0,32.0,31.0,30.0,29.0,28.0,27.0,26.0,25.0,24.0,23.0,22.0,21.0,20.0,19.0,18.0,17.0,16.0,15.0,14.0,13.0,12.0,11.0,10.0,9.0,8.0,7.0,6.0,5.0,4.0],"end_accuracy":0.3884,"epoch_loss":[2.3027445771051482,2.3027036063322357,2.3027024728876917,2.302696437084836,2.3027136565274247,2.302708250155629,2.302689660531822,2.3025729055739377,2.301451923734971,2.290094379449363,2.301305309727385,2.229906260716609,2.1309351173846913,2.1289158363354073,2.0491159347919106,1.9912742714485434,2.0003886821426606,1.9340104957043927,1.886772255647505,1.9180234035078978,1.913758589923216,1.7888245943982277,1.7742482206457972,1.7564956374538183,1.739848449509183,1.76251223846739,1.8365089666846328,1.685466044049781,1.7050323779074241,1.614964769005463,1.6073318394074225,1.6217730782833404,1.5737615129547606,1.5323213808828224,1.5891469096940498,1.5232664605154864,1.5144970127538475,1.4703292412808173,1.4512408580308238,1.4253444894321348,1.3810273956360877,1.397614252329937,1.3637170805092225,1.3350061971316727,1.3396978871210699,1.3635487356393314,1.3304952134560288,1.3052566690383567,1.3577054297997162,1.3155822821791276,1.2817935763421608,1.3065088494013541,1.2490483326747415,1.236795661156232,1.2281815080171525,1.2469166144538544,1.2221835969863537,1.201823352790284,1.2262286413777232,1.1863271240781919,1.1459168080007653,1.1624529700137625,1.1283394255437675,1.1547771444160995,1.126250886083165,1.1102303905610722,1.1266031033412418,1.1120574239979917,1.0923948522024038,1.0741786877262072,1.0751911342058478,1.0750784491965903,1.06397853683228,1.0640789516429296,1.03290802315508,1.048205907351908,0.9903271289405928,0.9869262274465895,1.037817516056307,0.9615416810519726,0.960115304395522,1.0410309221704113,0.9887463906099524,0.9505436619942346,0.9415569568392921,1.0228874418451814,0.979307988491227,0.9632651906888934,0.9690902096535131,0.9470596324203896,0.928928051311232,0.980225612501459,0.9629702073427796,0.9228896389076895,0.9232341812356626,0.924215721201242,0.9344832664241673,0.9408179896885105,0.915767028024275,0.9319674109930832,0.9080201433926176,0.9017473529292638,0.9088598396470317,0.8828393294598892,0.8790824208012151,0.8642530476011593,0.8939822803902882,0.8668679574818247,0.8896536933728928,0.8494596245577405,0.8655193067801846,0.8929563239704905,0.8202114696041687,0.8335971106354323,0.8261077590292506,0.8775806891834238,0.8673454924269912,0.8139621340998944,0.8204903522382881,0.7219633239696202,0.7392575557474447,0.7219932767933135,0.68558409664569675,0.704194959778941,0.6180676434887074,0.8334726191385626,0.8432281596488004,0.7242868170329115,0.8398664060379686,0.736950537104919,0.8848010085792379,0.7144949512724953,0.7523623743142143,0.8303043955421865,0.7700208840149164,0.8359329896229245,0.7992508366666479,0.7947653191759518,0.798996028893295,0.7750015721669509,0.7713602608254672,0.7645025040228581,0.7243010595312486,0.6917376398064348,0.7986478151535259,0.7549742143714964,0.7129613785007239,0.6965851992336072,0.6142466224662617,0.655729308965895,0.6051679545642153,0.6340054300489205,0.6156001129353287,0.7290556397011881,0.6299180294336367,0.6778185516424463,0.6566651210149783,0.6052747688207626,0.6225731601628947,0.6322293062892322,0.5961595935264485,0.638742996429122,0.60923194462584,0.6267316697927631,0.5618403123174993,0.6056427398642551,0.5281888144999636,0.6101928430202093,0.6227423001307938,0.6093004078843003,0.5740378184293333,0.5364688450762969,0.50161573401041,0.47952381384279297,0.6101892352470063,0.5738219294899949,0.5405801982961062,0.5600149948851566,0.5700608060681475,0.5301394161931066,0.5690863007295285,0.5550666108715003,0.5053169661374648,0.5244364328085795,0.5511936341758324,0.5369530394428915,0.5087658415676523,0.5136196263453197,0.4930466634460091,0.4992275367021811,0.4713077271890837,0.437024078179117,0.44055721979704443,0.39002540795088836,0.5362680706715707,0.5093818546033607,0.5132244453046304,0.4789320611010808,0.4475106276138739,0.4115546810625936,0.47010773295322106,0.4583525274263351,0.45093296368741126,0.44986040752258094,0.4087965598250252,0.504536116330297,0.44359849270903634,0.4129469879665482,0.41786408958333326,0.45613212644884116,0.4740712744477597,0.40555658528547467,0.38635662403165183,0.3632956115116358,0.4277766493695481,0.43491618752385663,0.4081358441107758,0.4625929623183689,0.4153547339702674,0.38539939139143004,0.37479547959163934,0.38670622182147346,0.3905930606469254,0.40462732422933173,0.4061532394434382,0.4088074400126263,0.45906372351025787,0.39298542951216114,0.3909355819874548,0.3771599790682324,0.38597191262188635,0.369375372777227,0.3637544872595714,0.3511195648768159,0.38550037633720874,0.3717388936425167,0.39166775788280184,0.42494672016578233,0.3511751632183163,0.3444077426764082,0.36777944686215264,0.34591203415667077,0.34635732593970797,0.38050509227255785,0.373124897558221,0.36966194029058147,0.3621585863749254,0.3548186889844427,0.35066613310905126,0.3521417371200356,0.3465246432415395,0.33120857246120206,0.33748854319862015,0.34413549721853937,0.3493860559482939,0.34306149364322813,0.33253983318562885,0.3535105387703914,0.3653159621278803,0.32813817298614223,0.3338384467267107,0.338012587476626,0.3202505544532632,0.30454591878108855,0.2860704041390815,0.3038882813606832,0.3029777393864029,0.31515838812336805,0.31763365770656005,0.3290340818099993,0.2994629949189988,0.31182734094263287,0.3103857358679208,0.2768494793672034,0.30956549156219954,0.24317281360372656,0.3027998918632253,0.34064739637930846,0.26037415674477965,0.3110570509197919,0.2121078208225235,0.18388555864166858,0.2285538358849605,0.340970460316774,0.26247633118920555,0.17614524354025735,0.15296645117583602,0.3715726584586161,0.35527509601814766,0.29313422350237933,0.29708281136971515,0.32241230817638833,0.2863751997703474,0.2912596846257815,0.2793306307170615,0.30032626107203914,0.3083800680473354,0.27977721585798865,0.2728597384387271,0.27291148379422286,0.2747330320258823,0.28148119479678013,0.2811296227880345,0.2873260360569175,0.29921877040768546,0.2864528208707285,0.2727733050492438,0.26182749168171027,0.2638916880473707,0.27197921040030293,0.28252197561006553,0.2867498626010945,0.2839302239189954,0.2776762086725738,0.2717707783067376,0.28008536612231943,0.2846775411250391,0.2765640314610358,0.259437386734185,0.2729523721661204,0.2594191638603381,0.2843325335119441,0.278111045141892,0.2693083871182509,0.2645512432071003,0.2608250547824579,0.2514311918393494,0.26340126244461376,0.26896790364201834,0.2720382263126752,0.26635764371960113],