{"async_period_mstimes":[4410,6739,9054,11387,13741,16083,18438,20809,23213,25624,28052,30498,32944,35421,37925,40431,42962,45523,48114,50740,53365,56021,58711,61434,64167,66932,69694,72447,75210,78036,80841,83669,86487,89367,92287,95231,98190,101193,104205,107260,110347,113421,116527,119682,122870,126076,129324,132614,135820,139015,142220,145404,148625,151868,155130,158509,161906,165361,168888,172465,176138,179890,183705,187600,191595,195698,199897,204228,208702,213302,218039,222932,228001,233233,238655,244276,250138,256234,262592,269248,276215,283533,291251,299406,308047,317258,327105,337670,349102,361526,375174,390298,407265,426562,449030,475874],"async_period_values":[99.0,98.0,97.0,96.0,95.0,94.0,93.0,92.0,91.0,90.0,89.0,88.0,87.0,86.0,85.0,84.0,83.0,82.0,81.0,80.0,79.0,78.0,77.0,76.0,75.0,74.0,73.0,72.0,71.0,70.0,69.0,68.0,67.0,66.0,65.0,64.0,63.0,62.0,61.0,60.0,59.0,58.0,57.0,56.0,55.0,54.0,53.0,52.0,51.0,50.0,49.0,48.0,47.0,46.0,45.0,44.0,43.0,42.0,41.0,40.0,39.0,38.0,37.0,36.0,35.0,34.0,33.0,32.0,31.0,30.0,29.0,28.0,27.0,26.0,25.0,24.0,23.0,22.0,21.0,20.0,19.0,18.0,17.0,16.0,15.0,14.0,13.0,12.0,11.0,10.0,9.0,8.0,7.0,6.0,5.0,4.0],"end_accuracy":0.4031,"epoch_loss":[2.3026726772598214,2.3027056551900604,2.30266223884098,2.302713186551748,2.3026797906346923,2.3026985878247013,2.3026513670994877,2.302540997603325,2.3012278946277,2.2315592891816123,2.121325675017341,2.0634637460659966,2.0427505541203277,2.038632556612968,1.9581831577572844,1.895090116616896,1.806621603325781,1.785306306096635,1.7212807461939768,1.691542136419492,1.6778577133354131,1.6785137535211148,1.6538340474299447,1.5827977752490066,1.5553904226789825,1.5456733160689815,1.521805177887109,1.5061402672933912,1.4830729517939194,1.4403525611893737,1.4198913088904224,1.4109552960060852,1.4049267040796583,1.363532171210275,1.3429302049107028,1.3359578950101898,1.3204568223399484,1.3082742023735496,1.2790311025117054,1.278108805891623,1.2355694623167892,1.2203854102203795,1.1837656822475948,1.1538819525516548,1.1393901829051156,1.0754763970278238,1.0655528079554253,1.0403767618108004,1.0604666284162545,1.0198681032096744,0.994727593151004,1.0833530054081089,1.2057190295958322,1.1690179083385472,1.0716201911099887,1.0806921404067646,1.0568916764420377,0.9842790586991661,1.0545469067359843,1.0601392436141395,0.990312572694621,0.9877272184954937,0.9717368775269323,1.017481245950795,0.9666431010813472,0.9529994929886791,0.9403717992969833,0.9586879136540816,0.9518643969224485,0.9449255239989708,0.8970998056814894,0.8928103868966131,0.8917197179021589,0.8974844199754483,0.9094240115832866,0.8965028148745501,0.9050377340281055,0.8309857319322446,0.9025387067949501,0.840268725349931,0.7971152349620275,0.8228566711873156,0.8209537955772894,0.8073708139957418,0.7779041141055065,0.7850039375973801,0.7786004370255399,0.7627115879117549,0.7799444959957197,0.7742150161403443,0.7097603837895585,0.7366203865999671,0.7685868840370853,0.7290495819732828,0.735386511826726,0.6935885777291481,0.7095887418889156,0.6930688190323061,0.6788039191133678,0.7150323758909622,0.6458372701052785,0.6549504495529291,0.6154256450768181,0.602171195019493,0.7213649986138574,0.6676825688804555,0.622671687262235,0.6441980319489267,0.5748103005499364,0.5721153230943754,0.6215072942055557,0.5849119679284125,0.6046479484261633,0.5860235882156819,0.6026286614725002,0.605234334098481,0.5690632443513731,0.5710088833074899,0.5413476012858548,0.5284927168505603,0.5522780802510958,0.5284067484688099,0.5087306224697592,0.5415581737588528,0.517574780942108,0.5331385126205699,0.4674048002131117,0.48372827896724424,0.5229540270061843,0.5032431103995761,0.47712807646489125,0.49731034711036054,0.44792052712564434,0.46712659839402687,0.46384997997949523,0.43726628582961025,0.421582087332445,0.4944708068929298,0.46330952838499034,0.4343278100133155,0.45010468044662166,0.43743062002308003,0.44695543424368367,0.4300250952173848,0.4137043017576548,0.39970969744546603,0.39490495693973365,0.3891514791927688,0.4305542866825896,0.41422069336240747,0.3613936454610695,0.40765524929673796,0.4430079187889399,0.3806827703829499,0.36736282671125337,0.3872865812771096,0.373855241688456,0.3895910899224012,0.39217028190336045,0.34661644166242955,0.39542509932025693,0.36630092554652877,0.2893908867017166,0.35806963880853765,0.3661080295200484,0.3557427362029848,0.3450173321100343,0.36232680250600474,0.3550932507862375,0.3425139590300755,0.323063601437007,0.32907267808749324,0.31844574979801876,0.3350451861400535,0.32725989404633726,0.32119548719845253,0.29965095845783596,0.3092164391121728,0.32198708564413425,0.29592725352737914,0.27558114043746895,0.28612070387789856,0.27079741075961544,0.2920809871889855,0.28418796812938085,0.2997313771902718,0.2712432190754269,0.26112740173844273,0.2757141524521884,0.27020582334002907,0.29685184578688406,0.2802943630998333,0.29015051782214885,0.25516615149770633,0.25579842999369606,0.24505036816158893,0.21649319885403842,0.2557411233534795,0.21877950861899384,0.22731192510484677,0.22654005869936739,0.21008388122424437,0.24781576967905677,0.1634126957672409,0.23174912683528223,0.20472297699652325,0.1699011873781997,0.2104339904809211,0.21433941379708424,0.11294776302745849,0.07993728687507214,0.12037934900719406,0.25469593380499966,0.287917558744716,0.3042013433620654,0.2671230503821109,0.2580601995084036,0.23923168872196052,0.21200935703450952,0.20003800790995743,0.19368850074382563,0.21842633589479965,0.21019884708588157,0.21047666438396476,0.20636110257582213,0.20388951319322715,0.21691141230868188,0.21387320200841414,0.19581237748507427,0.20154505819979993,0.21154605100139445,0.1897292545057889,0.18028630268315426,0.20303479447717607,0.2109044676803001,0.20364499628347116,0.21224380098433732,0.22304204895903712,0.20181455196139383,0.20446930576712527,0.19186555849283038,0.1999417541386075,0.20525982208327073,0.1912614189061264,0.1900425420557943,0.1763670156702361,0.17364256311843815,0.18300492372412272,0.17870515541673057,0.1648086716659191,0.18753285864257296,0.18390871459001248,0.17877354295432127,0.16735893457203951,0.16797259134465153,0.1568642857618131,0.16475663737835541,0.1654521226643428,0.15773519879556094,0.16918821868324052,0.1809752286564933,0.1794604142340242],"epoch_mstimes":[2998,3876,4752,5644,6534,7400,8279,9159,10039,10942,11818,12710,13606,14493,15376,16265,17149,18038,18932,19830,20726,21623,22541,23446,24357,25257,26182,27099,28018,28949,29865,30779,31697,32628,33563,34501,35440,36385,37330,38279,39236,40174,41133,42106,43060,44026,45001,45985,46974,47958,48962,49943,50940,51931,52928,53926,54937,55958,56981,57990,59010,60028,61072,62114,63149,64191,65244,66278,67338,68404,69436,70460,71523,72568,73612,74667,75742,76806,77889,78939,79999,81075,82147,83215,84303,85380,86440,87517,88623,89714,90798,91930,93028,94155,95275,96387,97504,98631,99771,100919,102060,103206,104339,105491,106659,107823,108999,110163,111340,112519,113677,114848,116043,117214,118414,119634,120811,122054,123259,124485,125724,126955,128154,129417,130670,131912,133169,134352,135585,136837,138018,139238,140436,141690,142908,144151,145331,146577,147784,148994,150242,151454,152710,153950,155184,156463,157753,159019,160316,161615,162935,164239,165543,166889,168217,169561,170944,172307,173694,175096,176515,177928,179359,180790,182234,183705,185183,186672,188163,189688,191209,192748,194307,195873,197476,199084,200700,202356,203991,205695,207381,209099,210854,212593,214375,216172,217972,219838,221701,223592,225513,227446,229426,231408,233407,235483,237542,239634,241777,243920,246144,248368,250617,252939,255262,257630,260055,262476,265006,267542,270114,272764,275419,278162,280962,283754,286699,289631,292643,295752,298865,302123,305416,308742,312259,315760,319408,323154,326904,330923,334946,339070,343430,347793,352421,357150,361928,367134,372337,377785,383551,389317,395671,402140,408779,416124,423487,431544,440120,448687,458828,469082,480150,492812,505491,518210,530890,543546,556210,568890,581557,594231],"meta":{"batch_size":16,