{"epoch_loss": [ 2.30271, 2.30271, 2.30272, 2.30272, 2.30272, 2.30271, 2.30271, 2.3027, 2.30268, 2.30265, 2.30255, 2.30204, 2.27999, 2.14445, 2.08114, 2.02653, 1.96022, 1.89006, 1.84081, 1.8028, 1.75984, 1.72887, 1.6928, 1.65435, 1.63143, 1.60162, 1.57575, 1.54981, 1.50544, 1.47404, 1.46327, 1.43762, 1.42622, 1.40954, 1.39675, 1.38563, 1.37169, 1.34935, 1.35076, 1.33386, 1.31268, 1.30624, 1.27791, 1.28392, 1.27124, 1.2612, 1.25463, 1.21886, 1.23472, 1.18556, 1.18206, 1.17226, 1.1521, 1.13777, 1.13272, 1.11971, 1.12601, 1.08153, 1.09551, 1.06795, 1.05889, 1.07494, 1.04573, 0.957253, 0.972257, 0.969396, 0.975182, 0.995106, 0.984387, 0.982169, 0.97514, 0.976869, 0.95808, 0.977971, 0.954337, 0.974533, 0.968401, 0.96526, 0.958112, 0.952847, 0.982562, 0.933081, 0.945405, 0.97713, 0.953082, 0.961178, 0.87487, 0.874721, 0.864615, 0.884843, 0.855187, 0.8798, 0.858398, 0.863516, 0.875361, 0.853272, 0.820728, 0.835829, 0.850576, 0.842905, 0.836357, 0.677899, 0.72559, 0.741026, 0.752217, 0.772762, 0.769928, 0.773682, 0.781718, 0.807658, 0.78005, 0.791292, 0.819401, 0.797548, 0.764484, 0.796904, 0.808996, 0.803664, 0.838413, 0.793498, 0.810554, 0.869447, 0.85367, 0.852216, 0.811618, 0.793618, 0.582788, 0.561629, 0.587783, 0.601508, 0.626635, 0.624003, 0.610904, 0.637792, 0.636845, 0.647077, 0.638149, 0.6222, 0.506324, 0.466108, 0.496902, 0.549499, 0.575938, 0.594578, 0.614083, 0.635276, 0.621979, 0.649688, 0.653414, 0.676719, 0.641165, 0.650822, 0.708323, 0.667325, 0.66611, 0.67374, 0.688077, 0.692022, 0.681295, 0.425796, 0.389128, 0.381249, 0.397688, 0.435037, 0.441904, 0.434849, 0.463293, 0.484223, 0.395981, 0.345747, 0.332926, 0.355026, 0.436569, 0.554428, 0.552862, 0.515136, 0.534919, 0.58286, 0.565305, 0.53977, 0.610029, 0.566656, 0.618585, 0.620063, 0.567849, 0.330535, 0.297149, 0.279814, 0.26848, 0.263214, 0.275054, 0.287724, 0.303356, 0.258052, 0.240598, 0.255881, 0.377493, 0.429744, 0.461459, 0.5234 ], "epoch_time": [ 2, 4, 5, 7, 8, 9, 11, 12, 13, 14, 15, 16, 17, 18, 19, 20, 21, 22, 23, 24, 25, 26, 27, 28, 29, 30, 31, 31, 33, 34, 35, 36, 37, 38, 39, 40, 41, 42, 43, 44, 45, 46, 47, 48, 48, 49, 50, 51, 52, 53, 54, 54, 55, 56, 57, 58, 58, 59, 60, 61, 62, 63, 64, 65, 66, 67, 68, 69, 70, 71, 71, 72, 73, 74, 75, 76, 77, 78, 79, 80, 81, 82, 83, 84, 85, 86, 87, 87, 88, 89, 90, 91, 92, 92, 93, 94, 95, 96, 96, 97, 98, 100, 101, 102, 103, 104, 105, 106, 107, 107, 109, 110, 110, 112, 113, 114, 114, 115, 116, 117, 118, 119, 120, 120, 121, 122, 123, 124, 125, 126, 127, 128, 129, 130, 131, 131, 132, 133, 135, 136, 137, 138, 139, 140, 141, 142, 143, 144, 145, 146, 147, 148, 149, 150, 151, 152, 152, 154, 155, 156, 157, 158, 159, 161, 162, 163, 164, 165, 167, 168, 170, 171, 173, 174, 175, 176, 178, 179, 180, 181, 182, 183, 184, 185, 186, 188, 189, 190, 192, 193, 195, 196, 198, 200, 202, 204, 206, 207, 209, 210 ], "staleness_dist": [ 549, 251, 259, 178, 191, 174, 178, 174, 180, 169, 164, 188, 209, 227, 554, 1641, 1878, 1995, 2034, 2428, 3321, 7223, 11420, 23576, 7845, 8109, 6574, 7359, 14256, 30714, 13626, 13423, 13752, 14721, 18418, 20708, 37990, 66933, 19824, 21010, 23130, 33484, 41995, 26895, 34091, 22702, 10321, 10733, 10315, 8366, 6292, 5950, 4681, 3031, 1019, 959, 790, 749, 644, 465, 451, 441, 407, 347, 302, 258, 165, 133, 104, 108, 84, 85, 81, 74, 60, 66, 51, 50, 45, 32, 34, 26, 29, 26, 33, 36, 28, 27, 23, 20, 15, 14, 21, 16, 12, 7, 14, 11, 13, 11, 10, 9, 2, 8, 10, 6, 7, 7, 3, 7, 9, 1, 3, 5, 3, 4, 4, 4, 6, 1, 4, 5, 4, 3, 2, 2, 4, 1, 2, 4, 1, 2, 3, 0, 0, 0, 2, 0, 1, 2, 0, 2, 1, 2, 1, 0, 1, 0, 2, 2, 2, 0, 2, 1, 2, 1, 1, 0, 0, 1, 1, 4, 3, 2, 0, 0, 0, 0, 0, 2, 0, 0, 0, 1, 0, 1, 2, 1, 1, 1, 1, 0, 1, 1, 1, 1, 0, 0, 1, 1, 0, 1, 0, 0, 1, 0, 0, 0, 0, 0 ], "numtriesdist": [  ], "numfailedcas": 0}
