{"epoch_loss": [ 2.30271, 2.3027, 2.30271, 2.3027, 2.3027, 2.3027, 2.30269, 2.30269, 2.30267, 2.30264, 2.30253, 2.30199, 2.27372, 2.12469, 2.02861, 1.92875, 1.82747, 1.76082, 1.71075, 1.6647, 1.61565, 1.57379, 1.53299, 1.49844, 1.46689, 1.43695, 1.40863, 1.38474, 1.36181, 1.33759, 1.31558, 1.29581, 1.27667, 1.25549, 1.2362, 1.21759, 1.20079, 1.18417, 1.1655, 1.14868, 1.13211, 1.11648, 1.10172, 1.08381, 1.07044, 1.05705, 1.04481, 1.02639, 1.0143, 1.00403, 0.987043, 0.975405, 0.963055, 0.950097, 0.935782, 0.929696, 0.917583, 0.90783, 0.892933, 0.885677, 0.871343, 0.86138, 0.859688, 0.844261, 0.833908, 0.828839, 0.814608, 0.808536, 0.798636, 0.793692, 0.781933, 0.772724, 0.770708, 0.761811, 0.744363, 0.750316, 0.7498, 0.732921, 0.722129, 0.716249, 0.722077, 0.699633, 0.694352, 0.697326, 0.691192, 0.680972, 0.680069, 0.674222, 0.663386, 0.66466, 0.662269, 0.6509, 0.644021, 0.640534, 0.620025, 0.627735, 0.625789, 0.627595, 0.605834, 0.603658, 0.618805, 0.607814, 0.586699, 0.588786, 0.587883, 0.592023, 0.577772, 0.57605, 0.569771, 0.584975, 0.580185, 0.561629, 0.555321, 0.549698, 0.546393, 0.561076, 0.528933, 0.561067, 0.527383, 0.532527, 0.53134, 0.557123, 0.548534, 0.509841, 0.528232, 0.517067, 0.510976, 0.534045, 0.503421, 0.51217, 0.512002, 0.517375, 0.506382, 0.502164, 0.493607, 0.508368, 0.495168, 0.48948, 0.470128, 0.484603, 0.498937, 0.467343, 0.47387, 0.496139, 0.473203, 0.480805, 0.478034, 0.473349, 0.461205, 0.445144, 0.468874, 0.457047, 0.447446, 0.447342, 0.468655, 0.470518, 0.454056, 0.449431, 0.470925, 0.454234, 0.458005, 0.430288, 0.400376, 0.448651, 0.425267, 0.448294, 0.471138, 0.427339, 0.444782, 0.39942, 0.436958, 0.444308, 0.407957, 0.437728, 0.425999, 0.431492, 0.414242, 0.41834, 0.414403, 0.396684, 0.390191, 0.449776, 0.423498, 0.425834, 0.393143, 0.400094, 0.404602, 0.433206, 0.391912, 0.410328, 0.414384, 0.393029, 0.420459, 0.388521, 0.354916, 0.353818, 0.43857, 0.412473, 0.349345, 0.408564 ], "epoch_time": [ 6, 12, 17, 23, 29, 34, 40, 45, 51, 57, 62, 68, 73, 79, 84, 90, 96, 102, 107, 113, 119, 124, 130, 136, 141, 147, 153, 158, 164, 170, 175, 181, 187, 193, 198, 204, 209, 215, 221, 227, 232, 238, 243, 249, 255, 260, 266, 272, 277, 282, 288, 294, 300, 305, 311, 316, 323, 328, 334, 339, 345, 350, 356, 362, 368, 374, 379, 385, 391, 397, 402, 408, 413, 419, 425, 430, 436, 441, 447, 453, 458, 464, 469, 475, 481, 486, 492, 497, 503, 509, 514, 520, 525, 531, 537, 542, 548, 553, 559, 564, 570, 576, 581, 586, 591, 596, 601, 606, 611, 616, 621, 626, 631, 636, 641, 646, 651, 656, 661, 666, 671, 676, 681, 686, 691, 696, 701, 706, 710, 715, 720, 725, 730, 735, 740, 745, 750, 754, 759, 764, 769, 774, 779, 784, 789, 794, 799, 803, 808, 813, 818, 823, 828, 833, 838, 842, 847, 852, 857, 862, 867, 871, 876, 881, 886, 891, 896, 901, 906, 910, 915, 920, 925, 930, 935, 940, 944, 949, 954, 959, 964, 969, 974, 979, 984, 989, 994, 999, 1003, 1008, 1013, 1018, 1023, 1028, 1033, 1038, 1043, 1048, 1053, 1057 ], "staleness_dist": [ 2, 0, 2, 3, 23, 279, 2502, 20308, 122234, 452706, 18482, 2112, 792, 1100, 1593, 1489, 931, 358, 78, 3, 2, 0, 0, 1, 0, 0, 0, 0, 0, 0, 0, 0, 0, 0, 0, 0, 0, 0, 0, 0, 0, 0, 0, 0, 0, 0, 0, 0, 0, 0, 0, 0, 0, 0, 0, 0, 0, 0, 0, 0, 0, 0, 0, 0, 0, 0, 0, 0, 0, 0, 0, 0, 0, 0, 0, 0, 0, 0, 0, 0, 0, 0, 0, 0, 0, 0, 0, 0, 0, 0, 0, 0, 0, 0, 0, 0, 0, 0, 0, 0, 0, 0, 0, 0, 0, 0, 0, 0, 0, 0, 0, 0, 0, 0, 0, 0, 0, 0, 0, 0, 0, 0, 0, 0, 0, 0, 0, 0, 0, 0, 0, 0, 0, 0, 0, 0, 0, 0, 0, 0, 0, 0, 0, 0, 0, 0, 0, 0, 0, 0, 0, 0, 0, 0, 0, 0, 0, 0, 0, 0, 0, 0, 0, 0, 0, 0, 0, 0, 0, 0, 0, 0, 0, 0, 0, 0, 0, 0, 0, 0, 0, 0, 0, 0, 0, 0, 0, 0, 0, 0, 0, 0, 0, 0, 0, 0, 0, 0, 0, 0 ], "numtriesdist": [  ], "numfailedcas": 0}