{"end_accuracy":0.4247,"epoch_loss":[2.3027326231833474,2.3027186707749268,2.302706891140561,2.302697094059129,2.3027230423262868,2.302707153430208,2.30268565452969,2.302537278804174,2.299306760781404,2.184646923218618,2.054938023845757,1.9437337106357648,1.8474947989287653,1.769610484230034,1.7042806508350952,1.6545970091550692,1.6076078738389965,1.5594117462170216,1.5164760127758505,1.486279581818453,1.455123859535351,1.4176404527915876,1.385541044352095,1.362248491883528,1.3309395228364886,1.301406975369768,1.2802034915300315,1.2554630655351982,1.2389857882886366,1.2107966594851376,1.1843697619863203,1.1687835730714218,1.1423672602853618,1.1183163172162651,1.0965035113052006,1.0757879413279023,1.052742844289622,1.0322763089921292,1.0264286383585828,1.0203497561988348,1.002218080480199,0.9791747381318662,0.9687298986933348,0.9441660177783767,0.9356596822277197,0.9311839883734008,0.902196675412409,0.8879819158631178,0.8914228284768577,0.8764550033426808,0.8688113467443938,0.8410724625110538,0.8435332368523385,0.8279289469117066,0.80726022847136,0.8057387720900816,0.7789508556626893,0.7739743261622458,0.7535174834772889,0.7481528875891128,0.7425869206567188,0.7344326101935577,0.7389000611505192,0.7063244666329188,0.752854101792855,0.7023973791890757,0.6917825304337635,0.6818449754938223,0.6766283240671987,0.6631350007408707,0.6659637301531128,0.6798110100914561,0.6839918238309595,0.6492739129851606,0.6383984330024157,0.6491340934524322,0.6538060736472112,0.6264745360918694,0.6116071820312879,0.6194179514420401,0.6049674791012003,0.6145014296658627,0.6115194258700672,0.5995155969681407,0.5737058348228482,0.5923879226357236,0.5781286486277385,0.582602432200634,0.5523395975755351,0.5745027869362803,0.6006738356337722,0.5650251570892008,0.5829211669756752,0.5586212009668178,0.5531933328450291,0.5389226466941532,0.5294506261602326,0.5657811798263198,0.5344435018881444,0.5106138480282079,0.5124196487258101,0.5775560160821654,0.5241429090498543,0.5193440418063436,0.514581739422838,0.49852363493187557,0.4760684028378704,0.5063272862483822,0.5148398943792056,0.5372240381362443,0.4740860451148254,0.4734595253844635,0.4999750363410121,0.4479035018565553,0.4937948876484888,0.4854764315756127,0.4449914077803553,0.4658039636343257,0.46811677754543357,0.47684238531026096,0.44284430179568646,0.4840521559691552,0.4683655787623439,0.5084908883474063,0.44947028708394343,0.4339792990736548,0.45374123797050625,0.46441779406739403,0.45009240386533,0.4069629935529022,0.4839885683981545,0.484774106388193,0.40489628433669017,0.4490980282746614,0.4982910984080876,0.4628681095970103,0.4103351069735405,0.4825629170329324,0.41155766352297235,0.44471439171305954,0.40828536552128913,0.4303813264872613,0.42876188809553656,0.47601159316577624,0.427375785244969,0.4004243215393234,0.4338665904022758,0.47192669703886153,0.42924653820237135,0.46966970134842234,0.4075517277723254,0.4198513759922358,0.47561369494476663,0.37138679868750624,0.3567259368449515,0.4323929293485284,0.34671128429403186,0.4032357433312726,0.4134404374247318,0.4881262132531808,0.35779850883011394,0.4361688731869,0.43223621244725485,0.41084115865619153,0.35297544431901806,0.4351651144118192,0.40279516872645965,0.38141033377898326,0.3993121658383829,0.46426143359471417,0.3423214944506115,0.35746926599238965,0.4044837037058569,0.3937126002484387,0.41877782339112823,0.4643029136414861,0.39628000494158677,0.4111619114720645,0.4035694205390009,0.33322073183415046,0.4378844916899391,0.3866594101609468,0.38657869450037635,0.41229080911349075,0.4791688814258771,0.29756667910087525,0.3833825663756513,0.41359098537563505,0.3809700546619997,0.3718694949768321,0.3740170548557299,0.38630430162936447,0.3270055368119286,0.39190454821171733,0.491721467359679,0.36991244103749393,0.3798469138957189,0.3637661985613143,0.42806798613002717,0.3528347683636111,0.25649028614129876,0.3935136561443972,0.3382664479015868,0.3774447392435973,0.4522458223280279,0.37342419231688273,0.262303722421994,0.3637362075783054,0.3481085444238136,0.4110420152016737,0.3440723739053244,0.40025820029665526,0.4061359019802097,0.424242685427218,0.2939689237797581,0.2457528838745038,0.3123698650894317,0.38624103053220477,0.3663841176676431,0.4474703715792966,0.409777151564919,0.33878579216443033,0.22632854597911317,0.41191075689630524,0.4527134027272445,0.4805759450350164,0.3676331871433695,0.4220303536386896,0.3229191169942947,0.35415070238407426,0.36842560404741315,0.448611969018566,0.2290783041495373,0.2775114324435791,0.41492518252960114,0.43725694958220074,0.3796238223838524,0.3886799430445009,0.26975108332948966,0.40595301012507595,0.3729673011005531,0.35115873387266056,0.3324605139413938,0.2795228776581205,0.3780727432912085,0.3412090196155279,0.4507113102093664,0.3700569077542545,0.382148426445037,0.4141181881468283,0.36483017599003825,0.3615112863623437,0.22785568504511244,0.3370683509708725,0.3896285017859108,0.3990797211288073,0.3165809264810411,0.19539847878711572,0.5271386760800129,0.4321919564394135,0.31300689603910115,0.4060627247480562,0.31887087303793615,0.20169824278220413,0.172858273588095,0.38421779621895585,0.37349219605663747,0.4822391081713021,0.3650820616585323,0.2496410805633256,0.3270793821252898,0.4395770437781237,0.30491570325804085,0.3582119700113226,0.5085103115146091,0.27155672793098085,0.24229509915698566,0.4962606285756761,0.3110301015436484,0.16795794459767383,0.38075424246127254,0.33453019918460597,0.35437519159397596,0.2973036897155646,0.15949724662870282,0.28929174928385043,0.4562611389418269,0.4502506153551675,0.38395263284119513,0.20378001902827614,0.154584830463775,0.12528531409095264,0.11156462956492877,0.4352773424138968,0.4750407668127451,0.41238413378308797,0.18871122401137255,0.2853692585169348,0.4352848166257405,0.3343596539393166,0.38691287448902245,0.18404320217495237,0.13530163009542942,0.4348631921353905,0.47736191657182464,0.4367013905381757,0.17473982066757768,0.13516849851754573,0.4006921394705346,0.23384412861530185,0.4608002717093744,0.3369415884097412,0.2804706110185441,0.3991824020891192,0.3065707715404183,0.1803228765688294,0.13551437794515844,0.10863781428510315,0.08690214305968688,0.5749974577838152,0.5234251327307923,0.2945808840234168,0.45387036571891715,0.4490890342783641,0.27774611535208493,0.2980934661532177,0.5812416104112018,0.3121590226253071,0.1343529131446456,0.09945329613847707,0.10012992960348178,0.08231178357031867,0.06333730585896122,0.056337849997950634,0.05406605650445642,0.052986502479107175,0.4800211031739825,0.803431109606102,0.5236078869911654,0.3696665971490834,0.2700179618484161,0.18336101999865928,0.12060544571657154,0.4619003058682304,0.4782422896752723,0.47381622706109416,0.327682375676195,0.30429411261748346,0.3084932082192826,0.1058726723929256,0.07961337119043908],