{"end_accuracy":0.3754,"epoch_loss":[2.3027408583174185,2.3027553009434936,2.302743915443826,2.3027426848001626,2.302732266844733,2.30272544088874,2.302692550428371,2.3025748333883054,2.300172380349774,2.1922696151623495,2.073907451226604,1.9800959813169488,1.8898522588402333,1.818773591927765,1.7603719794993449,1.7041478003479598,1.6542224341543477,1.6133137075637616,1.569755607575762,1.529513359277412,1.5051365888446342,1.4732121950408716,1.4503247781298274,1.4203383104269773,1.3790910592573724,1.3629469987890441,1.345645538004558,1.3374806209730816,1.322265938263115,1.306273077035127,1.262999564180301,1.219573222744947,1.2127484666164172,1.193549613451141,1.1846920312251494,1.156254261376381,1.1533974113932843,1.1481933807784535,1.120509066441188,1.089387160038757,1.0858246479988918,1.073938083807991,1.0406648290939327,1.0578402736429613,1.0220342859470546,1.019567877489091,1.0082947345875233,0.9975935107553715,0.9722826219779231,0.9673737118086598,0.9709955711461781,0.9047674785236185,0.9171870207539295,0.9312410019247432,0.9403012856099132,0.9141101367064801,0.8571361923411367,0.806623535706871,0.8966419146436383,0.8905416207002865,0.8825937083763792,0.8292296934887738,0.9104161543125987,0.8186082627206764,0.77861809005531,0.8273511866003173,0.8319208890635243,0.850310479692626,0.8436264111252222,0.8252738993937401,0.8167112936422389,0.7785808437389609,0.7933701892464038,0.7808791688055006,0.8123943067166861,0.8370996509901429,0.7678990664411236,0.7799171035166416,0.8062963692337424,0.7569950552265252,0.7896786591052571,0.7777181030421636,0.7378160279975885,0.7455334521550793,0.7656259580989169,0.7493110157244375,0.7176394362727927,0.7312984530732819,0.8023407732451272,0.7508520453861358,0.7427164750335264,0.6827510801394276,0.6864232073630184,0.6801143980477354,0.6617110311494148,0.6922825714026176,0.6379442375408397,0.6805048214191368,0.7175095032672147,0.7008034557132049,0.6582897050889555,0.6528691105073284,0.576071918958529,0.6320415392466322,0.7055815316565531,0.6538876956661334,0.6447589675780314,0.6244498913674613,0.5971028540992062,0.575660425017026,0.6188301722206727,0.6478992625933777,0.6955282685791433,0.632998723621171,0.6519029712150852,0.601845011244478,0.5329033970930269,0.5700025924323556,0.636871149499519,0.5996388147122216,0.5048032974701325,0.6312634207053609,0.6344373907154823,0.7075305666898818,0.5946424897006728,0.6394615574159813,0.6696290031282304,0.5852397464281845,0.6218645925521317,0.5506717806106327,0.5806366230886004,0.5793288440838248,0.6155151782028784,0.6064871157575095,0.5602031695166817,0.558185116161598,0.5266471685775036,0.5752241580633407,0.6281909017979826,0.6458965889877635,0.5415164015741625,0.6093886677254663,0.6215465976953206,0.5684905911845424,0.6260296100019022,0.569789533718199,0.5270710293070628,0.5612785612432402,0.5587167713958692,0.5054806373731726,0.50812187688481,0.5066888341693355,0.4968817344984638,0.5289343864313403,0.5837068869431439,0.534083342267253,0.5831816145770207,0.5310458579053504,0.4730313421204093,0.5063234191431071,0.5742004514396238,0.5504908167093676,0.5599391160724022,0.5097192531358555,0.5113507869234765,0.5562073597470617,0.5324180796789243,0.39858717326557097,0.39984956290976587,0.5373897594359777,0.5267017161535746,0.6074973271922333,0.512802683361938,0.43954655408388593,0.5465375992795217,0.5106381618298547,0.5372267563370519,0.5421908192706473,0.510609492275949,0.44064973714602834,0.5005509074640996,0.6223219855553768,0.5733542434641978,0.3763743506703644,0.34668367501635544,0.45827542102455143,0.47311043394479535,0.5353358383532836,0.5529385541880357,0.6190143268279967,0.6244575944834304,0.5381890426525873,0.493399951113702,0.5378638309072771,0.5258195479014486,0.48546585223346883,0.5080717757932242,0.5431988144781307,0.5078129852534105,0.5647600066676147,0.5506938005777386,0.5457930084866284,0.4766714405494021,0.49657513640347883,0.5349128533621497,0.5759468175551088,0.558702320253473,0.5295061744649735,0.42029198383478245,0.4588408263086447,0.46958424281205213,0.4598355452982522,0.5496467106544369,0.47143815844214,0.4609025198854538,0.43971406796668255,0.4976504472355119,0.535985620107283,0.5310837671035814,0.480379648448774,0.499968016694937,0.4550544552431589,0.48388753629188513,0.5128535154455804,0.547864663777489,0.48216652859276143,0.36181247022607876,0.37610425556973126,0.432376740691819,0.5705655945225107,0.5797381869625028,0.5590079191053183,0.5180916406970333,0.4431439422489289,0.4576516050480886,0.46893039369656586,0.540978951299541,0.4523324614962609,0.559263623270867,0.4992103959236346,0.4333851904053707,0.45965481893856547,0.4978008800587423,0.5319950210271959,0.5319454623721055,0.4643292056966094,0.39448678450790703,0.41838155150210077,0.5611655135412713,0.49331095644519835,0.47928361025439226,0.51576938778914,0.4031637840418888,0.3843624619300889,0.3919839549806253,0.450472005932901,0.5033714469123882,0.5073000563626265,0.4489856983838855,0.4094803615443785,0.39942610831925823,0.5074226860461738,0.4940272878321621,0.5246836851377799,0.5008642707642964,0.4643978046252166,0.32993453895494984,0.43368762710326336,0.4897735979038951,0.549492977866445,0.5442378109360739,0.35245049356924363,0.38834063209143826,0.4981391890709192,0.47519420611847335,0.4378194589624762,0.33208773879956244,0.3766887872225502,0.4945491357815828,0.3264423578178662,0.5068810270097761,0.4749382352745582,0.4575561522215454,0.5462463734647388,0.46687073009669366,0.4184734784776638,0.5445161034044611,0.5053522433209924,0.41884391091967355,0.46554938091769776,0.3937739091170157,0.3758780753362806,0.50812762383262,0.414587028504225,0.3648369853691074,0.4058720701365052,0.34614456868197413,0.5542162275237076,0.592268469222666,0.5690009738761393,0.36816504304598346,0.29385787732623286,0.27125892622714026,0.2716592467070622,0.4042478950181276,0.38253691107998045,0.37506951028134433,0.3834416631889394,0.6577751847726763,0.4497872036477463,0.42390404086933453,0.3370128961488132,0.42469187116903867,0.5825715086217473,0.46349548009081887,0.4458503848012195,0.4531374557506322,0.464265499319172,0.5255254527531177,0.4535780790650271,0.5814463639541894,0.5129266218040732,0.43199123557276525,0.3683451917901563,0.27565014504252305,0.35310216216105017,0.48918813440247066,0.6511514522312971,0.48117724023384845,0.3557228025508312,0.2630089756677592,0.22721859672608058,0.23877042688141473,0.48301860637937555,0.6086335199999444,0.6080836347398488,0.4613439888376056,0.46265176589745177,0.4404797140371456,0.49345218904650984,0.4741318011506946,0.4299394615346063,0.34263481950464336,0.24976019596450344,0.4875174928170299,0.6028398356078194,0.5047988535482772,0.3916529455141061,0.48804778203431404,0.3614592293208629,0.384338231604935,0.3797034690758842,0.2797795067904106,0.31142945390119253,0.5438890156037169,0.2905488321513573,0.19733641488892045,0.17661069098965376,0.17417640268265236,0.4230697016312174,0.6111014990742548,0.2431705157781166,0.462410514013763,0.5290153001174667,0.43667248579466683,0.5134016617594384,0.23032214365941436,0.42450554404447616,0.4699959959605415,0.643076579382681,0.396244037716322,0.2711779790378013,0.21224736890248938,0.18163989724844087,0.1577187896904859,0.17609229052441253,0.6597829088888042,0.7142256471786002,0.3348858155336753,0.23381635578148083,0.5063218860733071,0.39872275957967995,0.4396092650935234,0.7187276398861939,0.42244241807300303,0.24735894803677608,0.18516438973146515,0.36806777616935243,0.7382649539044716,0.4144670522481279,0.20984205549904583,0.17753155047264105,0.2898344267060853,0.7130253607060615,0.6102285151481781,0.5534154922253048,0.4938252842880228,0.5725764577350985,0.38964045420641225,0.1886249961060029,0.14097891966225787,0.12194945921875291,0.11125247224488055,0.11130396226064608,0.10907063935023852,0.22883693387226733,0.6868926985474298,0.5454932109963732,0.5648166042932053,0.5909976226859625,0.5196021740342797,0.5197491273691143,0.3665892085695405,0.19150237383675303,0.1649065500308304,0.1361710410588014,0.3795694992127655,0.592312027219261,