{"epoch_loss": [ 2.30277, 2.30272, 2.30274, 2.30279, 2.30281, 2.30273, 2.30282, 2.30272, 2.30272, 2.30268, 2.30261, 2.30236, 2.29842, 2.18913, 2.1015, 2.03146, 1.98527, 1.9338, 1.86036, 1.82577, 1.79424, 1.75273, 1.71451, 1.69209, 1.65825, 1.62047, 1.59752, 1.56354, 1.54932, 1.53514, 1.49653, 1.51372, 1.4753, 1.46975, 1.4391, 1.45852, 1.43253, 1.42464, 1.39647, 1.38362, 1.37293, 1.33806, 1.32349, 1.2991, 1.3083, 1.28005, 1.27371, 1.25906, 1.23577, 1.25028, 1.22346, 1.23082, 1.18719, 1.19129, 1.17471, 1.17718, 1.15839, 1.14922, 1.15347, 1.16528, 1.13631, 1.13103, 1.10935, 1.13091, 1.07639, 1.09194, 1.07836, 1.09641, 1.05055, 1.04366, 1.04594, 1.02554, 1.02624, 1.02258, 1.0135, 1.02774, 1.00144, 1.0091, 0.995441, 0.99952, 0.986318, 0.96831, 0.962287, 0.940454, 0.972649, 0.939054, 0.976379, 0.959422, 0.953258, 0.981189, 0.961904, 0.940705, 0.927957, 0.929335, 0.918406, 0.89204, 0.914073, 0.88597, 0.899184, 0.868266 ], "epoch_time": [ 1, 2, 3, 4, 4, 5, 6, 7, 7, 8, 9, 10, 11, 11, 12, 13, 14, 14, 15, 16, 17, 17, 18, 19, 20, 20, 21, 22, 23, 23, 24, 25, 26, 26, 27, 28, 29, 29, 30, 31, 32, 33, 33, 34, 35, 36, 36, 37, 38, 39, 39, 40, 41, 42, 42, 43, 44, 45, 45, 46, 47, 48, 49, 49, 50, 51, 52, 52, 53, 54, 55, 55, 56, 57, 58, 58, 59, 60, 61, 61, 62, 63, 64, 65, 65, 66, 67, 68, 68, 69, 70, 71, 71, 72, 73, 74, 74, 75, 76, 77 ], "staleness_dist": [ 1, 1, 1, 1, 1, 1, 1, 1, 1, 2, 1, 1, 1, 1, 2, 13, 116, 150, 214, 294, 314, 465, 679, 1376, 1475, 1612, 2099, 2649, 3218, 4355, 5024, 5555, 6333, 7182, 8495, 10525, 12279, 13880, 14929, 15948, 16411, 17512, 18778, 19954, 20708, 21458, 21702, 21642, 20309, 14406, 6, 5, 3, 2, 4, 6, 5, 8, 4, 5, 8, 8, 14, 15, 17, 18, 25, 22, 27, 21, 22, 22, 18, 26, 26, 16, 17, 11, 6, 9, 9, 5, 3, 1, 1, 1, 1, 1, 0, 0, 0, 1, 0, 1, 1, 1, 1, 1, 0, 0, 0, 0, 0, 0, 0, 0, 0, 0, 0, 0, 0, 0, 0, 0, 0, 0, 0, 0, 0, 0, 0, 0, 0, 0, 0, 0, 0, 0, 0, 0, 0, 0, 0, 0, 0, 0, 0, 0, 0, 0, 0, 0, 0, 0, 0, 0, 0, 0, 0, 0, 0, 0, 0, 0, 0, 0, 0, 0, 0, 0, 0, 0, 0, 0, 0, 0, 0, 0, 0, 0, 0, 0, 0, 0, 0, 0, 0, 0, 0, 0, 0, 0, 0, 0, 0, 0, 0, 0, 0, 0, 0, 0, 0, 0, 0, 0, 0, 0, 0, 0 ], "numtriesdist": [  ], "numfailedcas": 0}
