{"epoch_loss": [ 3.48787, 3.88175, 2.29123, 2.29782, 2.30055, 2.28972, 2.30109, 2.29659, 2.27534, 2.25715, 2.25644, 2.2934, 2.30347, 2.30269, 2.30215, 2.30176, 2.30148, 2.30116, 2.3007, 2.29944, 2.29196, 2.2497, 2.20842, 2.17979, 2.15193, 2.1252, 2.10022, 2.07342, 4.09458, 2.37025, 2.17333, 2.07743, 2.03999, 2.1986, 2.15853, 2.03569, 2.00601, 2.01335, 2.00826, 1.97299, 1.96453, 1.95372, 1.9454, 1.93494, 1.93907, 1.94442, 1.92637, 1.9185, 1.91731, 1.91483, 1.90249, 1.90091, 3.07807, 3.2078, 2.31271, 2.30146, 2.20496, 2.05873, 1.97296, 1.92324, 1.91115, 1.91679, 1.90825, 1.90531, 1.90254, 1.8965, 1.88837, 1.88275, 1.88033, 3.51132, 2.32822, 2.30311, 2.3014, 2.30121, 2.3012, 2.30121, 2.3012, 2.30112, 2.34122, 2.3012, 2.30121, 2.30122, 2.30122, 2.3012, 2.30119, 2.30119, 2.30119, 2.3012, 2.3012, 2.30121, 2.30121, 2.30119, 2.3012, 2.30119, 2.3012, 2.3012, 2.30122, 2.3012, 2.3012, 2.3012 ], "epoch_time": [ 1, 1, 2, 2, 3, 3, 3, 4, 4, 5, 5, 5, 6, 6, 7, 7, 7, 8, 8, 9, 9, 9, 10, 10, 11, 11, 11, 12, 12, 13, 13, 13, 14, 14, 15, 15, 15, 16, 16, 17, 17, 17, 18, 18, 19, 19, 19, 20, 20, 21, 21, 21, 22, 22, 23, 23, 23, 24, 24, 25, 25, 25, 26, 26, 27, 27, 27, 28, 28, 29, 29, 29, 30, 30, 31, 31, 31, 32, 32, 33, 33, 33, 34, 34, 35, 35, 35, 36, 36, 37, 37, 37, 38, 38, 39, 39, 39, 40, 40, 41 ], "staleness_dist": [ 21, 12, 17, 20, 32, 20, 25, 34, 22, 34, 25, 31, 21, 21, 12, 15, 10, 11, 10, 10, 5, 5, 12, 12, 17, 21, 21, 30, 48, 61, 98, 165, 243, 331, 433, 539, 714, 949, 1233, 1595, 1989, 2438, 2887, 3325, 3794, 4193, 4511, 4830, 5155, 5162, 1443, 8, 4, 2, 0, 2, 2, 0, 1, 0, 1, 1, 1, 2, 0, 0, 1, 1, 1, 0, 3, 5, 6, 12, 17, 18, 14, 18, 24, 20, 19, 12, 19, 4, 8, 2, 0, 0, 0, 0, 0, 1, 1, 0, 0, 0, 0, 0, 0, 0, 0, 0, 1, 0, 0, 0, 1, 0, 0, 0, 1, 0, 0, 0, 0, 0, 1, 0, 0, 1, 1, 0, 0, 0, 0, 0, 0, 0, 0, 0, 0, 0, 0, 0, 0, 0, 0, 0, 0, 0, 0, 0, 0, 0, 0, 1, 0, 0, 0, 0, 0, 0, 0, 0, 0, 0, 0, 0, 0, 0, 0, 0, 0, 1, 0, 0, 0, 0, 0, 0, 0, 0, 0, 0, 0, 0, 0, 0, 0, 0, 0, 0, 0, 0, 0, 0, 0, 0, 0, 0, 0, 0, 0, 0, 0, 0, 0, 0, 0, 0 ], "numtriesdist": [  ], "numfailedcas": 0}
