{"epoch_loss": [ 2.30272, 2.30272, 2.30272, 2.30272, 2.30272, 2.30271, 2.30271, 2.3027, 2.30269, 2.30265, 2.30255, 2.30205, 2.28026, 2.14482, 2.08238, 2.01678, 1.94865, 1.88421, 1.816, 1.78055, 1.74035, 1.7189, 1.68278, 1.65091, 1.62046, 1.58551, 1.56376, 1.54379, 1.51513, 1.47009, 1.47329, 1.45945, 1.4488, 1.4116, 1.39805, 1.37461, 1.37077, 1.3486, 1.32438, 1.30473, 1.27936, 1.29451, 1.28612, 1.27869, 1.2636, 1.24232, 1.22128, 1.22043, 1.20699, 1.17686, 1.15701, 1.16843, 1.15872, 1.16642, 1.10511, 1.1023, 1.09327, 1.08519, 1.05498, 1.07165, 1.02936, 1.03368, 1.05869, 0.9924, 1.00575, 1.0038, 0.992068, 0.978575, 0.972653, 0.934884, 0.976317, 0.959465, 0.961137, 0.962281, 0.932415, 0.95116, 0.936119, 0.912915, 0.889767, 0.920613, 0.908406, 0.906318, 0.903933, 0.894715, 0.876648, 0.892546, 0.867686, 0.832244, 0.863425, 0.904944, 0.870107, 0.86517, 0.860048, 0.86458, 0.880835, 0.819566, 0.821983, 0.796605, 0.841809, 0.850534, 0.770655, 0.801172, 0.798988, 0.774225, 0.810611, 0.780566, 0.747865, 0.761772, 0.787077, 0.790221, 0.785598, 0.766084, 0.735252, 0.756402, 0.729469, 0.722593, 0.764478, 0.762206, 0.758487, 0.778745, 0.744998, 0.763356, 0.724879, 0.766805, 0.740408, 0.693458, 0.765233, 0.680921, 0.706551, 0.693777, 0.680127, 0.740581, 0.732128, 0.660019, 0.669075, 0.698151, 0.648899, 0.706778, 0.686799, 0.682031, 0.664763, 0.652612, 0.629932, 0.642113, 0.647367, 0.650406, 0.665034, 0.657162, 0.664953, 0.666219, 0.60169, 0.580192, 0.624491, 0.602866, 0.64122, 0.613477, 0.615307, 0.64959, 0.608088, 0.574663, 0.58843, 0.577063, 0.585721, 0.585552, 0.590879, 0.582165, 0.546004, 0.55544, 0.609598, 0.60236, 0.621227, 0.566662, 0.592389, 0.662055, 0.591336, 0.53469, 0.565447, 0.546197, 0.560617, 0.574396, 0.583358, 0.57432, 0.560808, 0.510092, 0.585577, 0.59477, 0.572553, 0.587814, 0.568118, 0.552289, 0.546103, 0.493213, 0.577131, 0.512844, 0.540145, 0.569443, 0.547147, 0.546431, 0.513434, 0.474131 ], "epoch_time": [ 43, 82, 121, 160, 198, 235, 272, 309, 346, 389, 428, 465, 506, 544, 581, 617, 654, 691, 733, 771, 812, 854, 892, 934, 971, 1008, 1045, 1082, 1118, 1166, 1205, 1244, 1284, 1323, 1360, 1397, 1434, 1471, 1508, 1577, 1621, 1661, 1704, 1745, 1782, 1819, 1856, 1892, 1929, 1989, 2027, 2064, 2105, 2145, 2185, 2222, 2259, 2296, 2333, 2370, 2448, 2493, 2535, 2578, 2615, 2652, 2689, 2725, 2782, 2821, 2859, 2898, 2935, 2971, 3008, 3045, 3082, 3128, 3167, 3207, 3247, 3284, 3321, 3357, 3394, 3431, 3468, 3518, 3557, 3595, 3633, 3670, 3707, 3744, 3781, 3817, 3868, 3912, 3953, 3994, 4034, 4071, 4108, 4145, 4182, 4218, 4287, 4328, 4369, 4405, 4442, 4479, 4516, 4553, 4618, 4656, 4700, 4742, 4783, 4820, 4857, 4893, 4930, 4967, 5005, 5057, 5100, 5140, 5177, 5214, 5251, 5288, 5325, 5376, 5416, 5459, 5496, 5533, 5570, 5607, 5643, 5680, 5744, 5791, 5831, 5868, 5904, 5941, 5978, 6015, 6056, 6096, 6140, 6177, 6214, 6251, 6288, 6325, 6395, 6436, 6481, 6518, 6555, 6592, 6629, 6666, 6736, 6775, 6819, 6855, 6892, 6929, 6966, 7003, 7071, 7113, 7153, 7190, 7226, 7263, 7300, 7337, 7401, 7440, 7485, 7521, 7558, 7595, 7632, 7669, 7742, 7782, 7826, 7863, 7900, 7937, 7974, 8010, 8065, 8102 ], "staleness_dist": [ 1578, 697, 443, 309, 330, 211, 209, 178, 180, 177, 182, 171, 165, 189, 193, 194, 165, 180, 175, 196, 211, 233, 203, 264, 1463, 2802, 2934, 3107, 24966, 5736, 4560, 8410, 16609, 9600, 17989, 49842, 83277, 97728, 91913, 79360, 50224, 28239, 14071, 2911, 2402, 2342, 2463, 2131, 2088, 1930, 1751, 1219, 965, 821, 605, 421, 311, 180, 192, 193, 156, 184, 117, 125, 136, 110, 64, 72, 93, 72, 64, 52, 65, 58, 44, 42, 41, 45, 44, 31, 27, 30, 36, 31, 27, 18, 11, 16, 14, 25, 16, 19, 24, 23, 5, 6, 10, 6, 9, 8, 10, 7, 10, 4, 9, 12, 16, 13, 4, 4, 2, 5, 3, 7, 2, 8, 5, 3, 5, 2, 4, 3, 2, 3, 7, 3, 8, 4, 3, 0, 2, 5, 1, 3, 2, 1, 4, 2, 1, 3, 2, 2, 1, 2, 2, 3, 1, 1, 1, 0, 1, 1, 0, 0, 0, 1, 1, 1, 0, 1, 1, 0, 0, 0, 0, 0, 0, 1, 0, 1, 2, 0, 0, 0, 0, 0, 1, 1, 1, 0, 4, 1, 2, 0, 2, 0, 0, 0, 0, 1, 0, 0, 0, 0, 0, 0, 0, 0, 0, 0 ], "numtriesdist": [  ], "numfailedcas": 0}
