{"epoch_loss": [ 2.30271, 2.30271, 2.30271, 2.30271, 2.30272, 2.3027, 2.3027, 2.30269, 2.30268, 2.30264, 2.30255, 2.30203, 2.27814, 2.13844, 2.07382, 2.00009, 1.92941, 1.86331, 1.81026, 1.75126, 1.68979, 1.68007, 1.66195, 1.62411, 1.59391, 1.56388, 1.53613, 1.51177, 1.48114, 1.46026, 1.44189, 1.39731, 1.37252, 1.37016, 1.37259, 1.36545, 1.32105, 1.30595, 1.2911, 1.27165, 1.25253, 1.24181, 1.23245, 1.15691, 1.18471, 1.17822, 1.17206, 1.16576, 1.1438, 1.13135, 1.1209, 1.11175, 1.08838, 1.07547, 1.03119, 1.01707, 1.03477, 1.05355, 1.05248, 1.0531, 1.00725, 1.02873, 1.00029, 0.994725, 0.982812, 0.98193, 0.886726, 0.89487, 0.926617, 0.947193, 0.956243, 0.925894, 0.928619, 0.914633, 0.906191, 0.893657, 0.911962, 0.88106, 0.815239, 0.748004, 0.853437, 0.859891, 0.847597, 0.859281, 0.822128, 0.791183, 0.807745, 0.791942, 0.800516, 0.79992, 0.731076, 0.645464, 0.77625, 0.756539, 0.803738, 0.751561, 0.744639, 0.74044, 0.753668, 0.739438, 0.737174, 0.717664, 0.650399, 0.652472, 0.701981, 0.724437, 0.71414, 0.73704, 0.77824, 0.729991, 0.72543, 0.712443, 0.742256, 0.678954, 0.536618, 0.616964, 0.711214, 0.71337, 0.709179, 0.620732, 0.679856, 0.651548, 0.652507, 0.64942, 0.647538, 0.61948, 0.471812, 0.615118, 0.614025, 0.696527, 0.590172, 0.593358, 0.627058, 0.605496, 0.635571, 0.612342, 0.595197, 0.484536, 0.529103, 0.602738, 0.642675, 0.546183, 0.530943, 0.598813, 0.574902, 0.54004, 0.557371, 0.556091, 0.417251, 0.473654, 0.554379, 0.54961, 0.579246, 0.585806, 0.552322, 0.571475, 0.533477, 0.565821, 0.414821, 0.418874, 0.509351, 0.590123, 0.588104, 0.560519, 0.55434, 0.512081, 0.555219, 0.542453, 0.495452, 0.438843, 0.403637, 0.587944, 0.500997, 0.424824, 0.543256, 0.552192, 0.513349, 0.492295, 0.453481, 0.369484, 0.373426, 0.517384, 0.469215, 0.502238, 0.542002, 0.516001, 0.447643, 0.492684, 0.47315, 0.311904, 0.341492, 0.502337, 0.381245, 0.439633, 0.531693, 0.504403, 0.442075, 0.48469, 0.360907, 0.318524 ], "epoch_time": [ 4, 7, 10, 13, 15, 18, 20, 22, 24, 30, 33, 36, 39, 42, 45, 47, 50, 52, 55, 57, 62, 66, 69, 72, 75, 78, 80, 82, 85, 87, 89, 91, 96, 100, 103, 106, 109, 111, 113, 115, 118, 120, 122, 125, 130, 133, 137, 140, 142, 144, 147, 149, 151, 153, 156, 161, 164, 167, 170, 173, 175, 177, 180, 182, 184, 186, 189, 194, 197, 200, 203, 206, 209, 212, 215, 217, 219, 221, 224, 228, 231, 234, 237, 240, 243, 246, 249, 251, 254, 257, 259, 264, 267, 270, 274, 277, 279, 282, 284, 287, 289, 291, 294, 299, 302, 305, 308, 311, 313, 315, 318, 320, 322, 325, 328, 332, 336, 339, 342, 345, 348, 350, 353, 356, 359, 361, 366, 369, 372, 375, 378, 381, 383, 385, 387, 390, 392, 395, 399, 402, 405, 408, 411, 413, 416, 418, 421, 423, 428, 431, 434, 437, 440, 442, 444, 447, 449, 451, 456, 460, 463, 466, 469, 472, 474, 476, 479, 481, 483, 489, 492, 495, 499, 501, 503, 505, 508, 510, 512, 518, 521, 524, 527, 530, 532, 535, 537, 540, 542, 546, 549, 553, 556, 558, 561, 563, 565, 568, 571, 575 ], "staleness_dist": [ 502, 1020, 1028, 1310, 1343, 2046, 2855, 3139, 3074, 4382, 3776, 3866, 4277, 4744, 6315, 7859, 9545, 10969, 11897, 13595, 16604, 20385, 27981, 42476, 58964, 61135, 47759, 33192, 21244, 14678, 11981, 12177, 14057, 16142, 16748, 15539, 12413, 9804, 8124, 7565, 8033, 8767, 9443, 9003, 7701, 5980, 4112, 2522, 1425, 721, 340, 180, 82, 46, 37, 14, 16, 12, 8, 2, 3, 3, 7, 2, 2, 1, 0, 5, 1, 3, 2, 3, 1, 0, 1, 2, 0, 2, 2, 0, 0, 2, 0, 0, 1, 1, 0, 0, 0, 1, 1, 0, 0, 0, 0, 0, 0, 0, 0, 0, 0, 0, 0, 0, 0, 0, 0, 0, 0, 0, 0, 0, 0, 0, 0, 0, 0, 0, 0, 0, 0, 0, 0, 0, 0, 0, 0, 0, 0, 0, 0, 0, 0, 0, 0, 0, 0, 0, 0, 0, 0, 0, 0, 0, 0, 0, 0, 0, 0, 0, 0, 0, 0, 0, 0, 0, 0, 0, 0, 0, 0, 0, 0, 0, 0, 0, 0, 0, 0, 0, 0, 0, 0, 0, 0, 0, 0, 0, 0, 0, 0, 0, 0, 0, 0, 0, 0, 0, 0, 0, 0, 0, 0, 0, 0, 0, 0, 0, 0, 0 ], "numtriesdist": [  ], "numfailedcas": 0}
