{"epoch_loss": [ 2.30272, 2.30272, 2.30272, 2.30272, 2.30272, 2.30271, 2.30271, 2.3027, 2.30268, 2.30265, 2.30255, 2.30205, 2.28024, 2.14233, 2.08139, 2.01233, 1.94303, 1.87376, 1.81793, 1.77473, 1.73256, 1.69307, 1.63445, 1.62904, 1.58864, 1.56543, 1.54222, 1.51546, 1.49049, 1.46939, 1.44237, 1.43035, 1.41253, 1.38573, 1.36162, 1.33048, 1.32631, 1.32488, 1.30023, 1.29722, 1.28387, 1.27166, 1.24194, 1.23399, 1.21839, 1.2117, 1.18829, 1.17496, 1.13366, 1.13639, 1.13125, 1.13484, 1.12499, 1.09103, 1.0833, 1.06034, 1.06958, 1.04811, 1.04962, 1.01666, 1.0164, 0.970419, 0.977672, 0.999732, 0.997467, 0.979558, 0.939342, 0.965243, 0.941354, 0.940588, 0.926402, 0.920131, 0.916528, 0.902289, 0.841416, 0.878091, 0.891747, 0.875497, 0.890149, 0.85153, 0.845063, 0.875278, 0.849323, 0.819392, 0.84934, 0.811073, 0.810222, 0.776495, 0.767526, 0.816896, 0.809783, 0.831735, 0.788322, 0.77237, 0.786408, 0.774033, 0.780614, 0.762035, 0.754675, 0.739351, 0.700277, 0.720733, 0.740141, 0.747965, 0.755867, 0.729379, 0.725085, 0.720347, 0.742343, 0.726627, 0.72786, 0.728224, 0.697368, 0.696765, 0.655061, 0.686915, 0.690841, 0.744299, 0.706145, 0.678572, 0.678736, 0.669515, 0.670089, 0.680353, 0.650697, 0.683495, 0.661588, 0.587774, 0.609724, 0.678137, 0.689319, 0.670338, 0.584302, 0.626001, 0.667397, 0.662407, 0.581375, 0.653001, 0.642538, 0.620406, 0.588923, 0.553788, 0.618161, 0.640478, 0.651321, 0.595975, 0.520089, 0.546052, 0.598261, 0.5741, 0.536595, 0.573552, 0.596452, 0.527939, 0.491127, 0.608382, 0.583313, 0.61263, 0.512097, 0.502257, 0.544249, 0.564029, 0.557349, 0.555168, 0.510772, 0.562976, 0.425845, 0.520231, 0.574921, 0.568393, 0.564491, 0.532367, 0.557308, 0.559317, 0.595193, 0.555928, 0.512104, 0.522402, 0.439924, 0.423986, 0.537495, 0.533028, 0.596618, 0.430893, 0.47511, 0.458488, 0.488008, 0.520236, 0.468776, 0.501149, 0.495551, 0.350636, 0.401835, 0.584753, 0.564945, 0.351318, 0.349367, 0.394327, 0.45991, 0.528491 ], "epoch_time": [ 3, 5, 8, 10, 12, 14, 16, 18, 20, 23, 26, 28, 31, 33, 35, 37, 39, 41, 44, 46, 48, 50, 53, 55, 57, 60, 62, 64, 66, 68, 70, 73, 75, 77, 79, 82, 84, 87, 89, 91, 93, 95, 97, 99, 101, 103, 106, 108, 110, 112, 115, 117, 119, 121, 123, 125, 128, 130, 132, 134, 136, 139, 141, 143, 146, 148, 150, 152, 154, 156, 158, 160, 162, 164, 167, 169, 172, 174, 176, 178, 180, 182, 184, 186, 188, 190, 192, 195, 198, 200, 202, 205, 207, 209, 211, 213, 215, 217, 219, 221, 224, 226, 228, 231, 233, 235, 237, 239, 241, 243, 245, 247, 249, 251, 254, 256, 258, 261, 263, 265, 267, 269, 271, 273, 275, 277, 279, 282, 284, 286, 288, 290, 292, 294, 296, 298, 300, 302, 304, 306, 309, 311, 313, 316, 318, 320, 322, 324, 326, 328, 330, 332, 334, 337, 340, 342, 344, 346, 349, 351, 353, 355, 357, 359, 361, 363, 366, 369, 371, 373, 375, 377, 380, 382, 384, 386, 388, 390, 393, 395, 398, 400, 402, 404, 406, 408, 410, 412, 415, 417, 419, 422, 425, 427, 429, 431, 433, 436, 438, 440 ], "staleness_dist": [ 329, 377, 373, 440, 513, 490, 553, 632, 668, 775, 823, 930, 1168, 1391, 1988, 2676, 1999, 1878, 1552, 1655, 1855, 2429, 4027, 7205, 13438, 23829, 39176, 55774, 69256, 72217, 62401, 45716, 29868, 18504, 13384, 10835, 9580, 8812, 8216, 7898, 7639, 7631, 7664, 7744, 7835, 7834, 7681, 6936, 6399, 5628, 4949, 4331, 3651, 3056, 2530, 2005, 1480, 1060, 774, 512, 373, 294, 248, 192, 168, 129, 121, 92, 87, 57, 43, 35, 30, 37, 21, 22, 17, 9, 9, 14, 6, 4, 8, 4, 2, 1, 4, 2, 1, 0, 1, 0, 0, 0, 0, 0, 0, 0, 0, 0, 0, 0, 0, 0, 0, 0, 0, 0, 0, 0, 0, 0, 0, 0, 0, 0, 0, 0, 0, 0, 0, 0, 0, 0, 0, 0, 0, 0, 0, 0, 0, 0, 0, 0, 0, 0, 0, 0, 0, 0, 0, 0, 0, 0, 0, 0, 0, 0, 0, 0, 0, 0, 0, 0, 0, 0, 0, 0, 0, 0, 0, 0, 0, 0, 0, 0, 0, 0, 0, 0, 0, 0, 0, 0, 0, 0, 0, 0, 0, 0, 0, 0, 0, 0, 0, 0, 0, 0, 0, 0, 0, 0, 0, 0, 0, 0, 0, 0, 0, 0 ], "numtriesdist": [  ], "numfailedcas": 0}
