{"epoch_loss": [ 2.30272, 2.30272, 2.30271, 2.30271, 2.30271, 2.30271, 2.3027, 2.3027, 2.30268, 2.30264, 2.30254, 2.30201, 2.27729, 2.1345, 2.06932, 1.98478, 1.93201, 1.84794, 1.78285, 1.73685, 1.71297, 1.6591, 1.62046, 1.57749, 1.54267, 1.50947, 1.48231, 1.44535, 1.42578, 1.41291, 1.37608, 1.34039, 1.33063, 1.30117, 1.27705, 1.24887, 1.23003, 1.20027, 1.18619, 1.18749, 1.15706, 1.13207, 1.10794, 1.08665, 1.0697, 1.05523, 1.03632, 1.03031, 1.03201, 1.01471, 1.00116, 0.9824, 0.956509, 0.935894, 0.923734, 0.904044, 0.890801, 0.878824, 0.862989, 0.860515, 0.837838, 0.824776, 0.811758, 0.802407, 0.790748, 0.784304, 0.80023, 0.787902, 0.760873, 0.755192, 0.743382, 0.722056, 0.71382, 0.72953, 0.702225, 0.68643, 0.674562, 0.678927, 0.663737, 0.653518, 0.652322, 0.649289, 0.630384, 0.618003, 0.609337, 0.634958, 0.601749, 0.594368, 0.588786, 0.57519, 0.645249, 0.641215, 0.611243, 0.574061, 0.562998, 0.544947, 0.547874, 0.535305, 0.532436, 0.542449, 0.516147, 0.510559, 0.54165, 0.507376, 0.508135, 0.496852, 0.490114, 0.481622, 0.53548, 0.48639, 0.481509, 0.476809, 0.485438, 0.495976, 0.457329, 0.459477, 0.447642, 0.45407, 0.479588, 0.440006, 0.442074, 0.456203, 0.453503, 0.459817, 0.472074, 0.452884, 0.424308, 0.459633, 0.41642, 0.433932, 0.403904, 0.468492, 0.435363, 0.398168, 0.422286, 0.473508, 0.498112, 0.398015, 0.371696, 0.372101, 0.408417, 0.385873, 0.471188, 0.378337, 0.366923, 0.388939, 0.365321, 0.423915, 0.360821, 0.364292, 0.467478, 0.362833, 0.381863, 0.378916, 0.341434, 0.337854, 0.365283, 0.351292, 0.363017, 0.537061, 0.374763, 0.340185, 0.318585, 0.470046, 0.373321, 0.340724, 0.347471, 0.330682, 0.324145, 0.322438, 0.327756, 0.301278, 0.371177, 0.350116, 0.376132, 0.400374, 0.307374, 0.34316, 0.379748, 0.324311, 0.334895, 0.297985, 0.366143, 0.335575, 0.30255, 0.466563, 0.343585, 0.350097, 0.312882, 0.342353, 0.311919, 0.294372, 0.278979, 0.325918, 0.29254, 0.40315, 0.337058, 0.318892, 0.331223, 0.367746 ], "epoch_time": [ 3, 6, 9, 12, 15, 18, 21, 24, 27, 31, 34, 37, 39, 42, 45, 48, 50, 53, 56, 59, 62, 65, 68, 71, 74, 77, 81, 85, 89, 93, 97, 101, 106, 111, 115, 121, 126, 134, 141, 146, 153, 160, 172, 192, 213, 229, 253, 265, 273, 280, 287, 295, 306, 321, 336, 360, 382, 403, 424, 441, 467, 494, 520, 542, 565, 586, 600, 615, 628, 640, 654, 679, 698, 709, 726, 745, 768, 788, 806, 828, 847, 865, 886, 915, 943, 957, 982, 1004, 1030, 1056, 1068, 1079, 1090, 1104, 1125, 1146, 1164, 1189, 1212, 1227, 1254, 1276, 1298, 1324, 1345, 1371, 1393, 1420, 1439, 1458, 1479, 1499, 1521, 1542, 1569, 1592, 1617, 1641, 1665, 1693, 1718, 1741, 1763, 1784, 1803, 1822, 1849, 1871, 1896, 1916, 1944, 1961, 1986, 2011, 2030, 2046, 2060, 2086, 2109, 2130, 2149, 2174, 2193, 2219, 2245, 2268, 2291, 2310, 2333, 2354, 2371, 2400, 2421, 2443, 2470, 2496, 2521, 2547, 2571, 2584, 2604, 2628, 2657, 2673, 2693, 2713, 2737, 2761, 2788, 2816, 2840, 2869, 2891, 2914, 2935, 2956, 2985, 3005, 3023, 3047, 3072, 3096, 3117, 3141, 3167, 3183, 3204, 3226, 3246, 3266, 3290, 3315, 3339, 3361, 3388, 3410, 3434, 3457, 3481, 3501 ], "staleness_dist": [ 85040, 114776, 130622, 82686, 43783, 20235, 15356, 7456, 8062, 4622, 5330, 4183, 5217, 3057, 4311, 2864, 5832, 3634, 5474, 6345, 5919, 7566, 9532, 8966, 8254, 6103, 4798, 3714, 1845, 1239, 1036, 881, 754, 671, 611, 564, 493, 493, 451, 415, 369, 288, 243, 226, 175, 140, 121, 86, 57, 38, 20, 17, 14, 6, 3, 3, 0, 0, 2, 2, 0, 0, 0, 0, 0, 0, 0, 0, 0, 0, 0, 0, 0, 0, 0, 0, 0, 0, 0, 0, 0, 0, 0, 0, 0, 0, 0, 0, 0, 0, 0, 0, 0, 0, 0, 0, 0, 0, 0, 0, 0, 0, 0, 0, 0, 0, 0, 0, 0, 0, 0, 0, 0, 0, 0, 0, 0, 0, 0, 0, 0, 0, 0, 0, 0, 0, 0, 0, 0, 0, 0, 0, 0, 0, 0, 0, 0, 0, 0, 0, 0, 0, 0, 0, 0, 0, 0, 0, 0, 0, 0, 0, 0, 0, 0, 0, 0, 0, 0, 0, 0, 0, 0, 0, 0, 0, 0, 0, 0, 0, 0, 0, 0, 0, 0, 0, 0, 0, 0, 0, 0, 0, 0, 0, 0, 0, 0, 0, 0, 0, 0, 0, 0, 0, 0, 0, 0, 0, 0, 0 ], "numtriesdist": [  ], "numfailedcas": 0}
