{"epoch_loss": [ 4.60536, 4.60535, 4.60534, 4.60533, 4.60533, 4.60533, 4.60532, 4.60532, 4.60532, 4.60532, 4.60532, 4.60532, 4.60532, 4.60532, 4.60532, 4.60532, 4.60531, 4.60531, 4.60531, 4.60531, 4.60531, 4.60531, 4.60531, 4.60531, 4.6053, 4.6053, 4.6053, 4.60529, 4.60528, 4.60527, 4.60526, 4.60524, 4.60521, 4.60517, 4.60509, 4.60493, 4.60457, 4.60343, 4.59161, 4.49147, 4.39742, 4.33411, 4.287, 4.23886, 4.19351, 4.14008, 4.06423, 4.00781, 3.96054, 3.91574, 3.87493, 3.83416, 3.79538, 3.75902, 3.72285, 3.68893, 3.65635, 3.62146, 3.58754, 3.54748, 3.51175, 3.48336, 3.45285, 3.41243, 3.38471, 3.35937, 3.32851, 3.29181, 3.28233, 3.2457, 3.21626, 3.19617, 3.17251, 3.14439, 3.12654, 3.09192, 3.0858, 3.06438, 3.04258, 3.01654, 3.00764, 2.98633, 2.97577, 2.95072, 2.9392, 2.91562, 2.90625, 2.89446, 2.8793, 2.85902, 2.85494, 2.85121, 2.83074, 2.826, 2.79799, 2.80668, 2.78097, 2.76642, 2.76884, 2.75109 ], "epoch_time": [ 38, 75, 111, 148, 184, 221, 257, 294, 330, 367, 403, 440, 476, 513, 549, 586, 622, 658, 695, 731, 768, 804, 841, 877, 914, 950, 987, 1023, 1060, 1096, 1133, 1169, 1206, 1242, 1278, 1315, 1351, 1388, 1424, 1461, 1497, 1534, 1570, 1606, 1643, 1679, 1716, 1752, 1789, 1825, 1862, 1898, 1934, 1971, 2007, 2044, 2080, 2117, 2153, 2190, 2226, 2262, 2299, 2335, 2372, 2408, 2445, 2481, 2518, 2554, 2590, 2627, 2663, 2700, 2736, 2773, 2809, 2846, 2882, 2918, 2955, 2991, 3028, 3064, 3101, 3137, 3174, 3210, 3247, 3283, 3319, 3356, 3392, 3429, 3465, 3502, 3538, 3575, 3611, 3648 ], "staleness_dist": [ 1, 1, 1, 1, 1, 1, 1, 1, 1, 1, 1, 1, 3, 10, 10, 15, 12, 22, 42, 72, 107, 135, 126, 123, 288, 2560, 19038, 69390, 138379, 82156, 0, 0, 0, 0, 0, 0, 0, 0, 0, 0, 0, 0, 0, 0, 0, 0, 0, 0, 0, 0, 0, 0, 0, 0, 0, 0, 0, 0, 0, 0, 0, 0, 0, 0, 0, 0, 0, 0, 0, 0, 0, 0, 0, 0, 0, 0, 0, 0, 0, 0, 0, 0, 0, 0, 0, 0, 0, 0, 0, 0, 0, 0, 0, 0, 0, 0, 0, 0, 0, 0, 0, 0, 0, 0, 0, 0, 0, 0, 0, 0, 0, 0, 0, 0, 0, 0, 0, 0, 0, 0, 0, 0, 0, 0, 0, 0, 0, 0, 0, 0, 0, 0, 0, 0, 0, 0, 0, 0, 0, 0, 0, 0, 0, 0, 0, 0, 0, 0, 0, 0, 0, 0, 0, 0, 0, 0, 0, 0, 0, 0, 0, 0, 0, 0, 0, 0, 0, 0, 0, 0, 0, 0, 0, 0, 0, 0, 0, 0, 0, 0, 0, 0, 0, 0, 0, 0, 0, 0, 0, 0, 0, 0, 0, 0, 0, 0, 0, 0, 0, 0 ], "numtriesdist": [  ], "numfailedcas": 0}
