{"epoch_loss": [ 2.30272, 2.30272, 2.30272, 2.30272, 2.30271, 2.30271, 2.30271, 2.3027, 2.30268, 2.30265, 2.30255, 2.30204, 2.2789, 2.13878, 2.0732, 2.00429, 1.92607, 1.86524, 1.81766, 1.77136, 1.72993, 1.68715, 1.65498, 1.61703, 1.57453, 1.57061, 1.53517, 1.51306, 1.48462, 1.4678, 1.44484, 1.41158, 1.40064, 1.39897, 1.36664, 1.35278, 1.33104, 1.32121, 1.2912, 1.28347, 1.2822, 1.25095, 1.23107, 1.22355, 1.20446, 1.19249, 1.16116, 1.17375, 1.17455, 1.16104, 1.14256, 1.13865, 1.12154, 1.08029, 1.08068, 1.10077, 1.09096, 1.07009, 1.06307, 1.04666, 1.03719, 1.03082, 0.974974, 1.00918, 1.02885, 1.00349, 0.999881, 0.985841, 0.974404, 0.963944, 0.936465, 0.943807, 0.965939, 0.927205, 0.94047, 0.925637, 0.923097, 0.918029, 0.903962, 0.847971, 0.894128, 0.892856, 0.886119, 0.885318, 0.859859, 0.871347, 0.869596, 0.852106, 0.820322, 0.855825, 0.864479, 0.827613, 0.860098, 0.863472, 0.859629, 0.828655, 0.805357, 0.780595, 0.829029, 0.804939, 0.765252, 0.808863, 0.787136, 0.772686, 0.779953, 0.754066, 0.73538, 0.764031, 0.800585, 0.668218, 0.704674, 0.703616, 0.688177, 0.706549, 0.715216, 0.696406, 0.726668, 0.688092, 0.683578, 0.679158, 0.679503, 0.682905, 0.6504, 0.681771, 0.6537, 0.661491, 0.642546, 0.654347, 0.632739, 0.62538, 0.652134, 0.648316, 0.594801, 0.601468, 0.587849, 0.654787, 0.603073, 0.581126, 0.644673, 0.657096, 0.644687, 0.623827, 0.617017, 0.634008, 0.566163, 0.628051, 0.574734, 0.618475, 0.622293, 0.558712, 0.574745, 0.569861, 0.585395, 0.551772, 0.588287, 0.573328, 0.586575, 0.590809, 0.529145, 0.577855, 0.549663, 0.58635, 0.583806, 0.561126, 0.525463, 0.542289, 0.568068, 0.476581, 0.518031, 0.554882, 0.552444, 0.534599, 0.467456, 0.566527, 0.473038, 0.490795, 0.521969, 0.515135, 0.542923, 0.447409, 0.494534, 0.431519, 0.486302, 0.527473, 0.472696, 0.495315, 0.507667, 0.512341, 0.484748, 0.499527, 0.444706, 0.499454, 0.507532, 0.471508, 0.479889, 0.411899, 0.426579, 0.527601, 0.518372, 0.490008 ], "epoch_time": [ 2, 3, 4, 5, 7, 8, 9, 11, 12, 14, 15, 16, 17, 18, 20, 21, 22, 23, 25, 26, 27, 28, 29, 30, 32, 33, 34, 35, 36, 37, 39, 40, 41, 42, 43, 44, 45, 47, 48, 49, 50, 51, 52, 53, 55, 56, 57, 58, 59, 60, 61, 62, 63, 64, 66, 67, 68, 69, 70, 71, 72, 73, 74, 75, 76, 77, 78, 79, 80, 81, 82, 83, 84, 85, 86, 87, 88, 89, 90, 91, 92, 93, 94, 94, 95, 96, 97, 98, 99, 100, 101, 102, 103, 104, 105, 105, 106, 107, 108, 109, 110, 111, 112, 113, 114, 114, 115, 116, 117, 118, 119, 120, 121, 122, 123, 124, 125, 126, 127, 128, 129, 130, 131, 132, 133, 134, 135, 136, 137, 138, 139, 140, 141, 142, 143, 144, 145, 146, 147, 148, 149, 150, 151, 152, 153, 154, 155, 156, 157, 158, 159, 160, 161, 162, 163, 164, 165, 166, 168, 169, 170, 171, 172, 173, 174, 175, 176, 177, 178, 179, 180, 181, 183, 184, 185, 186, 187, 188, 189, 190, 192, 193, 194, 195, 196, 197, 198, 200, 201, 202, 203, 204, 205, 206, 208, 209, 210, 211, 212, 213 ], "staleness_dist": [ 285, 230, 167, 196, 184, 226, 169, 179, 159, 164, 164, 178, 163, 178, 171, 180, 159, 204, 182, 221, 232, 486, 1616, 2445, 4550, 12631, 4886, 11855, 28690, 49822, 82432, 38557, 59528, 86057, 54350, 50541, 43525, 29396, 27685, 20463, 4940, 1776, 1124, 832, 629, 461, 332, 273, 199, 147, 116, 123, 68, 59, 53, 48, 41, 29, 29, 22, 17, 30, 24, 12, 12, 12, 9, 5, 10, 4, 9, 4, 6, 4, 3, 7, 2, 5, 3, 2, 1, 3, 1, 2, 1, 1, 0, 2, 0, 0, 0, 0, 0, 1, 0, 0, 0, 0, 0, 0, 0, 0, 0, 0, 0, 0, 0, 0, 0, 0, 0, 1, 0, 0, 0, 0, 0, 0, 0, 0, 0, 0, 0, 0, 0, 0, 0, 0, 0, 0, 0, 0, 0, 0, 0, 0, 0, 0, 0, 0, 0, 0, 0, 0, 0, 0, 0, 0, 0, 0, 0, 0, 0, 0, 0, 0, 0, 0, 0, 0, 0, 0, 0, 0, 0, 0, 0, 0, 0, 0, 0, 0, 0, 0, 0, 0, 0, 0, 0, 0, 0, 0, 0, 0, 0, 0, 0, 0, 0, 0, 0, 0, 0, 0, 0, 0, 0, 0, 0, 0 ], "numtriesdist": [  ], "numfailedcas": 0}
