{"epoch_loss":[1.3789705904978646,0.28412230235099506,0.28309636576912234,0.17147411562881523,0.27438485768674287,0.5353788360629684,0.05613570512736682,0.011586833431931192,0.20996020221934644,0.46817006921756543],"epoch_time":[0.420512,0.784214,1.220651,1.635815,2.011723,2.364683,2.712025,3.054175,3.442119,3.854261],"lossgrad":{"grad":[],"time":[]},"meta":{"algo":"ELASYNC","arch":"LENET","batch_size":16,"dataset":"MNIST","intial_parallelism":5,"learning_rate":0.005,"momentum":0.0,"num_epochs":10,"num_threads":10,"probing_duration":64,"probing_interval":1024,"probing_window":6,"rand_seed":1337,"run_n":0,"tauadaptstrat":"NONE"},"mlist":{"m":[5,2,3,4,5,6,7,7,4,5,6,7,8,9,7,4,5,6,7,8,9,8,5,6,7,8,9,10,9,6,7,8,9,10,7],"probe_ends":[],"probe_starts":[],"time":[0.0,0.000253,0.043499,0.079575,0.109011,0.138609,0.162207,0.18542,0.7789,0.810317,0.841314,0.870012,0.8950130000000001,0.922627,0.946142,1.629577,1.666819,1.695084,1.720242,1.742377,1.764295,1.784996,2.358033,2.3888059999999998,2.411479,2.433972,2.455403,2.477665,2.498609,3.048212,3.072323,3.09558,3.117,3.138509,3.159098]},"numtriesdist":[],"staleness_dist":[]}