{"epoch_loss":[],"epoch_time":[1.444268,2.843796,4.180308,5.4733,7.318538,9.205166,10.723769,12.028877,13.505792,14.802898,16.427783,18.870094,21.441608,23.856932,26.307452,28.733515,30.775717,32.62336,34.237943,35.625466,37.058627,38.349927,39.759411,41.167047,43.023999,45.035123,46.926347,48.550308,50.162424,51.676714,53.052242,54.29486,55.650019,57.02859,58.401197,59.699419,61.243936,62.87364,64.34724,65.635171,67.376036,69.409123,71.346161,73.12733,75.293864,77.587795,79.754353,81.694327,83.462209,84.995303,87.473602,90.233115,93.151094,95.969804,98.11431,100.056867,101.785796,103.260195,104.775376,106.221514,107.643442,108.950378,110.254865,111.491922],"lossgrad":{"grad":[],"time":[]},"meta":{"algo":"ELASYNC","arch":"LENET","batch_size":16,"dataset":"CIFAR10","intial_parallelism":5,"learning_rate":0.0,"momentum":0.0,"num_epochs":64,"num_threads":10,"probing_duration":64,"probing_interval":1024,"probing_window":6,"rand_seed":1337,"run_n":0,"tauadaptstrat":"NONE"},"mlist":{"m":[5,2,3,4,5,6,7,5,2,3,4,5,6,7,4,1,2,3,4,5,6,2,1,2,3,4,4,1,2,3,4,5,6,4,1,2,3,4,5,6,3,1,2,3,4,5,3,1,2,3,4,5,3,1,2,3,4,5,5,2,3,4,5,6,7,7,4,5,6,7,8,9,9,6,7,8,9,10,7,4,5,6,7,8,9,4,1,2,3,4,5,6,6,3,4,5,6,7,8,7,4,5,6,7,8,9,9,6,7,8,9,10,7,4,5,6,7,8,9,8,5,6,7,8,9,10,6,3,4,5,6,7,8,8,5,6,7,8,9,10,5,2,3,4,5,6,7,5,2,3,4,5,6,7,4,1,2,3,4,5,6,4,1,2,3,4,5,6,6,3,4,5,6,7,8,3,1,2,3,4,5,2,1,2,3,4,4,1,2,3,4,5,6,6,3,4,5,6,7,8,6,3,4,5,6,7,8,8,5,6,7,8,9,10,10],"probe_ends":[],"probe_starts":[],"time":[1572441048.268324,0.000236,0.13842200000000005,0.26092499999999996,0.35619999999999996,0.44457100000000005,0.510249,0.56152,2.82647,2.978355,3.0788729999999997,3.1609030000000002,3.2322990000000003,3.297994,3.349993,5.468195,5.695985,5.811509,5.913583,5.994564,6.065589,6.135102,9.20121,9.428730999999999,9.544015,9.650345,9.730085,12.014769,12.239875,12.354813,12.454888,12.537561,12.613561,12.677573,14.795168,14.953016,15.068435000000001,15.164942,15.247057999999999,15.32221,15.386624,18.86161,19.196202,19.361542,19.512479,19.635971,19.744557,23.856336,24.077513,24.251873,24.398072,24.519018,24.630697,28.711855,28.941491,29.114577,29.260019,29.379672,29.492652,32.609994,32.793345,32.926786,33.049824,33.16439,33.262616,33.345092,35.596204,35.752014,35.89419,36.003759,36.081792,36.160998,36.234414,38.326105,38.431055,38.519668,38.599389,38.682721,38.757955,41.139708,41.267191,41.380629,41.485621,41.570718,41.648943,41.72133,45.015388,45.25566,45.421902,45.564176,45.682317,45.788721,45.885712,48.526461,48.683184,48.807095,48.915673,49.011811,49.101125,49.180408,51.663161,51.790343,51.907516,52.009487,52.093267,52.170065,52.24011,54.266398,54.373699,54.457157,54.541271,54.612878,54.695176000000004,57.005679,57.120788,57.219436,57.309469,57.401365,57.474678,57.555121,59.671388,59.77725,59.869648,59.954725,60.038683,60.12026,60.197393,62.849402,63.020857,63.142514,63.24776,63.344337,63.432809,63.512316,65.627331,65.742797,65.844725,65.943208,66.014732,66.095867,66.171752,69.38654,69.642016,69.815934,69.955885,70.056505,70.144761,70.227013,73.108523,73.282408,73.424727,73.544628,73.65238,73.738008,73.823756,77.565269,77.874261,78.076136,78.210947,78.329106,78.433665,78.52104,81.687405,81.91729,82.093967,82.226928,82.345112,82.452815,82.535641,84.972774,85.165508,85.308464,85.430091,85.526282,85.619985,85.696744,90.213072,90.534765,90.750285,90.92915,91.066061,91.185976,95.951357,96.180884,96.351841,96.490224,96.608628,100.043714,100.278593,100.448555,100.584293,100.68463,100.783174,100.87051,103.237129,103.371874,103.481348,103.577795,103.671324,103.752584,103.829202,106.208002,106.34018,106.449015,106.543815,106.63749,106.722785,106.801162,108.925202,109.026999,109.121388,109.205578,109.289616,109.362529,109.443559]},"numtriesdist":[],"staleness_dist":[]}