{"epoch_loss":[2.3022636637978304,2.3020435947389877,2.3022373059842995,2.302118077884456,2.3023431258084934,2.302212671659054,2.3023220970761473,2.3022505147338967,2.3021413583391217,2.30224468055185,2.302071198063904,2.302273727446815,2.3023489348694164,2.302244895325541,2.302320357766351,2.3021664686031427,2.3020717404771616,2.3022602440517494,2.3021582074579787,2.302389529703612,2.302280678453376,2.302291748073521,2.3022142942930044,2.302070973387429,2.302262154988817,2.3020987215152893,2.3023250688528853,2.3022347474397873,2.3023081113857216,2.3022715192567773,2.3021183658221744,2.302252667013023,2.30210903581689,2.302250488155731,2.302332679776472,2.3022357728229763,2.3023301587854927,2.302150243955272,2.3020846026182724,2.302264711305063,2.302178419516643,2.302373791429265,2.3022646191043097,2.302344989794345,2.3021893188599556,2.302075010644861,2.302235093509904,2.3021351113062507,2.3023021744911447,2.3022491078381955,2.3022949564124793,2.3022201258434176,2.3021743916282595,2.3022186156011073,2.3021545204869556,2.302209950944449,2.3023798697172624,2.3022099013424264,2.3023193390363663,2.30213886993346,2.3021179093159057,2.302273564834179,2.3021817960282367,2.3023629887401915],"epoch_time":[0.22338,0.269078,0.316986,0.359813,0.40639899999999995,0.451886,0.49960099999999996,0.544321,0.5907789999999999,0.6338170000000001,0.679676,0.7279530000000001,0.770564,0.81625,0.86085,0.906511,0.950477,0.993714,1.035926,1.078578,1.125103,1.168649,1.209958,1.255453,1.294266,1.335829,1.378813,1.420409,1.462974,1.503849,1.545733,1.5875759999999999,1.630622,1.672177,1.713339,1.755482,1.7981530000000001,1.839485,1.881244,1.923427,1.965006,2.006476,2.047248,2.089231,2.134502,2.175464,2.218738,2.25903,2.299851,2.3421440000000002,2.382494,2.422628,2.464652,2.506455,2.54798,2.588008,2.628475,2.671332,2.712502,2.753336,2.794248,2.838673,2.87918,2.918802],"lossgrad":{"grad":[0.0],"time":[2.934142]},"meta":{"algo":"ELASYNC","arch":"LENET","batch_size":16,"dataset":"MNIST","intial_parallelism":64,"learning_rate":0.0,"momentum":0.0,"num_epochs":64,"num_threads":512,"probing_duration":200,"probing_interval":2000,"probing_window":8,"rand_seed":1337,"run_n":0,"tauadaptstrat":"NONE"},"mlist":{"m":[61,62,63,64,65,66,67,68,63],"probe_ends":[8],"probe_starts":[0],"time":[0.151853,1.119168,2.121617,2.919858,2.922926,2.925291,2.927509,2.929807,2.932024]},"numtriesdist":[],"staleness_dist":[3.0,3.0,3.0,3.0,3.0,4.0,4.0,3.0,3.0,4.0,5.0,6.0,4.0,5.0,8.0,9.0,19.0,23.0,27.0,31.0,51.0,54.0,71.0,85.0,104.0,121.0,168.0,190.0,229.0,265.0,309.0,368.0,416.0,491.0,558.0,610.0,644.0,742.0,834.0,894.0,1025.0,1084.0,1183.0,1192.0,1239.0,1312.0,1328.0,1353.0,1357.0,1333.0,1294.0,1239.0,1172.0,1080.0,1023.0,954.0,870.0,792.0,708.0,639.0,517.0,377.0,178.0,60.0,54.0,71.0,77.0,83.0,97.0,129.0,113.0,127.0,98.0,104.0,96.0,102.0,91.0,86.0,73.0,85.0,80.0,80.0,66.0,46.0,46.0,40.0,24.0,28.0,26.0,21.0,20.0,18.0,11.0,9.0,4.0,3.0,3.0,7.0,5.0,5.0,4.0,6.0,4.0,3.0,0.0,2.0,2.0,1.0,1.0,4.0,1.0,1.0,2.0,0.0,1.0,1.0,5.0,0.0,1.0,1.0,2.0,1.0,1.0,1.0,2.0,0.0,1.0,2.0,1.0,1.0,0.0,0.0,0.0,0.0,0.0,0.0,1.0,1.0,1.0,1.0,0.0,0.0,0.0,0.0,0.0,0.0,0.0,0.0,0.0,0.0,0.0,0.0,1.0,0.0,0.0,0.0,0.0,0.0,0.0,0.0,0.0,0.0,0.0,0.0,0.0,0.0,0.0,0.0,0.0,0.0,0.0,0.0,0.0,0.0,0.0,0.0,0.0,0.0,0.0,0.0,0.0,0.0,0.0,0.0,0.0,0.0,0.0,0.0,0.0,0.0,0.0,0.0,0.0,0.0,0.0,0.0,0.0,0.0,0.0,0.0]}