{"epoch_loss":[],"epoch_time":[2.054891,4.437408,6.3912379999999995,8.221705,11.11444],"lossgrad":{"grad":[],"time":[]},"meta":{"algo":"ELASYNC","arch":"LENET","batch_size":16,"dataset":"CIFAR10","intial_parallelism":5,"learning_rate":0.0,"momentum":0.0,"num_epochs":5,"num_threads":10,"probing_duration":64,"probing_interval":1024,"probing_window":6,"rand_seed":1337,"run_n":0,"tauadaptstrat":"NONE"},"mlist":{"m":[5,2,3,4,5,6,7,2,1,2,3,4,3,1,2,3,4,5,1],"probe_ends":[],"probe_starts":[],"time":[-2722431238.690086,0.000228,0.14657900000000001,0.26157600000000003,0.358429,0.44070200000000004,0.505082,0.556649,4.425094,4.650081,4.797514,4.912428,5.008086,8.208637,8.436176,8.583316,8.674355,8.756662,8.821946]},"numtriesdist":[],"staleness_dist":[]}