{"epoch_loss":[],"epoch_time":[0.530528,0.770731,0.946761,1.123059,1.325607,1.478493,1.675706,1.806306,1.993697,2.188069,2.375419,2.568555,2.730429,2.913527,3.126724,3.296035,3.46221,3.6196289999999998,3.800258,3.951235,4.118638,4.306616,4.468207,4.641284,4.817173,4.989192,5.17429,5.389161,5.51748,5.691676,5.87646,6.031429,6.229835,6.421682,6.609891,6.799203,6.997603,7.181473,7.381678,7.578173,7.787997,7.987242,8.186483,8.379919,8.556694,8.741661,8.935491,9.11964,9.315989,9.498871,9.725295,9.910704,10.113909,10.326363,10.519205,10.730118000000001,10.956689,11.158445,11.377051,11.573274,11.786338,12.042417,12.238037,12.445706],"lossgrad":{"grad":[],"time":[]},"meta":{"algo":"ELASYNC","arch":"LENET","batch_size":16,"dataset":"MNIST","intial_parallelism":64,"learning_rate":0.0,"momentum":0.0,"num_epochs":64,"num_threads":512,"probing_duration":200,"probing_interval":2000,"probing_window":8,"rand_seed":1337,"run_n":0,"tauadaptstrat":"NONE"},"mlist":{"m":[64,60,61,62,63,64,65,66,67,64,60,61,62,63,64,65,66,67,64,60,61,62,63,64,65,66,67,60,56,57,58,59,60,61,62,63,62,58,59,60,61,62,63,64,65,60,56,57,58,59,60,61,62,63,56,52,53,54,55,56,57,58,59,54,50,51,52,53,54,55,56,57,53,49,50,51,52,53,54,55,56,49,45,46,47,48,49,50,51,52,45,41,42,43,44,45,46,47,48,42,38,39,40,41,42,43,44,45,44,40,41,42,43,44,45,46,47,47,43,44,45,46,47,48,49,50,48,44,45,46,47,48,49,50,51,45,41,42,43,44,45,46,47,48,41,37,38,39,40,41,42,43,44,42],"probe_ends":[],"probe_starts":[],"time":[-2722527800.011444,0.000989,0.001079,0.029328,0.095084,0.148019,0.179946,0.210434,0.234758,0.270448,1.100349,1.111648,1.121482,1.133216,1.143278,1.15433,1.164956,1.176057,1.1859709999999999,1.766459,1.777976,1.788812,1.799382,1.810768,1.820808,1.831175,1.841788,1.852116,2.488869,2.502109,2.51383,2.523966,2.5357089999999998,2.546166,2.557265,2.567033,2.576675,3.21789,3.229247,3.241601,3.2511900000000002,3.261302,3.270533,3.280095,3.29004,3.299709,3.871028,3.880542,3.891983,3.902758,3.912909,3.923061,3.933989,3.942456,3.952435,4.529384,4.540949,4.552352,4.562105,4.57142,4.583296,4.594235,4.604231,4.612845,5.203377,5.214832,5.225879,5.238627,5.250157,5.260758,5.27227,5.2847480000000004,5.295055,5.893049,5.905944,5.917839,5.930011,5.939752,5.952502,5.962222,5.971437,5.982163,6.622652,6.634803,6.646737,6.660197,6.672709,6.683743,6.694759,6.706001,6.715585,7.379545,7.391298,7.403511,7.414422,7.428417,7.441363,7.453422,7.464413,7.476902,8.162942,8.177466,8.189422,8.200651,8.21515,8.227238,8.239595,8.251182,8.263893,8.903783,8.917052,8.929041,8.943564,8.954778,8.96665,8.977072,8.987888,8.998086,9.651061,9.665937,9.678663,9.692233,9.705129,9.722618,9.735574,9.748018,9.760548,10.444347,10.456751,10.47292,10.485263,10.498896,10.512743,10.52425,10.536304,10.547813,11.259909,11.27398,11.28712,11.301333,11.314799,11.325863,11.339189,11.350659,11.366603,12.114123,12.126846,12.143178,12.157194,12.17298,12.185377,12.196562,12.212654,12.224165]},"numtriesdist":[],"staleness_dist":[]}