{"epoch_loss":[0.18051490823333285,0.7221168691833805,1.1156203724381357,1.1171083372908885,1.5739316802220995,1.4656383741535008,1.512052019434008,1.53488468882122,1.7573805260134232,1.783893773662464,1.810474705362558,1.9629837096213614,1.9932019628852,1.9033151856776596,1.8981498477012486,1.916485497184327,1.8169256667264804,2.0678059700110216,1.9738217788613637,1.9616648218525343,1.9046584283042407,2.2128987281750736,1.9230450712307363,2.022704583518045,2.1124691602408907,2.023835078772517,2.0970197034647686,2.092670913902621,2.083209421243652,2.0974409217321996,2.0556893214764442,2.138198796301745,2.160513959544972,2.10038918562586,2.1745752714980497,2.1390475816057655,2.0970056327403093,1.9654456633754764,2.0000966268039906,1.9566499255489844,1.9290351278218094,1.944817030233137,1.952966493814641,1.9794419286181286,1.9378427912156044,1.9543362318494866,1.929785136083052,1.960517732563635,1.9055260759781616,1.9494546232461656],"epoch_time":[31.503916,53.526037,64.897416,80.529645,97.499257,107.393901,116.677541,124.853447,133.562105,141.301386,148.509189,158.593181,162.729219,168.484001,176.783965,184.507932,191.318925,196.976136,203.880411,209.693633,215.48438,220.763369,227.236432,233.841552,239.241099,245.23842,251.117258,256.996132,262.955743,268.462284,273.996275,278.883915,284.458968,290.008104,295.432553,300.913355,306.075679,311.73219,316.401313,322.214752,327.307822,332.490946,337.629974,342.989697,348.507863,353.899692,358.814608,364.099548,369.713817,374.749477],"lossgrad":{"grad":[0.0],"time":[374.7626]},"meta":{"algo":"ELASYNC","arch":"LENET","batch_size":16,"dataset":"CIFAR10","intial_parallelism":128,"learning_rate":0.005,"momentum":0.0,"num_epochs":50,"num_threads":400,"probing_duration":16,"probing_interval":256,"probing_window":16,"rand_seed":1337,"run_n":0,"tauadaptstrat":"NONE"},"mlist":{"m":[1,13,25,37,49,61,73,85,97,109,121,133,145,157,169,181,193,205,217,229,241,253,265,277,289,301,313,325,337,349,361,373,385,397,349],"probe_ends":[34],"probe_starts":[0],"time":[1.369356,13.901502,25.16886,36.56952,47.534231,58.139019,68.349044,78.334822,88.143264,97.50015,106.616071,115.126103,123.373414,131.661317,139.471299,147.11967,154.52545,161.943004,171.582963,180.928369,189.700964,198.384492,206.122383,213.878266,222.65629,231.523819,239.364604,248.09825,256.522204,264.413943,272.37117,280.352384,288.37467,296.401575,304.445716]},"numtriesdist":[],"staleness_dist":[52.0,38.0,32.0,35.0,36.0,35.0,47.0,50.0,50.0,48.0,56.0,62.0,108.0,42.0,40.0,40.0,47.0,50.0,54.0,58.0,71.0,82.0,94.0,106.0,136.0,56.0,55.0,60.0,68.0,71.0,90.0,95.0,111.0,124.0,118.0,160.0,170.0,73.0,77.0,76.0,87.0,90.0,82.0,98.0,134.0,176.0,215.0,205.0,175.0,82.0,89.0,91.0,93.0,105.0,113.0,132.0,149.0,175.0,191.0,201.0,164.0,82.0,103.0,109.0,143.0,140.0,162.0,183.0,186.0,185.0,220.0,212.0,194.0,118.0,123.0,122.0,151.0,186.0,218.0,230.0,246.0,244.0,257.0,236.0,218.0,148.0,135.0,166.0,162.0,192.0,208.0,240.0,238.0,257.0,293.0,301.0,265.0,188.0,178.0,204.0,198.0,201.0,222.0,224.0,241.0,264.0,271.0,265.0,227.0,202.0,216.0,227.0,262.0,296.0,304.0,324.0,339.0,312.0,325.0,334.0,287.0,246.0,249.0,239.0,249.0,252.0,257.0,307.0,298.0,342.0,369.0,368.0,346.0,299.0,290.0,284.0,305.0,314.0,330.0,342.0,388.0,359.0,377.0,383.0,326.0,283.0,320.0,308.0,311.0,322.0,355.0,389.0,396.0,414.0,418.0,435.0,431.0,324.0,403.0,400.0,334.0,346.0,343.0,353.0,355.0,381.0,402.0,395.0,373.0,331.0,314.0,329.0,321.0,321.0,355.0,371.0,370.0,398.0,384.0,400.0,332.0,299.0,294.0,327.0,332.0,314.0,336.0,351.0,365.0,370.0,409.0,408.0,393.0,351.0,330.0,368.0,353.0,348.0,341.0,354.0]}