{"epoch_loss":[2.302715658349642,2.302713577564924,2.3026880919146593,2.3027269184511336,2.302693980210738,2.3026649223141877,2.30272399593212,2.3026879226691426,2.302685099405376,2.302670716606596,2.302617331334563,2.302511789494024,2.3019963732224604,2.292357589270274,2.227966422527197,2.2331480337271774,2.2871880458814347,2.3023223290786823,2.281153903215921,2.227278819863896,2.2650930368409887,2.1793870631890644,2.163946987560842,2.1334923842868085,2.13663368437058,2.0871639652174307,2.0949928373660827,2.0946104582525313,2.050834268525861,2.0573523808133767,2.0699293884342533,2.023255989667099,2.0383697438608825,1.8812940877067184,1.8126061991402167,1.8223553567340385,1.869677678105441,1.9788461376362716,1.944377269238582,1.9012868875413915,1.881718285385873,1.8543011927000943,1.9244606477575321,1.8810692472389405,2.0144246929986633,1.8870645751632409,2.013134195900433,1.9408166028706,1.8984105902129262,1.8523215796493833,1.9353628753358711,1.917388072892899,1.7943098942499782,2.063808988299607,2.009642564037602,2.0997868522072967,2.080388457420302,2.010544397060918,1.7557859340328055,1.7169009161187496,1.689958922646571,1.6781882782783555,1.6648186740068265,1.643784041357757,1.6488704458191599,1.622751544839868,1.609732148713053,1.601792226139357,1.5027640079645175,1.486630344442678,1.5334219876536765,1.5838304267916075,1.5848817328713125,1.6886650555045726,1.6322021872862489,1.6930796173863756,1.639602388672281,1.6406286454632713,1.685472419178036,1.6463989386537634,1.6999860872209502,1.7027843228061488,1.6649934668161768,1.839170806701159,1.6563177964968674,1.713344321244719,1.6949237618454447,1.7714448547780237,1.736848911759913,1.7648111960921335,1.700496739361052,1.7496360959868995,1.7618367868348486,1.7246762499741228,1.6898253518723911,1.5780786792871122,1.6064514182292664,1.59204085389032,1.5851462587847804,1.5918998349921292],"epoch_time":[1.360166,1.770387,2.116674,2.451026,2.775453,3.096158,3.422983,3.705285,3.995757,4.262776,4.542269,4.838143,5.121185,5.348973,5.59487,5.861728,6.09362,6.363326,6.620088,6.85657,7.08192,7.292853,7.504787,7.698506,7.901428,8.109809,8.308765,8.503929,8.704992,8.914186,9.107477,9.3294,9.50886,10.494648,10.897661,11.21221,11.481057,11.728617,11.953882,12.178273,12.388478,12.600998,12.814625,13.023739,13.232645,13.451873,13.657918,13.876777,14.104082,14.34809,14.563815,14.739307,14.957848,15.191337,15.380718,15.630423,15.860605,16.077555,16.323376,16.570347,16.81764,17.064053,17.309865,17.555625,17.800616,18.04709,18.293458,18.539586,19.520911,19.927151,20.239549,20.506237,20.742038,20.964328,21.186165,21.392975,21.590866,21.792039,21.981831,22.176612,22.371492,22.583655,22.785138,22.972539,23.202137,23.399538,23.599537,23.804314,24.026694,24.237074,24.458031,24.680944,24.886247,25.115153,25.307298,25.494841,25.688401,25.884647,26.06285,26.25103],"lossgrad":{"grad":[0.0,-0.44979204352504176,0.08182626498492529],"time":[9.526833,18.555844,26.257508]},"meta":{"algo":"ELASYNC","arch":"LENET","batch_size":16,"dataset":"CIFAR10","intial_parallelism":128,"learning_rate":0.005,"momentum":0.0,"num_epochs":100,"num_threads":400,"probing_duration":16,"probing_interval":256,"probing_window":16,"rand_seed":1337,"run_n":0,"tauadaptstrat":"NONE"},"mlist":{"m":[1,13,25,37,49,61,73,85,97,109,121,133,145,157,169,181,193,205,217,229,241,253,265,277,289,301,313,325,337,349,361,373,385,397,337,1,13,25,37,49,61,73,85,97,109,121,133,145,157,169,181,193,205,217,229,241,253,265,277,289,301,313,325,337,349,361,373,385,397,133,1,13,25,37,49,61,73,85,97,109,121,133,145,157,169,181,193,205,217,229,241,253,265,277,289,301,313,325,337,349,361,373,385,397,301],"probe_ends":[34,69,104],"probe_starts":[0,35,70],"time":[0.335906,0.479445,0.631053,0.796949,0.956317,1.12275,1.286581,1.4556529999999999,1.622177,1.784358,1.952626,2.127815,2.297969,2.471455,2.659469,2.837744,3.015679,3.205434,3.383171,3.563883,3.743326,3.923452,4.112613,4.297368,4.484807,4.681578,4.880713,5.079535,5.2788260000000005,5.474753,5.671458,5.872834,6.079811,6.29112,6.496661,9.527085,9.666417,9.821625,9.981759,10.146728,10.307089,10.472194,10.638978,10.806529,10.970536,11.134651,11.299689,11.469071,11.635464,11.803014,11.972454,12.144692,12.32177,12.505069,12.688168,12.877237,13.073622,13.271208,13.478115,13.687876,13.907842,14.110063,14.313297,14.521993,14.748851,14.987011,15.22484,15.475547,15.73465,15.994267,18.55628,18.695324,18.850199,19.008513,19.171785,19.336263,19.499664,19.669156,19.833966,19.999742,20.163412,20.328045,20.492452,20.659293,20.827183,20.996738,21.171413,21.348687,21.521945,21.69818,21.877819,22.064684,22.251825,22.442139,22.645523,22.852653,23.060259,23.286236,23.512755,23.747601,24.004186,24.272679,24.550362,24.834611,25.126609]},"numtriesdist":[],"staleness_dist":[152.0,109.0,118.0,126.0,138.0,139.0,160.0,160.0,182.0,199.0,238.0,283.0,362.0,188.0,199.0,202.0,201.0,219.0,226.0,240.0,258.0,289.0,314.0,343.0,344.0,248.0,263.0,281.0,307.0,331.0,361.0,385.0,406.0,419.0,426.0,402.0,422.0,335.0,326.0,335.0,348.0,347.0,361.0,382.0,391.0,413.0,413.0,432.0,414.0,345.0,327.0,364.0,364.0,373.0,378.0,394.0,406.0,422.0,455.0,444.0,433.0,380.0,396.0,404.0,420.0,415.0,431.0,447.0,442.0,461.0,493.0,495.0,498.0,471.0,477.0,507.0,511.0,520.0,509.0,504.0,533.0,538.0,549.0,531.0,555.0,540.0,566.0,613.0,668.0,658.0,734.0,742.0,732.0,794.0,803.0,836.0,895.0,942.0,969.0,1066.0,1202.0,1309.0,1442.0,1541.0,1754.0,1884.0,2011.0,2199.0,2292.0,2318.0,2465.0,2465.0,2570.0,2516.0,2561.0,2442.0,2364.0,2351.0,2218.0,1963.0,1839.0,1697.0,1558.0,1425.0,1307.0,1206.0,1081.0,1034.0,979.0,894.0,909.0,865.0,877.0,899.0,911.0,886.0,864.0,864.0,892.0,861.0,904.0,922.0,933.0,892.0,941.0,921.0,991.0,988.0,1002.0,978.0,1023.0,1077.0,1076.0,1053.0,1038.0,1085.0,1118.0,1116.0,1134.0,1163.0,1181.0,1166.0,1237.0,1243.0,1267.0,1260.0,1317.0,1257.0,1280.0,1233.0,1319.0,1331.0,1328.0,1272.0,1325.0,1361.0,1425.0,1381.0,1438.0,1391.0,1419.0,1354.0,1358.0,1367.0,1353.0,1332.0,1380.0,1316.0,1307.0,1323.0,1243.0,1263.0,1274.0,1241.0,1205.0,1187.0,1129.0,1093.0,1106.0,1164.0]}