{"epoch_loss":[2.3027886495896195,2.302808383496806,2.302806188050814,2.302782371513597,2.3027578278875116,2.3023932853323874,2.211575924126513,2.0475765844612104,1.9170745993671816,1.8102882321545342,1.7383128762407027,1.6722430702331226,1.6163759445997579,1.5639793603063719,1.5175049377329894,1.472792929115054,1.4387045003227121,1.4018581495733966,1.3723702556729518,1.3438586129176031,1.307970200095064,1.288954482363344,1.2608486527831242,1.2317077000984604,1.2127458605101682,1.1850600806947698,1.1716057690416295,1.1421161431151763,1.1198348818993986,1.108966791866448,1.0833932028205313,1.0740805119399515],"epoch_time":[4,8,12,16,20,23,27,31,35,39,43,47,51,55,59,63,67,71,75,79,84,88,92,96,100,104,108,112,116,120,123,127],"lossgrad":{"grad":[],"time":[]},"meta":{"algo":"SEMISYNC","arch":"LENET","batch_size":8,"dataset":"CIFAR10","intial_parallelism":16,"learning_rate":0.005,"momentum":0.0,"num_epochs":32,"num_threads":32,"probing_duration":160,"probing_interval":1600,"probing_window":1,"rand_seed":1337,"run_n":0,"tauadaptstrat":"NONE"},"mlist":{"m":[],"time":[]},"numtriesdist":[],"staleness_dist":[7.0,7.0,7.0,7.0,7.0,7.0,7.0,8.0,8.0,10.0,9.0,19.0,101.0,680.0,4691.0,1112.0,261.0,46.0,10.0,12.0,15.0,35.0,39.0,60.0,92.0,295.0,1190.0,4309.0,14268.0,35250.0,59932.0,59414.0,2716.0,102.0,36.0,25.0,25.0,34.0,35.0,87.0,222.0,350.0,671.0,1102.0,1959.0,2869.0,3252.0,2337.0,799.0,78.0,4.0,3.0,14.0,13.0,19.0,31.0,37.0,69.0,76.0,125.0,154.0,211.0,209.0,139.0,57.0,10.0,5.0,6.0,2.0,1.0,4.0,5.0,3.0,4.0,6.0,10.0,10.0,17.0,22.0,6.0,4.0,2.0,1.0,0.0,0.0,0.0,0.0,0.0,1.0,0.0,3.0,0.0,1.0,3.0,1.0,1.0,0.0,0.0,0.0,0.0,0.0,0.0,0.0,1.0,0.0,0.0,0.0,0.0,2.0,0.0,0.0,0.0,0.0,0.0,0.0,0.0,0.0,2.0,0.0,0.0,0.0,2.0,0.0,1.0,1.0,1.0,1.0,0.0,0.0,0.0,1.0,0.0,0.0,0.0,0.0,0.0,0.0,0.0,0.0,0.0,0.0,0.0,0.0,0.0,1.0,2.0,0.0,1.0,0.0,0.0,1.0,1.0,0.0,1.0,0.0,0.0,0.0,0.0,0.0,1.0,0.0,1.0,0.0,0.0,0.0,0.0,0.0,1.0,0.0,1.0,0.0,0.0,0.0,0.0,1.0,0.0,0.0,0.0,0.0,0.0,0.0,0.0,0.0,0.0,0.0,0.0,0.0,0.0,0.0,0.0,1.0,1.0,0.0,0.0,0.0,0.0,0.0,0.0,0.0,0.0]}