{"epoch_loss":[0.14220452700619204,0.17905622261824178,0.2630712846651908,0.299164472238552,0.48337967245525887,0.5202177542788803,0.6358891235397962,0.7891889194414431,0.803869851793079,1.1561331402302315],"epoch_time":[1.451739,1.904807,2.345555,2.728832,3.202335,3.59525,4.054934,4.435184,4.807403,5.200903],"lossgrad":{"grad":[0.0],"time":[5.30621]},"meta":{"algo":"ELASYNC","arch":"LENET","batch_size":16,"dataset":"CIFAR10","intial_parallelism":128,"learning_rate":0.005,"momentum":0.0,"num_epochs":10,"num_threads":400,"probing_duration":16,"probing_interval":256,"probing_window":16,"rand_seed":1337,"run_n":0,"tauadaptstrat":"NONE"},"mlist":{"m":[1,13,25,37,49,61,73,85,97,109,121,133,145,157,169,181,193,205,217,229,241,253,265,277,289,301,313,325,337,349,361,373,385,397,37],"probe_ends":[34],"probe_starts":[0],"time":[0.329024,0.942523,1.3075350000000001,1.7761230000000001,2.224037,2.5383649999999998,2.828873,3.10172,3.388437,3.667193,4.003383,4.2678139999999996,4.538696,4.882647,5.134667,5.260076,5.262088,5.266903,5.268817,5.270926,5.273077,5.275271,5.277521,5.279756,5.281935,5.284112,5.286228,5.288409,5.290698,5.29287,5.295037,5.297373,5.299579,5.301737,5.304227]},"numtriesdist":[],"staleness_dist":[31.0,17.0,16.0,21.0,24.0,41.0,29.0,34.0,27.0,33.0,33.0,34.0,38.0,42.0,46.0,39.0,32.0,41.0,43.0,40.0,51.0,56.0,52.0,46.0,44.0,49.0,40.0,45.0,45.0,43.0,52.0,34.0,35.0,38.0,39.0,44.0,46.0,48.0,37.0,52.0,43.0,44.0,61.0,47.0,36.0,33.0,44.0,39.0,48.0,48.0,42.0,41.0,37.0,42.0,50.0,42.0,48.0,47.0,46.0,43.0,41.0,49.0,40.0,41.0,47.0,44.0,46.0,37.0,36.0,34.0,46.0,42.0,42.0,53.0,50.0,44.0,43.0,39.0,33.0,35.0,43.0,45.0,43.0,43.0,44.0,40.0,30.0,42.0,50.0,48.0,37.0,34.0,40.0,28.0,31.0,30.0,47.0,41.0,43.0,50.0,44.0,40.0,41.0,41.0,40.0,25.0,36.0,36.0,37.0,43.0,35.0,36.0,35.0,41.0,34.0,48.0,41.0,34.0,40.0,35.0,41.0,45.0,39.0,59.0,32.0,40.0,37.0,39.0,34.0,34.0,43.0,45.0,39.0,25.0,23.0,34.0,35.0,34.0,41.0,35.0,30.0,49.0,37.0,36.0,30.0,40.0,38.0,38.0,37.0,48.0,35.0,36.0,37.0,36.0,36.0,43.0,24.0,31.0,36.0,31.0,28.0,37.0,19.0,20.0,35.0,22.0,23.0,27.0,25.0,21.0,16.0,12.0,25.0,18.0,14.0,16.0,8.0,11.0,16.0,9.0,10.0,14.0,12.0,12.0,9.0,4.0,13.0,11.0,12.0,12.0,6.0,5.0,12.0,5.0,10.0,10.0,6.0,9.0,8.0,7.0]}