{"epoch_loss":[2.302706384191011,2.3027182942120916,2.3027135754164574,2.302713843214856,2.3027111658370307,2.3027118961965143,2.3026986394915725,2.30269884367574,2.302684788937962,2.3026492170560737],"epoch_time":[1,2,3,3,4,5,6,7,7,8],"lossgrad":{"grad":[],"time":[]},"meta":{"algo":"ASYNC","arch":"LENET","batch_size":16,"dataset":"CIFAR10","intial_parallelism":64,"learning_rate":0.005,"momentum":0.0,"num_epochs":10,"num_threads":64,"probing_duration":32,"probing_interval":1024,"probing_window":8,"rand_seed":1337,"run_n":0,"tauadaptstrat":"NONE"},"mlist":{"m":[],"time":[]},"numtriesdist":[],"staleness_dist":[1.0,1.0,1.0,1.0,1.0,1.0,1.0,1.0,1.0,1.0,1.0,1.0,1.0,1.0,1.0,1.0,1.0,2.0,1.0,2.0,1.0,5.0,2.0,3.0,3.0,3.0,3.0,5.0,2.0,13.0,16.0,54.0,211.0,473.0,630.0,304.0,20.0,4.0,13.0,5.0,16.0,12.0,10.0,6.0,7.0,18.0,12.0,29.0,28.0,50.0,55.0,38.0,37.0,35.0,43.0,72.0,192.0,523.0,1330.0,2681.0,5003.0,6852.0,5790.0,2805.0,144.0,35.0,46.0,41.0,23.0,54.0,33.0,26.0,23.0,19.0,19.0,28.0,18.0,25.0,27.0,29.0,27.0,43.0,49.0,73.0,142.0,263.0,377.0,464.0,460.0,410.0,253.0,136.0,47.0,16.0,3.0,9.0,11.0,10.0,7.0,2.0,3.0,1.0,5.0,2.0,6.0,2.0,3.0,8.0,9.0,8.0,11.0,17.0,33.0,30.0,48.0,41.0,46.0,40.0,33.0,9.0,3.0,7.0,0.0,2.0,0.0,1.0,2.0,1.0,0.0,2.0,1.0,0.0,0.0,0.0,0.0,3.0,2.0,3.0,4.0,3.0,3.0,7.0,3.0,2.0,3.0,3.0,1.0,2.0,0.0,0.0,1.0,0.0,0.0,0.0,1.0,0.0,0.0,1.0,1.0,0.0,0.0,0.0,1.0,0.0,0.0,0.0,0.0,0.0,0.0,1.0,0.0,0.0,0.0,0.0,1.0,0.0,0.0,0.0,0.0,0.0,0.0,0.0,0.0,0.0,0.0,0.0,0.0,0.0,0.0,0.0,0.0,0.0,0.0,0.0,0.0,0.0,1.0,1.0,0.0,0.0]}