{"epoch_loss":[0.002945687745226291,0.0036827007631164434,0.002949291090026149,0.0022096557566188653,0.13556107346362822,0.18126992092335614,0.2645293189004095,0.33455185603272386,0.5069536234437029,0.6293007515065185,0.6874682187288247,0.9674856220680776,1.0131733252712478,0.9402070963479198,1.036784812098073,1.150230706616467,1.1892969581499326,1.2077067580615377,1.309413475096383,1.3771791560305655,1.443481267256144,1.5444503148432283,1.5923322322973474,1.6446188148814134,1.6947604985432987,1.7419501141111646,1.7816889140730914,1.8619202820333451,1.9162235087843982,1.9668324768895613,2.0132647569226343,2.137507272542829,2.1019511367347326,2.2013316711738353,2.2556303891051477,2.2571287593597495,2.280877523740831,2.2762408466840545,2.2769106532406362,2.2761792978521305,2.2776458000162543,2.2761506973111376,2.2783431672658288,2.2717035528921086,2.2672108732954763,2.2670872704233958,2.2698405626077776,2.273672623502383,2.271280172248268,2.257259744096291,2.2385575694399202,2.2552045696008705,2.2313969811145893,2.2542542977615017,1.376905318242777,0.007619022388279025,0.06703008889019282,0.1127081235560086,0.11206396120609471,0.20273755573274632,0.21314181539434449,0.2289883545459462,0.30398402646247674,0.32477526922030187,0.3583680590184031,0.44059719228227295,0.47817345592530824,0.48082596821454177,0.5596241022622881,0.5619533992310983,0.6256440806868537,0.6870281382302925,0.7134607720701468,0.7738310511397208,0.8106309063210794,0.8042328822742635,0.8616260701801679,0.9306912452020502,0.9210609163230474,1.0215840130165557,1.0199371245568376,1.0494079504441356,1.125716940681487,1.2188088171469675,1.1942075193618409,1.2644397295453218,1.3132962222117555,1.3733972319269425,1.3561270705053305,1.3952107557206566,1.566462588048934,1.5409552111378533,1.5701889057346643,1.6093654287290513,1.6497916916733473,1.6197580807396266,2.0414034949666853,1.9424119609506474,1.9562084077009498,1.946691082672153],"epoch_time":[1.203826,1.549753,1.879512,2.180213,2.679256,3.132665,3.5433529999999998,3.980674,4.483992,4.972775,5.486379,5.835896,6.253062,6.443338,6.796424,7.049083,7.325366,7.549425,7.809719,8.049077,8.254192,8.495771,8.750089,8.983996,9.222026,9.449299,9.698528,9.924581,10.145814,10.395841,10.648261,10.88793,11.114,11.358733,11.601247,11.847775,12.09378,12.335447,12.552624,12.813339,13.036558,13.287091,13.504275,13.761587,13.979703,14.228063,14.471858,14.70699,14.953274,15.191291,15.424106,15.656739,15.888646,16.121338,16.337356,16.525248,16.80425,17.091921,17.390183,17.568314,17.842602,18.026062,18.280204,18.534137,18.742679,18.993678,19.255222,19.433119,19.701025,19.946738,20.136298,20.403362,20.631733,20.84651,21.079678,21.338088,21.529453,21.761338,22.020186,22.224681,22.457782,22.688147999999998,22.908627,23.141968,23.36036,23.58952,23.821474,24.064223,24.280832,24.509535,24.739065,24.944908,25.189445,25.433364,25.649233,25.894348,26.127505,26.372321,26.592887,26.828529],"lossgrad":{"grad":[0.0,-0.1984300419928955],"time":[16.25279,26.841423]},"meta":{"algo":"ELASYNC","arch":"LENET","batch_size":16,"dataset":"CIFAR10","intial_parallelism":128,"learning_rate":0.005,"momentum":0.0,"num_epochs":100,"num_threads":400,"probing_duration":16,"probing_interval":256,"probing_window":16,"rand_seed":1337,"run_n":0,"tauadaptstrat":"NONE"},"mlist":{"m":[1,13,25,37,49,61,73,85,97,109,121,133,145,157,169,181,193,205,217,229,241,253,265,277,289,301,313,325,337,349,361,373,385,397,397,1,13,25,37,49,61,73,85,97,109,121,133,145,157,169,181,193,205,217,229,241,253,265,277,289,301,313,325,337,349,361,373,385,397,361],"probe_ends":[34,69],"probe_starts":[0,35],"time":[0.33125,2.221058,2.565704,2.98819,3.36967,3.783622,4.084595,4.3510480000000005,4.633724,4.900447,5.159288,5.419804,5.687454,5.94972,6.204946,6.491562,6.750279,7.005792,7.258382,7.516346,7.766577,8.022126,8.275329,8.546861,8.819524,9.09579,9.370651,9.653102,9.946114,10.232952,10.518718,10.805378,11.086178,11.375478,11.666537,16.253553,16.616897,16.982383,17.345269,17.717875,18.088986,18.44918,18.801938,19.163717,19.529606,19.888345,20.243482,20.599762,20.954985,21.308767,21.642007,21.987925,22.323391,22.663478,23.004618,23.336821,23.669713,23.991485,24.309095,24.636083,24.96137,25.302638,25.627303,25.9578,26.286787,26.603239,26.834636,26.836731,26.838418,26.840048]},"numtriesdist":[],"staleness_dist":[97.0,72.0,67.0,76.0,79.0,89.0,87.0,104.0,103.0,103.0,100.0,126.0,122.0,113.0,118.0,130.0,111.0,122.0,119.0,110.0,127.0,122.0,133.0,153.0,143.0,147.0,137.0,153.0,161.0,146.0,150.0,153.0,153.0,130.0,118.0,141.0,143.0,158.0,154.0,163.0,166.0,152.0,175.0,156.0,184.0,178.0,178.0,187.0,215.0,195.0,193.0,190.0,207.0,199.0,205.0,220.0,204.0,190.0,199.0,182.0,193.0,197.0,216.0,225.0,209.0,236.0,221.0,235.0,231.0,245.0,255.0,239.0,225.0,246.0,270.0,256.0,249.0,276.0,287.0,282.0,299.0,276.0,317.0,286.0,255.0,275.0,272.0,268.0,280.0,275.0,262.0,288.0,310.0,259.0,283.0,296.0,312.0,296.0,296.0,307.0,288.0,302.0,295.0,346.0,332.0,322.0,331.0,294.0,315.0,298.0,291.0,306.0,315.0,339.0,330.0,313.0,362.0,335.0,328.0,346.0,324.0,355.0,344.0,327.0,377.0,340.0,340.0,328.0,352.0,323.0,378.0,350.0,363.0,372.0,358.0,366.0,346.0,338.0,389.0,339.0,376.0,393.0,361.0,373.0,376.0,371.0,395.0,354.0,420.0,405.0,416.0,428.0,432.0,385.0,432.0,401.0,454.0,422.0,467.0,438.0,492.0,463.0,460.0,484.0,499.0,502.0,514.0,519.0,495.0,515.0,480.0,527.0,540.0,516.0,551.0,535.0,565.0,582.0,572.0,566.0,558.0,577.0,549.0,598.0,546.0,588.0,557.0,542.0,566.0,549.0,546.0,547.0,573.0,567.0,594.0,548.0,567.0,568.0,559.0,563.0]}