{"epoch_loss":[2.3027207467103503,2.3027072730208284,2.3027175593125997,2.302719705720936,2.3027109876063823,2.3026955649431895,2.3026852048312416,2.302723511868209,2.3026631108282394,2.3026429519328904,2.302641722417371,2.3025003982004817,2.3022214083730423,2.2987358501408495,2.2555885962187876,2.1728226975302274,2.1261846433151526,2.0868184679730324,2.054207740026998,2.0350875957721604,2.019562240073351,1.9736955046700486,1.986547139427283,1.9397650155060628,1.8919014709530384,1.9091099559431768,1.8873451892387982,1.8620875095858664,1.8172965694513346,1.8060105089968987,1.7801036340830179,1.7411058203172978,1.7253410323030167,1.737733473915526,1.708771565999234,1.6820963418844739,1.6717035064264378,1.6515257157528724,1.6455231223352582,1.5692345715301708,1.5922036931371017,1.5569292122433347,1.5709780659054342,1.5446478701970994,1.5862337945138696,1.501570742995359,1.5604629931670488,1.5011524826189357,1.5051543766406674,1.5017126393373272,1.5060111224340131,1.4559378559106015,1.5084588740401412,1.4609620946102564,1.4812195475715615,1.4227826690605274,1.4199478238440173,1.4264736581535564,1.421188771443627,1.3808560595168284,1.406207013440011,1.29300061737791,1.3772173365742804,1.307015552324058,1.3445792665957295,1.2919682178224778,1.3801262034066064,1.3028713962637368,1.3463336251600646,1.3303128205058452,1.2833338683721096,1.3368517429393536,1.2790361843033813,1.2693127225139653,1.273762064682749,1.2520899835331893,1.2306962215174369,1.26137613493368,1.2592283988155375,1.2252287129484927,1.211416899418482,1.2221388337012913,1.2016489098498684,1.1109153268852956,1.1651794285337647,1.1148552468041375,1.1549567131005576,1.1300588953412487,1.1466334149652901,1.1306305878133944,1.1579503853181041,1.1830635660254776,1.1330558939555,1.1736583860908898,1.1820470099455187,1.1850843548692906,1.165564340213638,1.1578826325392606,1.1263876824733707,1.177897676812499],"epoch_time":[0.708054,1.048713,1.350991,1.659275,1.963197,2.258861,2.541859,2.822492,3.0846,3.360742,3.63191,3.895922,4.160364,4.424684,4.692837,4.957111,5.220424,5.483325,5.765277,6.053696,6.327259,6.606399,6.88435,7.148944,7.4194949999999995,7.68253,7.944491,8.22122,8.457851,8.702478,8.948604,9.194144,9.43944,9.685881,9.933818,10.177213,10.422966,10.666656,10.911293,11.175684,11.435063,11.7011,11.961659,12.224851,12.476821,12.730372,12.974032,13.223731,13.462305,13.707557,13.941816,14.173991000000001,14.40798,14.639338,14.872193,15.10583,15.33747,15.571352,15.803874,16.036273,16.275176,16.525913,16.776482,17.022733,17.26754,17.511356,17.749056,17.991609,18.224645,18.462912,18.692797,18.919737,19.161658,19.400367,19.63817,19.876412,20.115998,20.357013,20.59546,20.837003,21.08017,21.321196,21.55913,21.823784,22.083539,22.333061,22.583554,22.831558,23.084094,23.31946,23.559237,23.80416,24.038651,24.278519,24.505553,24.734029,24.963597,25.193273,25.423516,25.652059],"lossgrad":{"grad":[0.0,-0.5465976782230584,0.008577055134075806,-0.27333752450855187,-0.04392216337296051],"time":[5.698985,10.961405,16.251115,21.561198,25.652365]},"meta":{"algo":"ELASYNC","arch":"LENET","batch_size":16,"dataset":"CIFAR10","intial_parallelism":128,"learning_rate":0.005,"momentum":0.0,"num_epochs":100,"num_threads":400,"probing_duration":16,"probing_interval":256,"probing_window":16,"rand_seed":1337,"run_n":0,"tauadaptstrat":"NONE"},"mlist":{"m":[121,122,123,124,125,126,127,128,129,130,131,132,133,134,135,136,127,120,121,122,123,124,125,126,127,128,129,130,131,132,133,134,135,135,128,129,130,131,132,133,134,135,136,137,138,139,140,141,142,143,142,135,136,137,138,139,140,141,142,143,144,145,146,147,148,149,150,138,131,132,133,134,135,136,137,138,139,140,141,142,143,144,145,146,144],"probe_ends":[16,33,50,67,84],"probe_starts":[0,17,34,51,68],"time":[0.33028100000000005,0.513129,0.68381,0.859165,1.031523,1.208401,1.3787129999999999,1.548874,1.720101,1.891599,2.064602,2.234959,2.409516,2.576514,2.746768,2.917118,3.086772,5.69923,5.866495,6.03167,6.197338,6.36393,6.530109,6.694972,6.862841,7.028604,7.197204,7.361674,7.52777,7.694978,7.862746,8.029446,8.196825,8.363667,10.961526,11.126009,11.292454,11.460418,11.628541,11.797893,11.97126,12.138477,12.310952,12.479765,12.6474,12.81456,12.980592,13.148793,13.314784,13.481212,13.650781,16.25158,16.417265,16.584871,16.752396,16.918829,17.086159,17.25433,17.421253,17.589452,17.756879,17.927304,18.094535,18.262295,18.429995,18.598452,18.767032,18.936357,21.561689,21.72765,21.894968,22.060755,22.226943,22.392524,22.559609000000002,22.726127,22.893703,23.061786,23.229365,23.396882,23.56404,23.730365,23.898756,24.064913,24.234732]},"numtriesdist":[],"staleness_dist":[86.0,87.0,84.0,87.0,86.0,89.0,84.0,89.0,91.0,89.0,93.0,89.0,92.0,93.0,95.0,92.0,94.0,97.0,97.0,96.0,102.0,104.0,108.0,107.0,120.0,106.0,106.0,111.0,114.0,111.0,123.0,121.0,125.0,128.0,127.0,136.0,135.0,146.0,145.0,156.0,162.0,164.0,177.0,188.0,195.0,224.0,233.0,225.0,224.0,236.0,240.0,280.0,274.0,273.0,309.0,323.0,310.0,296.0,310.0,342.0,332.0,362.0,328.0,379.0,414.0,434.0,436.0,441.0,493.0,509.0,525.0,504.0,536.0,576.0,577.0,635.0,686.0,712.0,790.0,832.0,879.0,934.0,1023.0,1122.0,1187.0,1280.0,1329.0,1410.0,1560.0,1724.0,1825.0,1979.0,2191.0,2389.0,2546.0,2830.0,2961.0,3301.0,3625.0,3882.0,4321.0,4783.0,5092.0,5597.0,6129.0,6598.0,7149.0,7550.0,8104.0,8544.0,9093.0,9526.0,9936.0,10094.0,10280.0,10406.0,10470.0,10463.0,10164.0,9854.0,9568.0,9009.0,8541.0,7768.0,7189.0,6507.0,5773.0,5139.0,4477.0,3925.0,3258.0,2801.0,2329.0,1927.0,1551.0,1276.0,1077.0,859.0,694.0,567.0,490.0,347.0,297.0,204.0,164.0,134.0,105.0,97.0,80.0,81.0,69.0,63.0,57.0,60.0,55.0,50.0,49.0,52.0,67.0,57.0,50.0,55.0,37.0,42.0,45.0,44.0,43.0,43.0,41.0,44.0,51.0,39.0,39.0,40.0,50.0,43.0,36.0,43.0,43.0,39.0,40.0,40.0,38.0,33.0,40.0,45.0,39.0,39.0,38.0,32.0,33.0,33.0,32.0,27.0,30.0,36.0,24.0,18.0,23.0,13.0]}