{"epoch_loss":[0.14589471459447054,0.1974780628533911,0.25199983341685606,0.3308559547455296,0.45760754879943283,0.5415752963572875,0.5651932090956774,0.6196937507424414,0.7707288075841906,0.8459276902081245],"epoch_time":[1.357566,1.699746,2.062702,2.419819,2.766396,3.169582,3.459021,3.845492,4.130734,4.402751],"lossgrad":{"grad":[0.0],"time":[4.522909]},"meta":{"algo":"ELASYNC","arch":"LENET","batch_size":16,"dataset":"CIFAR10","intial_parallelism":128,"learning_rate":0.005,"momentum":0.0,"num_epochs":10,"num_threads":400,"probing_duration":16,"probing_interval":256,"probing_window":16,"rand_seed":1337,"run_n":0,"tauadaptstrat":"NONE"},"mlist":{"m":[1,13,25,37,49,61,73,85,97,109,121,133,145,157,169,181,193,205,217,229,241,253,265,277,289,301,313,325,337,349,361,373,385,397,13],"probe_ends":[34],"probe_starts":[0],"time":[0.332114,0.956435,1.223238,1.5079690000000001,1.825095,2.163331,2.494486,2.8379820000000002,3.255557,3.523869,3.802781,4.080184,4.349455,4.477637,4.479663,4.481321,4.483066,4.485054,4.487156,4.489317,4.491373,4.493441,4.495588,4.497647,4.49969,4.5019,4.504012,4.506163,4.508342,4.510451,4.512493,4.514578,4.516669,4.518818,4.521038]},"numtriesdist":[],"staleness_dist":[29.0,17.0,15.0,18.0,24.0,20.0,25.0,30.0,27.0,17.0,22.0,23.0,31.0,39.0,29.0,29.0,44.0,28.0,36.0,35.0,45.0,44.0,41.0,49.0,44.0,45.0,51.0,62.0,59.0,68.0,67.0,48.0,68.0,61.0,64.0,70.0,58.0,64.0,62.0,65.0,63.0,57.0,66.0,58.0,46.0,46.0,51.0,50.0,38.0,51.0,50.0,48.0,40.0,46.0,51.0,59.0,61.0,49.0,51.0,54.0,53.0,55.0,50.0,60.0,53.0,48.0,53.0,53.0,49.0,45.0,64.0,55.0,46.0,59.0,55.0,45.0,41.0,41.0,50.0,65.0,44.0,37.0,43.0,53.0,58.0,43.0,43.0,40.0,38.0,37.0,39.0,44.0,35.0,32.0,42.0,26.0,29.0,43.0,44.0,37.0,44.0,32.0,40.0,36.0,33.0,37.0,31.0,38.0,30.0,31.0,23.0,22.0,25.0,28.0,31.0,20.0,25.0,23.0,32.0,21.0,24.0,22.0,18.0,24.0,19.0,13.0,18.0,14.0,18.0,26.0,19.0,18.0,16.0,29.0,12.0,17.0,23.0,19.0,14.0,19.0,16.0,16.0,9.0,11.0,18.0,20.0,23.0,17.0,23.0,21.0,20.0,17.0,18.0,15.0,19.0,11.0,16.0,14.0,13.0,21.0,15.0,19.0,16.0,16.0,12.0,10.0,12.0,16.0,12.0,14.0,8.0,12.0,13.0,12.0,9.0,17.0,15.0,13.0,11.0,9.0,8.0,10.0,13.0,10.0,8.0,12.0,11.0,12.0,15.0,5.0,8.0,11.0,7.0,4.0,8.0,9.0,8.0,9.0,4.0,5.0]}