{"epoch_loss":[2.3027873346956578,2.3028128439957656,2.302802236393632,2.3027949612021796,2.3027558933039987,2.3023779583132207,2.2105795769679597,2.04076753016062,1.9112749665366544,1.8088372915849527,1.7330727525973564,1.6639546922825437,1.6048377375737746,1.5577804687652883,1.507654319437101,1.4677918946365387,1.4406576960142865,1.4036775502765906,1.364768553696931,1.337280645983061,1.3124948772228056,1.2820720846804923,1.257115426154883,1.2257291602383984,1.2143313254939567,1.1907746440738576,1.170726480516215,1.142841266302144,1.124410586685761,1.109398445818516,1.0947041617985849,1.0761593249402481],"epoch_time":[5,9,13,16,20,24,28,32,36,39,43,47,51,55,58,62,66,70,74,78,82,85,89,93,97,101,105,109,112,116,120,124],"lossgrad":{"grad":[],"time":[]},"meta":{"algo":"SEMISYNC","arch":"LENET","batch_size":8,"dataset":"CIFAR10","intial_parallelism":16,"learning_rate":0.005,"momentum":0.0,"num_epochs":32,"num_threads":32,"probing_duration":160,"probing_interval":1600,"probing_window":1,"rand_seed":1337,"run_n":0,"tauadaptstrat":"NONE"},"mlist":{"m":[],"time":[]},"numtriesdist":[],"staleness_dist":[7.0,8.0,6.0,7.0,7.0,7.0,8.0,26.0,7.0,8.0,8.0,16.0,138.0,274.0,1776.0,3850.0,635.0,103.0,16.0,12.0,16.0,18.0,57.0,89.0,101.0,395.0,1752.0,6879.0,20621.0,46086.0,65781.0,31086.0,2622.0,225.0,79.0,57.0,54.0,46.0,39.0,94.0,313.0,790.0,1601.0,2776.0,3371.0,3015.0,2021.0,918.0,157.0,38.0,30.0,29.0,34.0,33.0,55.0,80.0,152.0,175.0,209.0,225.0,189.0,108.0,60.0,27.0,10.0,5.0,6.0,8.0,4.0,6.0,14.0,12.0,22.0,29.0,40.0,32.0,30.0,23.0,16.0,11.0,4.0,2.0,6.0,3.0,4.0,5.0,8.0,4.0,5.0,3.0,5.0,1.0,0.0,2.0,2.0,0.0,4.0,0.0,2.0,1.0,2.0,3.0,1.0,2.0,3.0,1.0,1.0,1.0,2.0,1.0,0.0,2.0,0.0,2.0,1.0,0.0,0.0,1.0,3.0,4.0,1.0,1.0,0.0,3.0,2.0,1.0,3.0,2.0,3.0,1.0,0.0,1.0,3.0,0.0,1.0,1.0,2.0,1.0,3.0,3.0,2.0,4.0,4.0,1.0,0.0,3.0,0.0,0.0,1.0,0.0,0.0,0.0,0.0,1.0,2.0,1.0,1.0,0.0,0.0,2.0,0.0,0.0,1.0,0.0,2.0,1.0,0.0,1.0,1.0,0.0,1.0,1.0,0.0,0.0,0.0,0.0,1.0,1.0,0.0,0.0,0.0,1.0,0.0,0.0,0.0,0.0,1.0,1.0,0.0,0.0,0.0,0.0,1.0,0.0,1.0,0.0,0.0,0.0,0.0,0.0]}