{"epoch_loss":[2.3224207001632298,2.308780244627699,2.234498211720364,0.9038284202974448,0.8996390167255747],"epoch_time":[0.421528,0.834568,1.2515260000000001,1.671969,2.090416],"lossgrad":{"grad":[],"time":[]},"meta":{"algo":"ELASYNC","arch":"LENET","batch_size":16,"dataset":"MNIST","intial_parallelism":5,"learning_rate":0.05,"momentum":0.0,"num_epochs":5,"num_threads":10,"probing_duration":64,"probing_interval":1024,"probing_window":1,"rand_seed":1337,"run_n":0,"tauadaptstrat":"NONE"},"mlist":{"m":[5,5,5,5,5,5,5],"probe_ends":[],"probe_starts":[],"time":[0.0,0.000374,0.032086,0.8309489999999999,0.855708,1.667363,1.693638]},"numtriesdist":[],"staleness_dist":[]}