{"epoch_loss":[2.3016376314289806,2.301891299507621,2.3016749128853187,2.302928867931401,2.302501128174217,2.3019283920905798,2.3025302663916762,2.301758059162367,2.3008602947147634,2.3023560065615754,2.302346157051022,2.301763639077853,2.3205976435672904,2.263925598052577,2.129534108585136,2.2115195272222903,2.1930550918769995,1.9883933445590292,2.0730345168493143,1.909625168006437,1.7721988282541103,1.910746353481604,1.7257261714747256,1.8260090677364478,1.6548198831791272,1.7459275257599063,1.8469905287747035,1.7962984533002495,1.883948311603406,1.7248228605282139,1.5837262058826935,1.4614903810926774,1.4030964489857818,1.4029193893508956,1.5425260262496354,1.5673158113826031,1.3831448054728515,1.273218743127027,1.408651612983058,1.656780374461563,1.1466831557412518,1.2766326365900642,1.1228320216193277,1.2631792259751304,1.132367251193788,1.3819996377799781,1.1974733573795344,1.5730389041278823,1.294336329332378,1.0921611914073799,1.130309482346756,1.018059214992466,1.1522163273530177,1.1463378685369476,1.0253386051837552,1.144496823284049,0.9514709869944478,1.0583541380089176,1.0021520790714877,1.3300728004728606,1.1041531025678033,1.1647846924138756,0.9214044510116306,0.9272734100059603,1.1123895791950074,0.9568931826752354,1.0564159984404466,1.143366555382426,1.2173827762836422,1.0165914552540318,1.3884565348341933,0.9515226543418649,1.2341627061210443,1.0147028852974505,0.9798754075018031,0.889535632801309,1.1542542359479828,1.2152458743575658,1.176693411156978,1.0534639898422287,0.8948875665784083,0.84871382421996,0.9265493833915218,0.7353643298789283,0.8048113439475841,1.1673213132426299,1.2892012822893828,0.8889780946197732,0.7880343655796684,0.8484316150291403,1.0009296642867656,0.9404490249983181,1.136563749902835,1.1374152835894904,1.1354098752244732,1.345245114981457,0.8753099647362184,0.8291790700931292,0.8214227204508443,0.9114033693913406],"epoch_time":[1.7224789999999999,3.568052,5.341842,7.3244679999999995,9.40377,11.665948,13.982407,16.372393,18.941876,21.65267,24.399977,27.422629,30.298282,33.089179,35.872108,38.508957,41.134661,43.771882,46.508411,49.11945,51.563814,54.221382,56.858489,59.44928,62.36833,65.505032,68.646136,71.692855,74.358271,76.867038,79.262216,81.754293,84.398547,86.720874,89.254852,91.709463,94.212426,96.680025,99.204605,101.759258,104.405541,107.007182,109.477798,112.082565,114.575243,117.231088,119.79346,122.461145,125.411854,128.079613,130.850178,134.030866,136.911559,139.784937,142.799643,145.66501,148.723237,151.662763,154.595023,157.561293,160.363036,163.236789,166.523231,169.383821,172.519739,175.520523,178.569325,181.53908,184.935065,187.554326,190.525795,193.458218,196.503188,199.608845,202.329417,205.347251,208.294034,211.324789,214.318703,217.24633,220.007302,223.080962,225.837937,228.766609,231.635471,234.489286,237.388113,240.621956,243.292921,246.154335,249.144276,252.215733,255.165312,258.139198,261.287576,264.165006,267.176178,269.914079,272.678522,275.380947],"lossgrad":{"grad":[],"time":[]},"meta":{"algo":"ELASYNC","arch":"LENET","batch_size":16,"dataset":"CIFAR10","intial_parallelism":128,"learning_rate":0.005,"momentum":0.0,"num_epochs":100,"num_threads":512,"probing_duration":2000,"probing_interval":10000,"probing_window":16,"rand_seed":1337,"run_n":0,"tauadaptstrat":"NONE"},"mlist":{"m":[128,120,121,122,123,124,125,126,127,128,129,130,131,132,133,134,135,125,117,118,119,120,121,122,123,124,125,126,127,128,129,130,131,132,127,119,120,121,122,123,124,125,126,127,128,129,130,131,132,133,134,133,125,126,127,128,129,130,131,132,133,134,135,136,137,138,139,140,128,120,121,122,123,124,125,126,127,128,129,130,131,132,133,134,135,128,120,121,122,123,124,125,126,127,128,129,130,131,132,133,134,135,132,124,125,126,127,128,129,130,131,132,133,134,135,136,137,138,139,135,127,128,129,130,131,132,133,134,135,136,137,138,139,140,141,142,131],"probe_ends":[],"probe_starts":[],"time":[3e-06,0.013916,1.069449,2.169137,3.296735,4.44352,5.659646,6.867992,8.219549,9.557017,11.033187,12.457054,13.968658,15.537275,17.109854,18.764695,20.454272,22.186847,29.64724,31.439882,33.19111,34.992495,36.731823,38.400324,40.064158,41.751376,43.538249,45.261931,46.866072,48.489468,50.114989,51.812945,53.495463,55.091356,56.791154,64.159617,66.178074,68.144412,70.102474,72.12514,73.803987,75.389979,76.994239,78.552324,80.120371,81.684491,83.252265,84.828985,86.454384,88.067064,89.638034,91.226879,97.687652,99.289479,100.877888,102.517661,104.175789,105.823624,107.492774,109.100676,110.736423,112.36005,114.012436,115.616514,117.303963,118.994233,120.655845,122.384831,124.128718,131.335181,133.335303,135.27546,137.184817,139.072903,140.926301,142.852413,144.726706,146.596735,148.457517,150.362269,152.262442,154.161024,156.045381,157.939635,159.715815,161.563561,169.303153,171.238853,173.249964,175.200235,177.154059,179.043335,180.97493,182.92004,184.822827,186.773571,188.648126,190.571595,192.41509,194.327622,196.242303,198.127204,200.03441,207.623839,209.534678,211.494544,213.408321,215.30946,217.125951,218.874247,220.743928,222.576628,224.485592,226.37678,228.23751,230.061522,231.897101,233.63808,235.429916,237.285786,244.851314,246.803862,248.711747,250.625914,252.538407,254.482812,256.381622,258.306121,260.232951,262.153286,264.082983,266.035749,267.823985,269.630208,271.369444,273.145644,274.927767]},"numtriesdist":[],"staleness_dist":[]}