{"epoch_loss":[2.3026919984507632,2.302679335017674,2.3027072737454626,2.3026941687048144,2.3026999078204886,2.3027085411703165,2.3026630376498187,2.3026690155005864,2.3026948162259036,2.3026445566274845,2.302616307509873,2.302534341902901,2.3022224600988817,2.299397963611341,2.2575371600266223,2.19570413184728,2.1483981821555567,2.095238916023133,2.0705627600348677,2.0517768084416406,2.0407697313279036,2.0165509917244853,1.990952836109539,1.967381345172142,1.9315080950372003,1.8916390532989202,1.8366665811589686,1.8214464384794629,1.8034274568654205,1.781809995154669,1.76866418553225,1.7569778289519995,1.7307071086782437,1.721914410949989,1.7007684656484938,1.6887589308640878,1.6615707740992953,1.6571781340931206,1.6342850427810902,1.6286217624706958,1.6178078161430418,1.593214364385605,1.5728393925987771,1.5898050754306006,1.5485678177338738,1.5455746375473671,1.5427863676773785,1.503983864421211,1.5046626216482217,1.4961556776144218,1.4937115322328403,1.4447338783008,1.4589648055206237,1.4449694336550736,1.4538139594275519,1.4352402327547884,1.4334010291704602,1.42465927433549,1.3952554741332204,1.4067853066508045,1.381636390991334,1.3774907101266884,1.3434121387985596,1.3555425333045115,1.3019772623971368,1.2997193896893584,1.3081496388464053,1.3189885664919336,1.3157251657542723,1.299390696913803,1.2893298421172814,1.280336098887962,1.282692770461569,1.257101465362622,1.2733792842665397,1.3068585571237972,1.2600053807006684,1.2608999416986932,1.217242381293278,1.2643026748855242,1.2230981469613735,1.2366026782513981,1.2233735293323202,1.2710005956683506,1.1918375402547565,1.2352018288818423,1.2271473087023705,1.1979841916116265,1.2224163533502883,1.1826580201101746,1.22761637467168,1.1398085787166434,1.15536016226405,1.1816195456684204,1.1463087782272536,1.194980800050284,1.141878623973477,1.1852883804268077,1.1110273341583632,1.13264360839294],"epoch_time":[0.702488,1.028394,1.354782,1.652411,1.954038,2.246077,2.534959,2.827619,3.109024,3.385001,3.640988,3.90842,4.174844,4.439711,4.695467,4.944601,5.19912,5.450487,5.701466,5.948085,6.190815,6.434148,6.678517,6.920907,7.164284,7.409185,7.651141,7.894143,8.138226,8.381775,8.623187,8.866814,9.109658,9.353144,9.5953,9.83951,10.082225,10.324651,10.566985,10.80915,11.050447,11.291858,11.533705,11.775252,12.020076,12.271571,12.514071,12.757745,12.998569,13.239044,13.480231,13.721891,13.963353,14.203247,14.44622,14.690102,14.933485,15.174376,15.415143,15.655759,15.89612,16.137352,16.393561,16.649895,16.904873,17.164718,17.42087,17.676968,17.923485,18.176324,18.429865,18.682029,18.922145,19.169263,19.417384,19.661585,19.898661,20.14254,20.385795,20.629283,20.861749,21.103116,21.344003999999998,21.5738,21.814805,22.048385,22.281918,22.515616,22.748716,22.98416,23.223153,23.459556,23.693654,23.927723,24.16175,24.396111,24.629485,24.862666,25.098026,25.330734],"lossgrad":{"grad":[0.0,-0.028694607997195754],"time":[16.295219,25.33103]},"meta":{"algo":"ELASYNC","arch":"LENET","batch_size":16,"dataset":"CIFAR10","intial_parallelism":128,"learning_rate":0.005,"momentum":0.0,"num_epochs":100,"num_threads":512,"probing_duration":32,"probing_interval":1024,"probing_window":16,"rand_seed":1337,"run_n":0,"tauadaptstrat":"NONE"},"mlist":{"m":[121,122,123,124,125,126,127,128,129,130,131,132,133,134,135,136,136,129,130,131,132,133,134,135,136,137,138,139,140,141,142,143,144,141],"probe_ends":[16,33],"probe_starts":[0,17],"time":[0.319,0.6652020000000001,0.995343,1.327689,1.673463,2.003083,2.334471,2.669611,3.020377,3.351611,3.680588,4.014137,4.344987,4.671931,4.996863,5.326045,5.656054,16.29527,16.625637,16.958264,17.289681,17.619909,17.946947,18.279205,18.609074,18.937846,19.267279,19.59375,19.926594,20.258199,20.584698,20.915978,21.245131,21.574932]},"numtriesdist":[],"staleness_dist":[34.0,34.0,35.0,33.0,35.0,37.0,32.0,35.0,34.0,34.0,36.0,35.0,35.0,37.0,34.0,36.0,39.0,41.0,46.0,45.0,50.0,49.0,50.0,46.0,54.0,59.0,55.0,67.0,66.0,71.0,67.0,70.0,73.0,86.0,87.0,96.0,90.0,103.0,97.0,83.0,99.0,106.0,107.0,118.0,109.0,122.0,109.0,123.0,116.0,132.0,138.0,142.0,140.0,164.0,159.0,170.0,167.0,166.0,169.0,187.0,186.0,198.0,194.0,194.0,195.0,212.0,223.0,236.0,232.0,239.0,264.0,260.0,265.0,302.0,326.0,331.0,364.0,417.0,427.0,473.0,541.0,582.0,636.0,666.0,703.0,755.0,777.0,839.0,907.0,969.0,1018.0,1138.0,1276.0,1384.0,1472.0,1640.0,1823.0,2069.0,2336.0,2694.0,3165.0,3595.0,4261.0,4923.0,5864.0,6687.0,7833.0,8890.0,10060.0,11207.0,12287.0,13197.0,13933.0,14503.0,14951.0,15001.0,14829.0,14416.0,13626.0,12720.0,11370.0,10003.0,8717.0,7447.0,6199.0,5066.0,4181.0,3251.0,2538.0,1955.0,1470.0,1170.0,887.0,667.0,499.0,400.0,311.0,266.0,237.0,202.0,201.0,161.0,154.0,148.0,153.0,160.0,142.0,132.0,133.0,116.0,105.0,96.0,108.0,101.0,99.0,91.0,85.0,87.0,91.0,83.0,79.0,85.0,77.0,68.0,69.0,61.0,70.0,66.0,76.0,78.0,68.0,66.0,59.0,64.0,60.0,72.0,58.0,47.0,62.0,66.0,61.0,48.0,52.0,55.0,46.0,34.0,38.0,47.0,40.0,45.0,32.0,41.0,36.0,32.0,37.0,28.0,25.0,18.0,17.0,16.0]}