{"epoch_loss":[2.3006646631811773,2.3046872006884995,2.302446133859471,2.300123170789331,2.3005545611089113],"epoch_time":[1.0863589999999999,2.195611,3.162335,4.1339690000000004,5.103261],"lossgrad":{"grad":[],"time":[]},"meta":{"algo":"ELASYNC","arch":"LENET","batch_size":16,"dataset":"CIFAR10","intial_parallelism":5,"learning_rate":0.005,"momentum":0.0,"num_epochs":5,"num_threads":10,"probing_duration":64,"probing_interval":1024,"probing_window":1,"rand_seed":1337,"run_n":0,"tauadaptstrat":"NONE"},"mlist":{"m":[5,5,5,5,5,5,5],"probe_ends":[],"probe_starts":[],"time":[0.0,0.000291,0.05260600000000004,2.187525,2.2440379999999998,4.122193,4.182935]},"numtriesdist":[],"staleness_dist":[]}