{"epoch_loss":[2.3352129662310244,2.30584121618637,1.514825010142457,0.0,0.0],"epoch_time":[0.427728,1.0800070000000002,1.843267,2.611435,3.365963],"lossgrad":{"grad":[],"time":[]},"meta":{"algo":"ELASYNC","arch":"LENET","batch_size":16,"dataset":"MNIST","intial_parallelism":5,"learning_rate":0.05,"momentum":0.0,"num_epochs":5,"num_threads":10,"probing_duration":64,"probing_interval":1024,"probing_window":1,"rand_seed":1337,"run_n":0,"tauadaptstrat":"NONE"},"mlist":{"m":[5,5,5,5,5,5,5],"probe_ends":[],"probe_starts":[],"time":[0.0,0.000349,0.025318,1.072985,1.122515,2.607249,2.65363]},"numtriesdist":[],"staleness_dist":[]}