{"epoch_loss":[2.311323811358752,2.3062449030501697,2.297481433184231,2.281584389294047,2.280391587409003],"epoch_time":[1.1265100000000001,3.090246,5.04409,7.017553,8.961798],"lossgrad":{"grad":[],"time":[]},"meta":{"algo":"ELASYNC","arch":"LENET","batch_size":16,"dataset":"CIFAR10","intial_parallelism":5,"learning_rate":0.05,"momentum":0.0,"num_epochs":5,"num_threads":10,"probing_duration":64,"probing_interval":1024,"probing_window":1,"rand_seed":1337,"run_n":0,"tauadaptstrat":"NONE"},"mlist":{"m":[5,5,5,5,5,5,5],"probe_ends":[],"probe_starts":[],"time":[0.0,0.000382,0.051682,3.066676,3.19055,6.999486,7.122382]},"numtriesdist":[],"staleness_dist":[]}