{"epoch_loss":[2.3026583401306606,2.3026729586516854,2.302614284953679,2.302527679101167,2.30262207974793,2.3026552909529188,2.302601364593924,2.3027245121428446,2.30261737508035,2.3025695346154924,2.3025121923468843,2.302739966579103,2.3025878324602513,2.3026987393343696,2.302660342815062,2.3025759577351783,2.302429153167765,2.302776007964685,2.3025841896578987,2.302684832778704,2.3026951185858024,2.302607224410728,2.302397716336805,2.3027569969275268,2.3026371110940107,2.3026528975448732,2.302650124576443,2.3026538291258465,2.3024645923726843,2.3026830253772874],"epoch_time":[1.182864,2.034435,2.90611,3.772659,4.634649,5.50968,6.391099,7.272123,8.576347,10.074573000000001,11.577916,13.061129,14.55231,16.038115,17.524033,19.020259,20.484941,22.042183,23.51217,24.986639,26.451712,27.924935,29.392894,30.863309,32.342562,33.879351,35.449951,37.028709,38.591903,40.178122],"lossgrad":{"grad":[0.0,-0.0005095131516470452,0.00397733437511727,-0.005195191963747181],"time":[7.793866,20.649499,32.846484,40.1783]},"meta":{"algo":"ELASYNC","arch":"LENET","batch_size":16,"dataset":"CIFAR10","intial_parallelism":5,"learning_rate":0.0,"momentum":0.0,"num_epochs":30,"num_threads":12,"probing_duration":64,"probing_interval":1024,"probing_window":1,"rand_seed":1337,"run_n":0,"tauadaptstrat":"NONE"},"mlist":{"m":[4,5,5,4,5,5,4,5,5,4,5,4],"probe_ends":[2,5,8,11],"probe_starts":[0,3,6,9],"time":[0.269976,0.66588,1.079293,7.793875,8.431444,9.111125,20.649506,21.294225,21.967189,32.846493,33.507547,34.179978]},"numtriesdist":[],"staleness_dist":[59.0,1133.0,2826.0,3485.0,2509.0,2587.0,2700.0,61.0,0.0,0.0,0.0,0.0,0.0,0.0,0.0,0.0,0.0,0.0,0.0,0.0,0.0,0.0,0.0,0.0,0.0,0.0,0.0,0.0,0.0,0.0,0.0,0.0,0.0,0.0,0.0,0.0,0.0,0.0,0.0,0.0,0.0,0.0,0.0,0.0,0.0,0.0,0.0,0.0,0.0,0.0,0.0,0.0,0.0,0.0,0.0,0.0,0.0,0.0,0.0,0.0,0.0,0.0,0.0,0.0,0.0,0.0,0.0,0.0,0.0,0.0,0.0,0.0,0.0,0.0,0.0,0.0,0.0,0.0,0.0,0.0,0.0,0.0,0.0,0.0,0.0,0.0,0.0,0.0,0.0,0.0,0.0,0.0,0.0,0.0,0.0,0.0,0.0,0.0,0.0,0.0,0.0,0.0,0.0,0.0,0.0,0.0,0.0,0.0,0.0,0.0,0.0,0.0,0.0,0.0,0.0,0.0,0.0,0.0,0.0,0.0,0.0,0.0,0.0,0.0,0.0,0.0,0.0,0.0,0.0,0.0,0.0,0.0,0.0,0.0,0.0,0.0,0.0,0.0,0.0,0.0,0.0,0.0,0.0,0.0,0.0,0.0,0.0,0.0,0.0,0.0,0.0,0.0,0.0,0.0,0.0,0.0,0.0,0.0,0.0,0.0,0.0,0.0,0.0,0.0,0.0,0.0,0.0,0.0,0.0,0.0,0.0,0.0,0.0,0.0,0.0,0.0,0.0,0.0,0.0,0.0,0.0,0.0,0.0,0.0,0.0,0.0,0.0,0.0,0.0,0.0,0.0,0.0,0.0,0.0,0.0,0.0,0.0,0.0,0.0,0.0]}