{"epoch_loss":[2.3027468558124498,2.3025072745419903,2.3025388535337825,2.3028403766344208,2.302741748209358,2.3024426387215184,2.3027623792412006,2.302745068434664,2.3026190894509,2.3025907010489965,2.302723971139933,2.302523378174884,2.302746729754775,2.302630211062599,2.3025927324347775,2.302141043152517,2.3021685878548857,2.3029469953571313,2.3022304814301116,2.3031422543495905,2.302680314443577,2.302537011737981,2.3026950069062933,2.302708830723823,2.302675059921963,2.302651067158502,2.302437911073069,2.3026414202221615,2.3029885517237876,2.3027085012544957,2.302406681645135,2.302794313947961,2.3025174844707195,2.3026636054159666,2.302650276813357,2.302638133621355,2.302738506693134,2.3025328470569497,2.302582919980351,2.3024238647315354,2.3022811018465563,2.3025208396407306,2.302482296911684,2.302764530988565,2.3027689235615254,2.302775250026263,2.3024914482313017,2.3029242444973197,2.30261562565218,2.302668503987432,2.302473926708494,2.3025932734928993,2.302926710149625,2.302748405681811,2.3023038675658745,2.3028159739401683,2.3027653653364064,2.30260159814331,2.302589778906422,2.3026846288741116],"epoch_time":[0.665806,1.071561,1.463063,1.826087,2.192068,2.531041,2.900651,3.260405,3.6606899999999998,4.192673,4.691256,5.149844,5.594365,6.042222,6.486103,6.933278,7.380172,7.829867,8.266679,8.711821,9.15161,9.60944,10.047127,10.496079,10.937461,11.391927,11.835897,12.286361,12.721904,13.167116,13.881082,14.358081,14.803213,15.225634,15.634185,16.016189,16.50329,16.964938,17.438379,17.902592,18.353866,18.787208,19.225665,19.67053,20.116827,20.574688,21.012046,21.44503,21.896349,22.335981,22.780054,23.231712,23.675549,24.128737,24.57694,25.019781,25.453712,26.169354,26.621909,27.052173],"lossgrad":{"grad":[0.0,-0.0003692019258632051,0.000871647061820191],"time":[13.238931000000001,25.479698,27.052747]},"meta":{"algo":"ELASYNC","arch":"LENET","batch_size":16,"dataset":"CIFAR10","intial_parallelism":5,"learning_rate":0.0,"momentum":0.0,"num_epochs":60,"num_threads":10,"probing_duration":64,"probing_interval":1024,"probing_window":4,"rand_seed":1337,"run_n":0,"tauadaptstrat":"NONE"},"mlist":{"m":[3,4,5,6,7,3,1,2,3,4,5,3,1,2,3,4,5,3],"probe_ends":[5,11,17],"probe_starts":[0,6,12],"time":[0.286308,0.797805,1.442199,2.128514,2.875642,3.797058,13.238933,13.718107,14.201214,14.756926,15.450037,16.165063,25.479701,25.944081,26.413427,26.970472,27.052351,27.052587]},"numtriesdist":[],"staleness_dist":[239.0,2243.0,2923.0,882.0,805.0,160.0,230.0,104.0,78.0,15.0,1.0,0.0,0.0,0.0,0.0,0.0,0.0,0.0,0.0,0.0,0.0,0.0,0.0,0.0,0.0,0.0,0.0,0.0,0.0,0.0,0.0,0.0,0.0,0.0,0.0,0.0,0.0,0.0,0.0,0.0,0.0,0.0,0.0,0.0,0.0,0.0,0.0,0.0,0.0,0.0,0.0,0.0,0.0,0.0,0.0,0.0,0.0,0.0,0.0,0.0,0.0,0.0,0.0,0.0,0.0,0.0,0.0,0.0,0.0,0.0,0.0,0.0,0.0,0.0,0.0,0.0,0.0,0.0,0.0,0.0,0.0,0.0,0.0,0.0,0.0,0.0,0.0,0.0,0.0,0.0,0.0,0.0,0.0,0.0,0.0,0.0,0.0,0.0,0.0,0.0,0.0,0.0,0.0,0.0,0.0,0.0,0.0,0.0,0.0,0.0,0.0,0.0,0.0,0.0,0.0,0.0,0.0,0.0,0.0,0.0,0.0,0.0,0.0,0.0,0.0,0.0,0.0,0.0,0.0,0.0,0.0,0.0,0.0,0.0,0.0,0.0,0.0,0.0,0.0,0.0,0.0,0.0,0.0,0.0,0.0,0.0,0.0,0.0,0.0,0.0,0.0,0.0,0.0,0.0,0.0,0.0,0.0,0.0,0.0,0.0,0.0,0.0,0.0,0.0,0.0,0.0,0.0,0.0,0.0,0.0,0.0,0.0,0.0,0.0,0.0,0.0,0.0,0.0,0.0,0.0,0.0,0.0,0.0,0.0,0.0,0.0,0.0,0.0,0.0,0.0,0.0,0.0,0.0,0.0,0.0,0.0,0.0,0.0,0.0,0.0]}