{"epoch_loss":[2.3026583401306606,2.3026729586516854,2.302614284953679,2.302527679101167,2.3026220797479295,2.302655290952919,2.3026013645939236,2.302724512142845,2.3026173750803505,2.302569534615492,2.3025121923468843,2.302739966579103,2.3025878324602527,2.30269873933437,2.3026603428150625,2.3025759577351774,2.3024291531677656,2.3027760079646855,2.3025841896578987,2.3026848327787035,2.3026951185858016,2.302607224410728,2.302397716336805,2.3027569969275268,2.302637111094011,2.302652897544873,2.3026501245764432,2.3026538291258465,2.3024645923726843,2.302683025377288],"epoch_time":[1.191263,2.061064,2.94093,3.832779,4.718427,5.610213,6.497552,7.392773,8.292993,9.51233,11.126941,12.759584,14.376402,15.992752,17.58252,19.176417,20.888894,22.472028,24.057391,25.648256,27.241139,28.815346,30.413409,32.086432,33.687014,35.254849,36.827972,38.400771,39.97371,41.536734],"lossgrad":{"grad":[0.0,0.0020106812322331358,-0.0030841309488351953,0.0005131836166087922],"time":[8.631429,20.197995,31.584361,41.543126]},"meta":{"algo":"ELASYNC","arch":"LENET","batch_size":16,"dataset":"CIFAR10","intial_parallelism":5,"learning_rate":0.0,"momentum":0.0,"num_epochs":30,"num_threads":10,"probing_duration":64,"probing_interval":1024,"probing_window":1,"rand_seed":1337,"run_n":0,"tauadaptstrat":"NONE"},"mlist":{"m":[4,5,5,4,5,4,3,4,4,3,4,4],"probe_ends":[2,5,8,11],"probe_starts":[0,3,6,9],"time":[0.269258,0.669142,1.088086,8.631435,9.178445,9.859951,20.198001,20.817125,21.436784,31.584366,32.172148,32.783581]},"numtriesdist":[],"staleness_dist":[78.0,1760.0,3722.0,3581.0,2853.0,2517.0,831.0,13.0,5.0,0.0,0.0,0.0,0.0,0.0,0.0,0.0,0.0,0.0,0.0,0.0,0.0,0.0,0.0,0.0,0.0,0.0,0.0,0.0,0.0,0.0,0.0,0.0,0.0,0.0,0.0,0.0,0.0,0.0,0.0,0.0,0.0,0.0,0.0,0.0,0.0,0.0,0.0,0.0,0.0,0.0,0.0,0.0,0.0,0.0,0.0,0.0,0.0,0.0,0.0,0.0,0.0,0.0,0.0,0.0,0.0,0.0,0.0,0.0,0.0,0.0,0.0,0.0,0.0,0.0,0.0,0.0,0.0,0.0,0.0,0.0,0.0,0.0,0.0,0.0,0.0,0.0,0.0,0.0,0.0,0.0,0.0,0.0,0.0,0.0,0.0,0.0,0.0,0.0,0.0,0.0,0.0,0.0,0.0,0.0,0.0,0.0,0.0,0.0,0.0,0.0,0.0,0.0,0.0,0.0,0.0,0.0,0.0,0.0,0.0,0.0,0.0,0.0,0.0,0.0,0.0,0.0,0.0,0.0,0.0,0.0,0.0,0.0,0.0,0.0,0.0,0.0,0.0,0.0,0.0,0.0,0.0,0.0,0.0,0.0,0.0,0.0,0.0,0.0,0.0,0.0,0.0,0.0,0.0,0.0,0.0,0.0,0.0,0.0,0.0,0.0,0.0,0.0,0.0,0.0,0.0,0.0,0.0,0.0,0.0,0.0,0.0,0.0,0.0,0.0,0.0,0.0,0.0,0.0,0.0,0.0,0.0,0.0,0.0,0.0,0.0,0.0,0.0,0.0,0.0,0.0,0.0,0.0,0.0,0.0,0.0,0.0,0.0,0.0,0.0,0.0]}