{"epoch_loss":[2.30274685581245,2.3025072745419903,2.302538853533783,2.302840376634421,2.3027417482093586,2.3024426387215184,2.3027623792412006,2.302745068434664,2.3026190894509,2.302590701048996,2.302723971139933,2.302523378174884,2.302746729754775,2.302630211062599,2.3025927324347784,2.3021410431525164,2.3021685878548857,2.3029469953571318,2.3022304814301116,2.3031422543495896,2.3026803144435766,2.302537011737981,2.3026950069062937,2.3027088307238235,2.302675059921963,2.302651067158502,2.302437911073069,2.302641420222162,2.3029885517237876,2.3027085012544957,2.3024066816451345,2.3027943139479614,2.30251748447072,2.3026636054159666,2.302650276813357,2.302638133621355,2.3027385066931347,2.3025328470569497,2.302582919980351,2.3024238647315354,2.302281101846556,2.30252083964073,2.3024822969116836,2.302764530988565,2.3027689235615254,2.3027752500262624,2.3024914482313013,2.3029242444973197,2.3026156256521797,2.302668503987432,2.302473926708494,2.3025932734928998,2.302926710149625,2.3027484056818106,2.302303867565874,2.302815973940168,2.3027653653364064,2.3026015981433097,2.302589778906422,2.302684628874111],"epoch_time":[0.57271,0.85515,1.114318,1.347552,1.571472,1.7825250000000001,1.982717,2.183983,2.370477,2.604021,2.858408,3.111317,3.368043,3.617967,3.8773910000000003,4.13292,4.386088,4.644335,4.898003,5.154726,5.409285,5.668751,5.92413,6.185393,6.442025,6.705151,6.963635,7.227568,7.481835,7.747672,8.002031,8.262118,8.523505,8.787324,9.045929,9.385886,9.743028,10.054396,10.314739,10.574121,10.811849,11.035209,11.234415,11.464087,11.695188,11.985032,12.329757,12.705917,13.0911,13.457977,13.833074,14.211998,14.597176,14.964169,15.351991,15.715222,16.092352,16.473525,16.843442,17.218772],"lossgrad":{"grad":[0.0,0.0012220611929461],"time":[9.174709,17.223341]},"meta":{"algo":"ELASYNC","arch":"LENET","batch_size":16,"dataset":"CIFAR10","intial_parallelism":5,"learning_rate":0.0,"momentum":0.0,"num_epochs":60,"num_threads":10,"probing_duration":64,"probing_interval":1024,"probing_window":4,"rand_seed":1337,"run_n":0,"tauadaptstrat":"NONE"},"mlist":{"m":[3,4,5,6,7,4,2,3,4,5,6,5],"probe_ends":[5,11],"probe_starts":[0,6],"time":[0.268419,0.670132,1.088312,1.534881,1.99363,2.470307,9.17471,9.573166,9.993312,10.430942,10.885259,11.344976]},"numtriesdist":[],"staleness_dist":[23.0,891.0,1670.0,1658.0,1396.0,1106.0,628.0,253.0,47.0,8.0,0.0,0.0,0.0,0.0,0.0,0.0,0.0,0.0,0.0,0.0,0.0,0.0,0.0,0.0,0.0,0.0,0.0,0.0,0.0,0.0,0.0,0.0,0.0,0.0,0.0,0.0,0.0,0.0,0.0,0.0,0.0,0.0,0.0,0.0,0.0,0.0,0.0,0.0,0.0,0.0,0.0,0.0,0.0,0.0,0.0,0.0,0.0,0.0,0.0,0.0,0.0,0.0,0.0,0.0,0.0,0.0,0.0,0.0,0.0,0.0,0.0,0.0,0.0,0.0,0.0,0.0,0.0,0.0,0.0,0.0,0.0,0.0,0.0,0.0,0.0,0.0,0.0,0.0,0.0,0.0,0.0,0.0,0.0,0.0,0.0,0.0,0.0,0.0,0.0,0.0,0.0,0.0,0.0,0.0,0.0,0.0,0.0,0.0,0.0,0.0,0.0,0.0,0.0,0.0,0.0,0.0,0.0,0.0,0.0,0.0,0.0,0.0,0.0,0.0,0.0,0.0,0.0,0.0,0.0,0.0,0.0,0.0,0.0,0.0,0.0,0.0,0.0,0.0,0.0,0.0,0.0,0.0,0.0,0.0,0.0,0.0,0.0,0.0,0.0,0.0,0.0,0.0,0.0,0.0,0.0,0.0,0.0,0.0,0.0,0.0,0.0,0.0,0.0,0.0,0.0,0.0,0.0,0.0,0.0,0.0,0.0,0.0,0.0,0.0,0.0,0.0,0.0,0.0,0.0,0.0,0.0,0.0,0.0,0.0,0.0,0.0,0.0,0.0,0.0,0.0,0.0,0.0,0.0,0.0,0.0,0.0,0.0,0.0,0.0,0.0]}