{"epoch_loss":[2.30274685581245,2.30250727454199,2.302538853533783,2.3028403766344203,2.3027417482093586,2.3024426387215184,2.3027623792412,2.302745068434664,2.3026190894508995,2.3025907010489965,2.302723971139933,2.3025233781748846,2.3027467297547757,2.302630211062599,2.3025927324347784,2.302141043152517,2.3021685878548857,2.3029469953571313,2.3022304814301116,2.30314225434959,2.3026803144435766,2.302537011737981,2.3026950069062937,2.3027088307238235,2.3026750599219628,2.3026510671585023,2.3024379110730684,2.302641420222162,2.3029885517237876,2.3027085012544952,2.302406681645134,2.302794313947961,2.30251748447072,2.302663605415966,2.302650276813357,2.302638133621355,2.302738506693134,2.3025328470569493,2.302582919980351,2.302423864731535,2.3022811018465563,2.3025208396407306,2.3024822969116836,2.302764530988565,2.302768923561526,2.302775250026263,2.3024914482313013,2.3029242444973197,2.3026156256521797,2.3026685039874315,2.3024739267084935,2.3025932734928998,2.3029267101496256,2.30274840568181,2.302303867565874,2.3028159739401683,2.3027653653364064,2.3026015981433097,2.3025897789064222,2.302684628874111],"epoch_time":[0.569455,0.836379,1.085575,1.306934,1.528567,1.729965,1.9338090000000001,2.127545,2.31595,2.504655,2.700639,2.881844,3.072314,3.259707,3.4451,3.633032,3.815663,4.006742,4.19581,4.3827110000000005,4.572165,4.762164,4.94594,5.136632,5.332216,5.524957,5.708578,5.898317,6.088196,6.278516,6.470932,6.668706,6.855569,7.050312,7.235456,7.433651,7.625744,7.810852,8.002605,8.272063,8.594741,8.925257,9.272392,9.637376,9.978079,10.328993,10.692015,11.038025,11.434393,11.822192,12.1702,12.531289,12.886545,13.224778,13.571086,13.89866,14.230084,14.55719,14.890787,15.228455],"lossgrad":{"grad":[0.0,0.001094726826059489],"time":[11.109122,15.230158]},"meta":{"algo":"ELASYNC","arch":"LENET","batch_size":16,"dataset":"CIFAR10","intial_parallelism":5,"learning_rate":0.0,"momentum":0.0,"num_epochs":60,"num_threads":10,"probing_duration":64,"probing_interval":1024,"probing_window":4,"rand_seed":1337,"run_n":0,"tauadaptstrat":"NONE"},"mlist":{"m":[3,4,5,6,7,7,5,6,7,8,9,7],"probe_ends":[5,11],"probe_starts":[0,6],"time":[0.27018200000000003,0.659446,1.0699130000000001,1.494878,1.944928,2.440255,11.109124,11.859311,12.610145,13.416103,14.265197,15.157755]},"numtriesdist":[],"staleness_dist":[28.0,351.0,620.0,765.0,945.0,762.0,782.0,1497.0,1522.0,265.0,111.0,22.0,6.0,4.0,0.0,0.0,0.0,0.0,0.0,0.0,0.0,0.0,0.0,0.0,0.0,0.0,0.0,0.0,0.0,0.0,0.0,0.0,0.0,0.0,0.0,0.0,0.0,0.0,0.0,0.0,0.0,0.0,0.0,0.0,0.0,0.0,0.0,0.0,0.0,0.0,0.0,0.0,0.0,0.0,0.0,0.0,0.0,0.0,0.0,0.0,0.0,0.0,0.0,0.0,0.0,0.0,0.0,0.0,0.0,0.0,0.0,0.0,0.0,0.0,0.0,0.0,0.0,0.0,0.0,0.0,0.0,0.0,0.0,0.0,0.0,0.0,0.0,0.0,0.0,0.0,0.0,0.0,0.0,0.0,0.0,0.0,0.0,0.0,0.0,0.0,0.0,0.0,0.0,0.0,0.0,0.0,0.0,0.0,0.0,0.0,0.0,0.0,0.0,0.0,0.0,0.0,0.0,0.0,0.0,0.0,0.0,0.0,0.0,0.0,0.0,0.0,0.0,0.0,0.0,0.0,0.0,0.0,0.0,0.0,0.0,0.0,0.0,0.0,0.0,0.0,0.0,0.0,0.0,0.0,0.0,0.0,0.0,0.0,0.0,0.0,0.0,0.0,0.0,0.0,0.0,0.0,0.0,0.0,0.0,0.0,0.0,0.0,0.0,0.0,0.0,0.0,0.0,0.0,0.0,0.0,0.0,0.0,0.0,0.0,0.0,0.0,0.0,0.0,0.0,0.0,0.0,0.0,0.0,0.0,0.0,0.0,0.0,0.0,0.0,0.0,0.0,0.0,0.0,0.0,0.0,0.0,0.0,0.0,0.0,0.0]}