{"epoch_loss":[2.30258817270053,2.3026477725401455,2.302488667932928,2.3027398029985506,2.302659865902452,2.3025933237635234,2.30270202145361,2.3025305340628486,2.3025685422240625,2.3027797793473503,2.302602579869298,2.3024272449296177,2.302860087149252,2.302691201615165,2.302662616229432,2.302682053829568,2.3024230038211053,2.3027047350877234,2.3026793697285775,2.3026291742701392,2.3026792084280063,2.3024780113805488,2.3026905192827476,2.302678027300562],"epoch_time":[1.335129,3.161722,5.182768,7.389887,9.418848,11.399144,13.367052,15.332705,17.449371,19.672817,21.616362,23.41432,25.140164,26.937426,28.674032,30.462189,32.067681,33.741798,35.462527,37.171071,38.836197,40.444583,42.076457,43.666962],"lossgrad":{"grad":[0.0,0.0002599761817791979,-0.0009279463277183098,0.0017861680391666468,0.0004323231021112761],"time":[8.700492,20.237798,29.278541,40.600469,43.676357]},"meta":{"algo":"ELASYNC","arch":"LENET","batch_size":16,"dataset":"CIFAR10","intial_parallelism":5,"learning_rate":0.0,"momentum":0.0,"num_epochs":24,"num_threads":10,"probing_duration":48,"probing_interval":512,"probing_window":2,"rand_seed":1337,"run_n":0,"tauadaptstrat":"NONE"},"mlist":{"m":[5,6,6,6,7,6,6,7,7,7,8,8,8,9,8],"probe_ends":[2,5,8,11,14],"probe_starts":[0,3,6,9,12],"time":[0.268455,0.656868,1.053873,8.700554,9.451065,10.186791,20.238254,21.00231,21.733122,29.278611,30.003835,30.717576,40.60076,41.318573,42.047214]},"numtriesdist":[],"staleness_dist":[77.0,598.0,1255.0,1500.0,1226.0,856.0,909.0,1794.0,1730.0,1775.0,511.0,50.0,3.0,3.0,0.0,1.0,0.0,0.0,0.0,0.0,0.0,0.0,0.0,0.0,0.0,0.0,0.0,0.0,0.0,0.0,0.0,0.0,0.0,0.0,0.0,0.0,0.0,0.0,0.0,0.0,0.0,0.0,0.0,0.0,0.0,0.0,0.0,0.0,0.0,0.0,0.0,0.0,0.0,0.0,0.0,0.0,0.0,0.0,0.0,0.0,0.0,0.0,0.0,0.0,0.0,0.0,0.0,0.0,0.0,0.0,0.0,0.0,0.0,0.0,0.0,0.0,0.0,0.0,0.0,0.0,0.0,0.0,0.0,0.0,0.0,0.0,0.0,0.0,0.0,0.0,0.0,0.0,0.0,0.0,0.0,0.0,0.0,0.0,0.0,0.0,0.0,0.0,0.0,0.0,0.0,0.0,0.0,0.0,0.0,0.0,0.0,0.0,0.0,0.0,0.0,0.0,0.0,0.0,0.0,0.0,0.0,0.0,0.0,0.0,0.0,0.0,0.0,0.0,0.0,0.0,0.0,0.0,0.0,0.0,0.0,0.0,0.0,0.0,0.0,0.0,0.0,0.0,0.0,0.0,0.0,0.0,0.0,0.0,0.0,0.0,0.0,0.0,0.0,0.0,0.0,0.0,0.0,0.0,0.0,0.0,0.0,0.0,0.0,0.0,0.0,0.0,0.0,0.0,0.0,0.0,0.0,0.0,0.0,0.0,0.0,0.0,0.0,0.0,0.0,0.0,0.0,0.0,0.0,0.0,0.0,0.0,0.0,0.0,0.0,0.0,0.0,0.0,0.0,0.0,0.0,0.0,0.0,0.0,0.0,0.0]}