{"epoch_loss": [ 2.30272, 2.30271, 2.30272, 2.30271, 2.30272, 2.30271, 2.30271, 2.3027, 2.30268, 2.30265, 2.30255, 2.30202, 2.27822, 2.14177, 2.08028, 2.01941, 1.95448, 1.88854, 1.83623, 1.79295, 1.72397, 1.69848, 1.6667, 1.63584, 1.61078, 1.59637, 1.56564, 1.55142, 1.53334, 1.51101, 1.4899, 1.47075, 1.44891, 1.42223, 1.4057, 1.38819, 1.37032, 1.32578, 1.30011, 1.30486, 1.28333, 1.28923, 1.28391, 1.27553, 1.25574, 1.26406, 1.24142, 1.24397, 1.22743, 1.19258, 1.19935, 1.17676, 1.1782, 1.15127, 1.16398, 1.12029, 1.09964, 1.05115, 1.06026, 1.06974, 1.06672, 1.06725, 1.0626, 1.05572, 1.06507, 1.04758, 1.0657, 1.03678, 1.03991, 1.04657, 1.02765, 1.0443, 1.00133, 1.02492, 0.992791, 1.00198, 0.964194, 0.996538, 0.988445, 0.862029, 0.903096, 0.930733, 0.937126, 0.924134, 0.918793, 0.923472, 0.934865, 0.893407, 0.910521, 0.922399, 0.857881, 0.865825, 0.869153, 0.873156, 0.863826, 0.882355, 0.851685, 0.837329, 0.787923, 0.7448, 0.782451, 0.821331, 0.798375, 0.797419, 0.846296, 0.822987, 0.780569, 0.813482, 0.833827, 0.812777, 0.83218, 0.824558, 0.799779, 0.944623, 0.819549, 0.815723, 0.836864, 0.797712, 0.796697, 0.794696, 0.803755, 0.794426, 0.698424, 0.718168, 0.724795, 0.756347, 0.755873, 0.766169, 0.782025, 0.724897, 0.72926, 0.686609, 0.715222, 0.717072, 0.751053, 0.663846, 0.691355, 0.698359, 0.707322, 0.557076, 0.598008, 0.614927, 0.648898, 0.683599, 0.744951, 0.670358, 0.669778, 0.698651, 0.731782, 0.712056, 0.712542, 0.687859, 0.56393, 0.533664, 0.571087, 0.571235, 0.582149, 0.60719, 0.63432, 0.541393, 0.43714, 0.461307, 0.517464, 0.60222, 0.62534, 0.625223, 0.702733, 0.632689, 0.58686, 0.623789, 0.688448, 0.68404, 0.495628, 0.39687, 0.423815, 0.470601, 0.520567, 0.491077, 0.467262, 0.359714, 0.370477, 0.485144, 0.574556, 0.502738, 0.600304, 0.619413, 0.5907, 0.639573, 0.580919, 0.508862, 0.329937, 0.305515, 0.31191, 0.337643, 0.323634, 0.281316, 0.275803, 0.300409, 0.442265, 0.522427 ], "epoch_time": [ 3, 5, 7, 10, 12, 14, 18, 20, 23, 26, 28, 30, 33, 35, 37, 39, 41, 43, 45, 47, 50, 52, 54, 57, 59, 61, 63, 65, 67, 69, 71, 73, 75, 77, 79, 81, 83, 85, 88, 90, 92, 94, 96, 98, 100, 102, 104, 106, 108, 111, 113, 114, 116, 118, 120, 122, 124, 127, 129, 131, 133, 135, 137, 139, 141, 144, 146, 148, 150, 152, 154, 156, 158, 161, 163, 165, 167, 169, 171, 173, 175, 177, 179, 182, 184, 186, 188, 190, 192, 195, 197, 199, 201, 203, 205, 207, 209, 211, 213, 215, 217, 220, 222, 224, 226, 228, 230, 232, 235, 237, 239, 241, 243, 245, 247, 249, 252, 254, 256, 258, 260, 262, 265, 267, 269, 271, 273, 275, 277, 279, 282, 284, 286, 288, 290, 292, 294, 296, 298, 300, 302, 304, 307, 309, 311, 313, 315, 317, 319, 321, 324, 326, 328, 330, 332, 334, 336, 338, 340, 342, 345, 347, 349, 351, 353, 355, 357, 359, 361, 363, 365, 368, 370, 372, 374, 376, 378, 379, 382, 384, 387, 389, 391, 393, 395, 397, 399, 401, 404, 406, 408, 410, 412, 414, 417, 419, 422, 425, 427, 429 ], "staleness_dist": [ 343, 419, 497, 438, 419, 429, 482, 546, 515, 552, 572, 592, 632, 699, 803, 847, 901, 835, 1096, 1455, 1923, 2527, 3418, 4515, 5978, 8066, 10136, 12240, 14343, 15744, 17229, 18351, 18560, 18339, 18789, 18871, 19026, 18897, 18815, 18528, 17265, 15842, 14340, 13161, 12501, 12614, 13291, 13768, 14378, 15035, 15045, 15072, 14440, 13547, 12745, 11615, 10361, 9197, 8387, 7531, 6819, 6181, 5521, 5221, 4726, 4497, 4131, 3754, 3568, 3282, 2787, 2667, 2587, 2191, 2145, 1873, 1831, 1649, 1490, 1420, 1379, 1191, 1169, 1000, 983, 896, 829, 784, 688, 696, 609, 625, 527, 492, 497, 451, 421, 355, 328, 311, 307, 278, 308, 273, 236, 239, 213, 193, 170, 161, 161, 143, 137, 131, 148, 123, 103, 121, 90, 84, 86, 78, 64, 67, 61, 62, 58, 47, 51, 39, 35, 38, 30, 33, 28, 35, 25, 25, 21, 29, 28, 22, 21, 22, 19, 15, 30, 11, 15, 10, 15, 10, 11, 16, 8, 7, 10, 7, 8, 7, 6, 7, 9, 4, 6, 2, 3, 2, 2, 2, 7, 4, 5, 3, 0, 1, 3, 5, 0, 3, 1, 3, 3, 2, 0, 0, 1, 1, 1, 2, 0, 2, 1, 0, 1, 1, 0, 1, 0, 0 ], "numtriesdist": [  ], "numfailedcas": 0}
