{"epoch_loss": [ 2.30272, 2.30272, 2.30272, 2.30272, 2.30271, 2.30271, 2.3027, 2.3027, 2.30269, 2.30265, 2.30255, 2.30204, 2.27956, 2.14522, 2.08184, 2.01922, 1.96292, 1.89677, 1.84762, 1.79669, 1.73137, 1.71241, 1.67898, 1.66094, 1.63455, 1.60977, 1.5902, 1.57171, 1.55391, 1.52458, 1.49655, 1.48536, 1.46077, 1.43358, 1.41103, 1.40229, 1.36286, 1.3213, 1.32712, 1.32101, 1.29182, 1.31985, 1.28647, 1.28682, 1.28714, 1.25759, 1.26787, 1.25514, 1.21846, 1.21642, 1.20318, 1.19516, 1.1818, 1.15646, 1.16144, 1.14443, 1.0669, 1.08376, 1.09707, 1.08363, 1.08605, 1.07151, 1.09418, 1.08214, 1.07421, 1.07184, 1.10114, 1.08137, 1.0915, 0.999062, 0.998636, 1.01711, 0.984512, 1.00825, 0.98862, 0.977517, 0.960643, 0.903405, 0.872465, 0.894089, 0.912556, 0.940328, 0.939384, 0.937436, 0.944559, 0.915983, 0.935306, 0.950812, 0.928271, 0.962676, 0.930005, 0.812482, 0.789511, 0.840153, 0.810917, 0.814629, 0.799914, 0.784815, 0.719622, 0.702335, 0.751449, 0.752445, 0.778353, 0.816157, 0.786277, 0.787553, 0.853856, 0.807642, 0.855686, 0.828433, 0.80234, 0.787984, 0.818527, 0.771038, 0.774856, 0.780343, 0.782825, 0.776181, 0.692662, 0.618007, 0.678214, 0.698439, 0.748015, 0.779973, 0.74638, 0.729001, 0.772684, 0.752065, 0.80967, 0.786953, 0.807658, 0.788825, 0.534245, 0.51728, 0.591656, 0.608579, 0.635287, 0.650331, 0.539998, 0.476091, 0.511093, 0.605151, 0.653, 0.622732, 0.704011, 0.682892, 0.691262, 0.689181, 0.697133, 0.606076, 0.431605, 0.414794, 0.439151, 0.520602, 0.504598, 0.498377, 0.521778, 0.504837, 0.547245, 0.507409, 0.526381, 0.540619, 0.541579, 0.490483, 0.523625, 0.496151, 0.480312, 0.514256, 0.526945, 0.518725, 0.530788, 0.502688, 0.485467, 0.48793, 0.558332, 0.470459, 0.438732, 0.50969, 0.494663, 0.531294, 0.544557, 0.489911, 0.419118, 0.524758, 0.522946, 0.502591, 0.481708, 0.430916, 0.452142, 0.48072, 0.498507, 0.525588, 0.474448, 0.496079, 0.469786, 0.417841, 0.417738, 0.533987, 0.473316, 0.489224 ], "epoch_time": [ 1, 2, 3, 5, 6, 7, 9, 10, 11, 13, 14, 15, 16, 17, 18, 19, 20, 21, 22, 23, 24, 25, 26, 27, 28, 29, 30, 31, 32, 33, 34, 34, 35, 36, 37, 38, 39, 40, 41, 42, 42, 43, 44, 45, 46, 47, 48, 49, 49, 50, 51, 52, 53, 53, 54, 55, 56, 57, 58, 59, 60, 61, 61, 62, 63, 64, 65, 66, 66, 67, 68, 69, 70, 71, 71, 72, 73, 74, 75, 76, 77, 78, 78, 79, 80, 81, 82, 83, 84, 84, 85, 86, 87, 88, 88, 89, 90, 91, 92, 93, 94, 95, 95, 96, 97, 98, 99, 100, 101, 102, 103, 103, 104, 105, 106, 107, 107, 108, 109, 110, 111, 112, 113, 113, 114, 115, 116, 117, 118, 119, 120, 121, 121, 122, 123, 124, 125, 125, 126, 127, 128, 129, 130, 131, 132, 133, 134, 135, 136, 137, 138, 139, 140, 141, 142, 143, 144, 145, 146, 147, 148, 149, 150, 151, 152, 153, 154, 155, 156, 157, 158, 159, 160, 161, 162, 163, 164, 165, 166, 167, 168, 169, 170, 171, 172, 173, 174, 175, 176, 177, 178, 179, 180, 181, 182, 183, 184, 185, 186, 187 ], "staleness_dist": [ 397, 348, 248, 208, 222, 217, 204, 204, 201, 193, 190, 188, 193, 193, 212, 209, 205, 206, 211, 254, 1218, 1270, 1451, 1425, 1520, 1417, 1544, 2982, 17159, 4698, 5122, 4256, 14814, 150826, 9013, 11460, 21897, 8775, 9060, 12831, 35711, 35502, 23079, 28260, 20440, 15695, 21924, 29864, 28497, 18156, 14807, 9197, 9415, 9421, 9072, 8016, 5424, 3275, 2111, 1128, 917, 758, 710, 696, 673, 616, 606, 559, 522, 436, 351, 267, 218, 157, 135, 89, 76, 75, 57, 54, 60, 42, 48, 49, 39, 47, 37, 27, 27, 26, 26, 16, 22, 17, 20, 14, 11, 16, 22, 14, 16, 10, 15, 7, 12, 14, 4, 3, 3, 1, 4, 9, 4, 5, 2, 3, 3, 0, 3, 4, 3, 1, 7, 3, 2, 1, 4, 3, 3, 2, 3, 3, 4, 1, 1, 2, 3, 0, 0, 4, 1, 1, 0, 1, 0, 1, 0, 2, 1, 0, 3, 1, 0, 0, 0, 0, 0, 0, 2, 0, 0, 0, 0, 1, 0, 0, 1, 2, 0, 0, 0, 0, 0, 0, 1, 0, 0, 0, 0, 0, 1, 0, 0, 0, 0, 0, 2, 1, 1, 0, 0, 0, 0, 0, 0, 0, 0, 1, 0, 1 ], "numtriesdist": [  ], "numfailedcas": 0}
