{"epoch_loss": [ 2.30272, 2.30271, 2.30272, 2.30272, 2.30272, 2.30271, 2.30271, 2.3027, 2.30268, 2.30265, 2.30255, 2.30204, 2.27844, 2.13545, 2.06933, 1.99497, 1.93901, 1.87848, 1.81223, 1.77624, 1.7371, 1.70082, 1.63741, 1.60173, 1.58076, 1.56439, 1.54252, 1.51711, 1.50297, 1.49577, 1.47228, 1.45448, 1.42765, 1.40858, 1.38427, 1.37101, 1.36223, 1.33776, 1.27783, 1.28816, 1.27935, 1.2734, 1.27196, 1.25477, 1.25704, 1.2239, 1.2141, 1.18879, 1.19614, 1.18626, 1.15879, 1.11903, 1.09749, 1.11109, 1.10097, 1.10724, 1.09843, 1.10442, 1.09813, 1.08426, 1.09855, 1.05827, 1.06246, 1.03032, 1.0381, 1.03381, 0.970698, 0.974697, 0.985393, 1.00116, 1.00203, 1.00728, 0.97968, 0.934369, 0.934202, 0.95429, 0.956805, 0.943835, 0.914847, 0.888285, 0.887376, 0.872385, 0.89807, 0.9047, 0.874817, 0.89526, 0.871161, 0.874288, 0.869786, 0.871221, 0.858127, 0.849251, 0.847746, 0.765332, 0.795182, 0.847409, 0.824827, 0.821689, 0.795997, 0.749703, 0.788661, 0.798152, 0.788925, 0.765064, 0.772997, 0.70327, 0.708572, 0.782796, 0.758339, 0.763905, 0.706178, 0.648787, 0.708631, 0.69536, 0.703913, 0.705449, 0.689135, 0.63305, 0.677338, 0.696733, 0.63764, 0.641065, 0.661705, 0.659043, 0.658171, 0.649552, 0.598601, 0.601794, 0.677751, 0.653745, 0.709331, 0.662146, 0.666427, 0.665911, 0.636668, 0.623125, 0.565096, 0.615407, 0.641232, 0.668344, 0.586385, 0.590233, 0.620601, 0.642227, 0.646046, 0.562863, 0.513277, 0.595894, 0.657789, 0.611828, 0.609125, 0.609686, 0.591018, 0.605625, 0.587173, 0.542137, 0.572135, 0.588883, 0.62789, 0.471443, 0.507182, 0.525047, 0.561491, 0.566045, 0.47333, 0.455721, 0.528193, 0.643608, 0.462641, 0.494776, 0.533958, 0.487686, 0.500023, 0.428924, 0.435911, 0.526455, 0.511311, 0.430478, 0.499393, 0.435935, 0.41501, 0.430485, 0.53508, 0.53561, 0.486318, 0.488352, 0.546509, 0.510272, 0.473866, 0.354541, 0.500306, 0.487142, 0.491114, 0.468341, 0.412608, 0.430749, 0.389975, 0.498993, 0.372532, 0.399204 ], "epoch_time": [ 3, 5, 8, 10, 12, 15, 18, 20, 22, 25, 27, 29, 33, 35, 38, 40, 43, 45, 47, 49, 51, 53, 56, 58, 61, 63, 66, 68, 70, 72, 75, 77, 79, 81, 83, 85, 87, 89, 92, 94, 96, 98, 100, 102, 105, 107, 109, 111, 113, 115, 117, 119, 121, 124, 126, 128, 130, 132, 134, 136, 138, 140, 142, 144, 146, 149, 151, 153, 155, 157, 159, 162, 164, 166, 168, 170, 172, 174, 176, 178, 180, 183, 185, 187, 189, 191, 193, 195, 197, 199, 201, 203, 205, 208, 210, 212, 214, 216, 218, 220, 222, 224, 226, 228, 230, 232, 234, 236, 238, 241, 243, 245, 247, 249, 251, 253, 255, 257, 259, 261, 263, 265, 267, 269, 271, 273, 276, 278, 280, 282, 284, 286, 288, 290, 292, 294, 297, 299, 301, 303, 305, 307, 309, 311, 313, 315, 317, 319, 322, 323, 325, 327, 329, 331, 333, 336, 338, 340, 342, 344, 346, 348, 350, 352, 354, 357, 359, 361, 363, 365, 367, 369, 371, 373, 375, 378, 380, 382, 384, 386, 388, 391, 393, 395, 397, 399, 401, 403, 405, 408, 410, 412, 414, 416, 418, 420, 423, 425, 427, 429 ], "staleness_dist": [ 331, 380, 382, 452, 450, 464, 513, 461, 492, 533, 658, 640, 835, 841, 1203, 1202, 1295, 1197, 1270, 1363, 1739, 2473, 3558, 5606, 8317, 11733, 16188, 20224, 24110, 29663, 34487, 38036, 37649, 33997, 28878, 24701, 20739, 17427, 14631, 13687, 13196, 12509, 12052, 11524, 11449, 11712, 12006, 12572, 12681, 13130, 12406, 11851, 10782, 9322, 8117, 6882, 5826, 4928, 4133, 3468, 2996, 2585, 2075, 1813, 1535, 1327, 1165, 960, 893, 821, 712, 597, 487, 436, 372, 351, 290, 241, 242, 194, 185, 155, 144, 124, 115, 101, 75, 66, 56, 59, 56, 48, 44, 37, 34, 29, 32, 21, 21, 23, 8, 15, 6, 14, 8, 15, 9, 2, 7, 5, 4, 2, 3, 4, 5, 2, 3, 1, 1, 1, 1, 4, 1, 1, 0, 0, 1, 0, 0, 3, 0, 1, 1, 0, 0, 0, 0, 1, 0, 0, 0, 0, 1, 1, 0, 0, 1, 0, 0, 0, 0, 0, 0, 0, 0, 0, 0, 0, 0, 0, 0, 0, 0, 0, 0, 0, 0, 0, 0, 0, 0, 0, 0, 0, 0, 0, 0, 0, 0, 0, 0, 0, 0, 0, 0, 0, 0, 0, 0, 0, 0, 0, 0, 0, 0, 0, 0, 0, 0, 0 ], "numtriesdist": [  ], "numfailedcas": 0}
