{"epoch_loss": [ 2.30272, 2.30271, 2.30272, 2.30272, 2.30272, 2.30271, 2.3027, 2.30269, 2.30268, 2.30264, 2.30255, 2.30204, 2.27972, 2.14172, 2.0877, 2.02599, 1.96431, 1.88427, 1.83621, 1.81126, 1.78526, 1.74925, 1.71168, 1.67709, 1.62196, 1.59675, 1.60018, 1.55852, 1.52562, 1.50835, 1.46992, 1.43733, 1.46382, 1.44671, 1.43489, 1.40733, 1.38867, 1.33801, 1.32565, 1.34793, 1.27678, 1.2772, 1.2616, 1.21568, 1.2172, 1.22919, 1.19089, 1.183, 1.16516, 1.10831, 1.16167, 1.11204, 1.1067, 1.09718, 1.03564, 1.08801, 1.01286, 0.993445, 0.973398, 0.987627, 0.938008, 0.918951, 0.924766, 0.893332, 0.877766, 0.881961, 0.851215, 0.856964, 0.817222, 0.805137, 0.789588, 0.784392, 0.773708, 0.757404, 0.75646, 0.748442, 0.750955, 0.76438, 0.719056, 0.736301, 0.731806, 0.68418, 0.673029, 0.660279, 0.666246, 0.685839, 0.670755, 0.641844, 0.653982, 0.619345, 0.605169, 0.612816, 0.598693, 0.593952, 0.619236, 0.618145, 0.614214, 0.561209, 0.556538, 0.554411, 0.595026, 0.616262, 0.650138, 0.646099, 0.533701, 0.53161, 0.564593, 0.50554, 0.491141, 0.498557, 0.493209, 0.533695, 0.482004, 0.473507, 0.499588, 0.501083, 0.462309, 0.488121, 0.528953, 0.574312, 0.482459, 0.436908, 0.454807, 0.549425, 0.44643, 0.422157, 0.41813, 0.49321, 0.423423, 0.443988, 0.457328, 0.449094, 0.558306, 0.431176, 0.474448, 0.390751, 0.373665, 0.42966, 0.472837, 0.394179, 0.403175, 0.410907, 0.374033, 0.372882, 0.37875, 0.362575, 0.388488, 0.394669, 0.410391, 0.409426, 0.478572, 0.396382, 0.408756, 0.505643, 0.342977, 0.323033, 0.420568, 0.371563, 0.322187, 0.377393, 0.529181, 0.335989, 0.4139, 0.301629, 0.304699, 0.320846, 0.402912, 0.429323, 0.399711, 0.333468, 0.303359, 0.29648, 0.316464, 0.3105, 0.400784, 0.371302, 0.342058, 0.489238, 0.497285, 0.321979, 0.265579, 0.254231, 0.271204, 0.323368, 0.390868, 0.379399, 0.403668, 0.33057, 0.310035, 0.450022, 0.423909, 0.375048, 0.258419, 0.477582, 0.59395, 0.281431, 0.224509, 0.24926, 0.227623, 0.216042 ], "epoch_time": [ 3, 6, 8, 12, 14, 16, 19, 23, 25, 27, 29, 32, 35, 37, 39, 41, 43, 45, 48, 50, 52, 54, 56, 58, 61, 63, 65, 67, 69, 71, 74, 76, 78, 80, 82, 85, 87, 89, 91, 94, 96, 98, 100, 102, 105, 107, 109, 111, 113, 116, 119, 121, 123, 125, 128, 131, 133, 136, 139, 143, 145, 149, 153, 156, 160, 164, 167, 172, 179, 189, 198, 204, 212, 222, 230, 237, 243, 247, 253, 257, 264, 273, 286, 305, 314, 320, 328, 335, 347, 364, 383, 391, 408, 420, 428, 434, 443, 458, 472, 489, 498, 504, 508, 515, 528, 534, 551, 563, 582, 597, 612, 628, 645, 661, 673, 690, 703, 716, 722, 730, 744, 759, 775, 786, 805, 819, 838, 849, 871, 879, 892, 903, 911, 920, 937, 956, 972, 982, 992, 1005, 1018, 1030, 1050, 1067, 1089, 1110, 1127, 1142, 1158, 1176, 1186, 1201, 1208, 1224, 1241, 1262, 1271, 1284, 1307, 1318, 1335, 1350, 1363, 1381, 1398, 1411, 1420, 1431, 1448, 1468, 1483, 1497, 1519, 1535, 1546, 1557, 1572, 1579, 1591, 1604, 1626, 1641, 1656, 1668, 1681, 1690, 1703, 1715, 1727, 1738, 1745, 1760, 1769, 1776, 1788, 1812, 1828, 1842, 1859, 1879 ], "staleness_dist": [ 35324, 37565, 47938, 44148, 36980, 36688, 34020, 30401, 29486, 22604, 23100, 13236, 9790, 6334, 5941, 7933, 4981, 7092, 4171, 5274, 2998, 3458, 4547, 6027, 6921, 6240, 6407, 6509, 7235, 8012, 8973, 8846, 8589, 8160, 7467, 6631, 5615, 4840, 4400, 4104, 3824, 3596, 3277, 3226, 3064, 3123, 3066, 3079, 2948, 2849, 2805, 2661, 2345, 2193, 1866, 1671, 1487, 1183, 1066, 862, 801, 640, 555, 502, 423, 342, 329, 277, 233, 209, 191, 170, 115, 102, 118, 98, 73, 71, 71, 77, 33, 56, 32, 32, 31, 27, 21, 18, 20, 15, 16, 13, 12, 10, 8, 9, 7, 4, 10, 3, 3, 5, 3, 5, 3, 2, 5, 3, 2, 1, 3, 3, 0, 0, 1, 1, 0, 1, 2, 1, 0, 0, 1, 1, 2, 0, 0, 0, 0, 1, 1, 0, 0, 0, 0, 0, 0, 0, 0, 0, 0, 0, 0, 0, 0, 0, 0, 0, 0, 0, 0, 0, 0, 0, 0, 0, 0, 0, 0, 0, 0, 0, 0, 0, 0, 0, 0, 0, 0, 0, 0, 0, 0, 0, 0, 0, 0, 0, 0, 0, 0, 0, 0, 0, 0, 0, 0, 0, 0, 0, 0, 0, 0, 0, 0, 0, 0, 0, 0, 0 ], "numtriesdist": [  ], "numfailedcas": 0}
