{"epoch_loss": [ 2.30274, 2.3027, 2.30273, 2.30272, 2.30268, 2.30267, 2.30269, 2.30268, 2.30265, 2.30267, 2.30265, 2.30261, 2.30257, 2.30246, 2.30205, 2.29821, 2.22899, 2.15462, 2.09821, 2.06051, 2.04371, 2.00705, 1.98407, 1.96179, 1.91558, 1.88923, 1.85849, 1.82996, 1.80581, 1.79204, 1.75026, 1.72515, 1.70804, 1.705, 1.66452, 1.6635, 1.63643, 1.63218, 1.6065, 1.60426, 1.58209, 1.59475, 1.56372, 1.55644, 1.55879, 1.51289, 1.51247, 1.50296, 1.51638, 1.46406, 1.46325, 1.44674, 1.41802, 1.42341, 1.42276, 1.41569, 1.38325, 1.37211, 1.38782, 1.35761, 1.36774, 1.36477, 1.33635, 1.32869, 1.31193, 1.28177, 1.32466, 1.29218, 1.28839, 1.26811, 1.26403, 1.25189, 1.24593, 1.26594, 1.21581, 1.23389, 1.20418, 1.18433, 1.16916, 1.19994, 1.20034, 1.20078, 1.18042, 1.17534, 1.13974, 1.1696, 1.13266, 1.15944, 1.11939, 1.09933, 1.09863, 1.0843, 1.10047, 1.09194, 1.12019, 1.06919, 1.07706, 1.0849, 1.05403, 1.06643 ], "epoch_time": [ 1, 1, 2, 2, 3, 3, 3, 4, 4, 5, 5, 5, 6, 6, 7, 7, 7, 8, 8, 9, 9, 9, 10, 10, 11, 11, 11, 12, 12, 13, 13, 13, 14, 14, 15, 15, 15, 16, 16, 17, 17, 17, 18, 18, 18, 19, 19, 20, 20, 20, 21, 21, 22, 22, 22, 23, 23, 23, 24, 24, 25, 25, 25, 26, 26, 27, 27, 27, 28, 28, 29, 29, 29, 30, 30, 30, 31, 31, 32, 32, 32, 33, 33, 34, 34, 34, 35, 35, 35, 36, 36, 37, 37, 37, 38, 38, 38, 39, 39, 40 ], "staleness_dist": [ 1, 1, 1, 1, 1, 1, 1, 1, 1, 1, 1, 1, 1, 1, 1, 2, 1, 2, 3, 1, 2, 6, 2, 1, 2, 1, 1, 1, 0, 0, 0, 0, 1, 0, 1, 2, 3, 2, 1, 1, 1, 0, 1, 3, 5, 1, 4, 1, 2, 2, 2, 2, 2, 4, 8, 8, 16, 23, 29, 37, 53, 80, 91, 150, 183, 267, 320, 429, 541, 728, 1001, 1213, 1514, 1991, 2493, 3134, 3941, 4842, 5952, 7058, 8347, 9645, 11049, 12447, 13820, 14987, 16173, 17145, 17845, 18394, 18478, 18230, 17737, 16855, 15594, 14095, 12219, 10119, 7517, 3863, 19, 9, 8, 8, 8, 8, 7, 4, 9, 4, 5, 3, 5, 4, 3, 5, 7, 6, 5, 6, 11, 7, 13, 18, 19, 20, 27, 24, 35, 43, 41, 61, 66, 58, 53, 49, 68, 64, 65, 81, 76, 73, 69, 60, 67, 62, 49, 55, 43, 29, 35, 34, 27, 26, 17, 17, 15, 14, 4, 5, 4, 4, 2, 4, 1, 1, 0, 0, 1, 1, 0, 1, 0, 3, 0, 2, 0, 0, 1, 0, 0, 0, 0, 0, 0, 0, 0, 0, 0, 0, 0, 0, 0, 0, 0, 0, 0, 0, 0, 0 ], "numtriesdist": [  ], "numfailedcas": 0}
