{"epoch_loss": [ 2.30272, 2.30271, 2.30271, 2.30272, 2.30271, 2.30271, 2.30271, 2.3027, 2.30269, 2.30266, 2.30255, 2.30205, 2.28039, 2.14352, 2.07268, 1.99365, 1.93779, 1.86054, 1.81969, 1.7758, 1.74203, 1.70687, 1.67815, 1.65428, 1.60765, 1.59609, 1.56096, 1.5379, 1.51079, 1.49603, 1.43788, 1.42213, 1.42738, 1.41005, 1.39039, 1.38227, 1.37161, 1.35613, 1.36581, 1.3511, 1.33407, 1.31086, 1.28979, 1.29075, 1.26661, 1.24241, 1.22815, 1.22495, 1.1669, 1.15986, 1.15548, 1.15699, 1.15214, 1.15372, 1.1495, 1.14073, 1.11895, 1.13481, 1.10574, 1.10871, 1.10822, 1.08266, 1.09752, 1.07718, 1.06348, 1.04966, 1.05398, 1.03861, 1.02764, 0.969571, 0.956908, 0.949275, 0.969331, 0.971928, 0.969207, 0.960107, 0.9685, 0.969632, 1.01005, 0.972358, 0.933008, 0.955961, 0.959188, 0.921623, 0.943017, 0.949931, 0.914027, 0.960416, 0.887165, 0.898862, 0.912513, 0.832428, 0.807359, 0.857838, 0.866582, 0.829934, 0.847108, 0.86841, 0.890897, 0.887429, 0.818209, 0.827856, 0.813609, 0.858327, 0.851443, 0.829251, 0.814135, 0.823754, 0.80639, 0.732573, 0.708923, 0.763643, 0.784158, 0.747397, 0.794674, 0.79876, 0.773775, 0.784814, 0.786944, 0.814549, 0.794413, 0.73504, 0.785868, 0.761963, 0.753808, 0.758983, 0.746069, 0.675407, 0.649598, 0.740382, 0.710188, 0.710521, 0.774534, 0.696844, 0.732686, 0.72937, 0.695621, 0.657905, 0.705621, 0.684427, 0.66752, 0.671843, 0.648591, 0.657407, 0.59621, 0.620503, 0.646317, 0.668061, 0.654128, 0.711391, 0.683142, 0.701121, 0.69744, 0.671292, 0.545235, 0.593013, 0.578265, 0.654111, 0.61815, 0.664834, 0.659481, 0.520561, 0.497578, 0.520466, 0.586525, 0.640666, 0.636062, 0.678873, 0.625218, 0.632809, 0.467228, 0.43457, 0.50558, 0.54168, 0.546435, 0.560713, 0.586192, 0.40834, 0.418283, 0.500874, 0.600494, 0.573561, 0.554853, 0.62182, 0.616852, 0.637355, 0.568234, 0.596804, 0.620925, 0.555887, 0.543658, 0.398023, 0.413999, 0.541252, 0.643, 0.634817, 0.664345, 0.568519, 0.361952, 0.371275 ], "epoch_time": [ 3, 5, 7, 10, 12, 15, 17, 20, 22, 24, 26, 28, 31, 33, 35, 38, 40, 43, 45, 47, 50, 52, 54, 56, 58, 60, 62, 64, 66, 68, 71, 73, 75, 77, 80, 82, 84, 86, 88, 90, 92, 95, 97, 99, 101, 103, 105, 107, 109, 111, 113, 115, 118, 120, 122, 124, 126, 128, 130, 132, 134, 137, 139, 141, 143, 145, 147, 149, 151, 153, 155, 157, 160, 162, 164, 166, 168, 170, 172, 174, 176, 179, 181, 183, 185, 187, 189, 191, 193, 195, 197, 200, 202, 204, 206, 208, 210, 212, 214, 217, 219, 221, 223, 225, 227, 229, 231, 234, 236, 238, 240, 242, 244, 247, 249, 251, 253, 256, 258, 260, 262, 264, 266, 268, 270, 273, 275, 277, 279, 282, 284, 286, 288, 290, 292, 294, 296, 299, 301, 303, 305, 307, 309, 311, 313, 315, 318, 320, 322, 324, 326, 328, 330, 332, 334, 336, 338, 340, 342, 344, 346, 349, 351, 353, 355, 357, 359, 362, 364, 366, 368, 370, 372, 374, 376, 378, 380, 382, 384, 386, 388, 390, 393, 395, 397, 399, 401, 403, 405, 407, 409, 411, 413, 415, 417, 419, 421, 423, 425, 428 ], "staleness_dist": [ 298, 308, 341, 332, 333, 436, 434, 444, 464, 481, 476, 456, 552, 570, 591, 583, 716, 698, 731, 902, 1167, 1486, 2335, 3419, 4914, 6460, 8304, 9871, 11685, 13119, 13567, 13894, 14395, 15662, 16742, 18023, 18576, 19247, 20316, 20614, 20056, 17706, 15080, 13310, 12809, 13166, 13659, 14605, 15279, 16014, 16065, 16049, 15320, 14304, 13193, 12049, 10862, 9949, 9271, 8271, 7382, 7061, 6498, 5981, 5610, 5319, 4886, 4355, 4068, 3677, 3344, 3186, 2946, 2714, 2639, 2353, 2234, 1974, 1835, 1726, 1635, 1542, 1401, 1312, 1181, 1142, 1017, 995, 908, 849, 815, 739, 681, 666, 563, 567, 506, 500, 435, 417, 434, 365, 357, 290, 280, 264, 254, 294, 269, 216, 197, 188, 183, 165, 145, 158, 121, 135, 125, 125, 121, 108, 104, 101, 91, 73, 84, 64, 74, 51, 58, 49, 53, 55, 47, 39, 36, 41, 26, 37, 32, 29, 26, 30, 27, 16, 19, 20, 20, 16, 19, 17, 15, 16, 7, 13, 13, 10, 9, 6, 7, 11, 8, 8, 8, 4, 8, 8, 0, 7, 3, 7, 5, 4, 5, 2, 2, 5, 4, 2, 2, 3, 4, 0, 2, 0, 3, 1, 3, 4, 0, 0, 0, 0, 1, 0, 1, 2, 1, 0 ], "numtriesdist": [  ], "numfailedcas": 0}
